     0	   255 : 0
   252	   259 : 0
   256	   267 : 0
   264	   283 : 0
   280	   287 : 0
   284	   307 : 0
   304	   315 : 0
   312	   323 : 0
   320	   327 : 0
   324	   335 : 0
   332	   339 : 0
   336	   351 : 0
   348	   355 : 0
   352	   383 : 0
   380	   391 : 0
   388	   415 : 0
   412	   423 : 0
   420	   427 : 0
   424	   431 : 0
   428	   459 : 0
   456	   463 : 0
   460	   471 : 0
   468	   475 : 0
   472	   495 : 0
   492	   499 : 0
   496	   519 : 0
   516	   523 : 0
   520	   539 : 0
   536	   543 : 0
   540	   567 : 0
   564	   571 : 0
   568	   579 : 0
   576	   583 : 0
   580	   591 : 0
   588	   599 : 0
   596	   643 : 0
   640	   651 : 0
   648	   655 : 0
   652	   663 : 0
   660	   675 : 0
   672	   679 : 0
   676	   687 : 0
   684	   699 : 0
   696	   767 : 0
   764	   771 : 0
   768	   795 : 0
   792	   799 : 0
   796	   811 : 0
   808	   819 : 0
   816	   823 : 0
   820	   827 : 0
   824	   835 : 0
   832	   839 : 0
   836	   847 : 0
   844	   851 : 0
   848	   887 : 0
   884	   891 : 0
   888	   903 : 0
   900	   907 : 0
   904	   915 : 0
   912	   919 : 0
   916	   943 : 0
   940	   947 : 0
   944	   951 : 0
   948	   955 : 0
   952	   963 : 0
   960	   971 : 0
   968	   995 : 0
   992	   999 : 0
   996	  1007 : 0
  1004	  1015 : 0
  1012	  1023 : 0
  1020	  1027 : 0
  1024	  1047 : 0
  1044	  1051 : 0
  1048	  1091 : 0
  1088	  1095 : 0
  1092	  1103 : 0
  1100	  1107 : 0
  1104	  1111 : 0
  1108	  1131 : 0
  1128	  1159 : 0
  1156	  1163 : 0
  1160	  1167 : 0
  1164	  1175 : 0
  1172	  1223 : 0
  1220	  1227 : 0
  1224	  1235 : 0
  1232	  1239 : 0
  1236	  1275 : 0
  1272	  1279 : 0
  1276	  1303 : 0
  1300	  1307 : 0
  1304	  1339 : 0
  1336	  1347 : 0
  1344	  1355 : 0
  1352	  1363 : 0
  1360	  1383 : 0
  1380	  1387 : 0
  1384	  1423 : 0
  1420	  1427 : 0
  1424	  1459 : 0
  1456	  1467 : 0
  1464	  1523 : 0
  1520	  1527 : 0
  1524	  1543 : 0
  1540	  1547 : 0
  1544	  1571 : 0
  1568	  1575 : 0
  1572	  1583 : 0
  1580	  1595 : 0
  1592	  1615 : 0
  1612	  1619 : 0
  1616	  1667 : 0
  1664	  1671 : 0
  1668	  1703 : 0
  1700	  1711 : 0
  1708	  1723 : 0
  1720	  1727 : 0
  1724	  1731 : 0
  1728	  1739 : 0
  1736	  1775 : 0
  1772	  1783 : 0
  1780	  1815 : 0
  1812	  1819 : 0
  1816	  1827 : 0
  1824	  1831 : 0
  1828	  1843 : 0
  1840	  1847 : 0
  1844	  1871 : 0
  1868	  1875 : 0
  1872	  1883 : 0
  1880	  1887 : 0
  1884	  1903 : 0
  1900	  1907 : 0
  1904	  1931 : 0
  1928	  1935 : 0
  1932	  1943 : 0
  1940	  1955 : 0
  1952	  1963 : 0
  1960	  1967 : 0
  1964	  1979 : 0
  1976	  1983 : 0
  1980	  1987 : 0
  1984	  1995 : 0
  1992	  2007 : 0
  2004	  2011 : 0
  2008	  2015 : 0
  2012	  2019 : 0
  2016	  2055 : 0
  2052	  2059 : 0
  2056	  2067 : 0
  2064	  2071 : 0
  2068	  2087 : 0
  2084	  2095 : 0
  2092	  2099 : 0
  2096	  2103 : 0
  2100	  2111 : 0
  2108	  2115 : 0
  2112	  2163 : 0
  2160	  2167 : 0
  2164	  2179 : 0
  2176	  2183 : 0
  2180	  2191 : 0
  2188	  2195 : 0
  2192	  2203 : 0
  2200	  2211 : 0
  2208	  2215 : 0
  2212	  2219 : 0
  2216	  2239 : 0
  2236	  2247 : 0
  2244	  2283 : 0
  2280	  2287 : 0
  2284	  2291 : 0
  2288	  2295 : 0
  2292	  2327 : 0
  2324	  2331 : 0
  2328	  2399 : 0
  2396	  2415 : 0
  2412	  2443 : 0
  2440	  2447 : 0
  2444	  2479 : 0
  2476	  2483 : 0
  2480	  2495 : 0
  2492	  2503 : 0
  2500	  2511 : 0
  2508	  2515 : 0
  2512	  2523 : 0
  2520	  2527 : 0
  2524	  2591 : 0
  2588	  2603 : 0
  2600	  2647 : 0
  2644	  2651 : 0
  2648	  2659 : 0
  2656	  2667 : 0
  2664	  2691 : 0
  2688	  2695 : 0
  2692	  2715 : 0
  2712	  2719 : 0
  2716	  2747 : 0
  2744	  2751 : 0
  2748	  2767 : 0
  2764	  2771 : 0
  2768	  2795 : 0
  2792	  2807 : 0
  2804	  2835 : 0
  2832	  2839 : 0
  2836	  2879 : 0
  2876	  2891 : 0
  2888	  2907 : 0
  2904	  2911 : 0
  2908	  2955 : 0
  2952	  2959 : 0
  2956	  2983 : 0
  2980	  2987 : 0
  2984	  3063 : 0
  3060	  3067 : 0
  3064	  3071 : 0
  3068	  3075 : 0
  3072	  3127 : 0
  3124	  3131 : 0
  3128	  3179 : 0
  3176	  3187 : 0
  3184	  3223 : 0
  3220	  3227 : 0
  3224	  3235 : 0
  3232	  3239 : 0
  3236	  3275 : 0
  3272	  3283 : 0
  3280	  3295 : 0
  3292	  3299 : 0
  3296	  3355 : 0
  3352	  3359 : 0
  3356	  3415 : 0
  3412	  3423 : 0
  3420	  3427 : 0
  3424	  3435 : 0
  3432	  3459 : 0
  3456	  3463 : 0
  3460	  3507 : 0
  3504	  3511 : 0
  3508	  3539 : 0
  3536	  3543 : 0
  3540	  3587 : 0
  3584	  3591 : 0
  3588	  3611 : 0
  3608	  3615 : 0
  3612	  3663 : 0
  3660	  3667 : 0
  3664	  3671 : 0
  3668	  3675 : 0
  3672	  3695 : 0
  3692	  3707 : 0
  3704	  3731 : 0
  3728	  3735 : 0
  3732	  3811 : 0
  3808	  3815 : 0
  3812	  3819 : 0
  3816	  3835 : 0
  3832	  3851 : 0
  3848	  3855 : 0
  3852	  3887 : 0
  3884	  3891 : 0
  3888	  3899 : 0
  3896	  3903 : 0
  3900	  3919 : 0
  3916	  3923 : 0
  3920	  3931 : 0
  3928	  3935 : 0
  3932	  3939 : 0
  3936	  3943 : 0
  3940	  3951 : 0
  3948	  3955 : 0
  3952	  3971 : 0
  3968	  3975 : 0
  3972	  4007 : 0
  4004	  4019 : 0
  4016	  4051 : 0
  4048	  4055 : 0
  4052	  4059 : 0
  4056	  4063 : 0
  4060	  4123 : 0
  4120	  4127 : 0
  4124	  4163 : 0
  4160	  4167 : 0
  4164	  4199 : 0
  4196	  4203 : 0
  4200	  4207 : 0
  4204	  4211 : 0
  4208	  4279 : 0
  4276	  4291 : 0
  4288	  4331 : 0
  4328	  4335 : 0
  4332	  4339 : 0
  4336	  4343 : 0
  4340	  4355 : 0
  4352	  4363 : 0
  4360	  4399 : 0
  4396	  4419 : 0
  4416	  4435 : 0
  4432	  4439 : 0
  4436	  4483 : 0
  4480	  4487 : 0
  4484	  4515 : 0
  4512	  4531 : 0
  4528	  4563 : 0
  4560	  4567 : 0
  4564	  4591 : 0
  4588	  4599 : 0
  4596	  4603 : 0
  4600	  4607 : 0
  4604	  4643 : 0
  4640	  4647 : 0
  4644	  4679 : 0
  4676	  4683 : 0
  4680	  4707 : 0
  4704	  4715 : 0
  4712	  4719 : 0
  4716	  4727 : 0
  4724	  4751 : 0
  4748	  4771 : 0
  4768	  4823 : 0
  4820	  4827 : 0
  4824	  4871 : 0
  4868	  4875 : 0
  4872	  4887 : 0
  4884	  4891 : 0
  4888	  4923 : 0
  4920	  4927 : 0
  4924	  4939 : 0
  4936	  4947 : 0
  4944	  4979 : 0
  4976	  4983 : 0
  4980	  4991 : 0
  4988	  4995 : 0
  4992	  4999 : 0
  4996	  5007 : 0
  5004	  5023 : 0
  5020	  5031 : 0
  5028	  5063 : 0
  5060	  5075 : 0
  5072	  5099 : 0
  5096	  5103 : 0
  5100	  5107 : 0
  5104	  5111 : 0
  5108	  5163 : 0
  5160	  5167 : 0
  5164	  5175 : 0
  5172	  5183 : 0
  5180	  5223 : 0
  5220	  5227 : 0
  5224	  5271 : 0
  5268	  5275 : 0
  5272	  5307 : 0
  5304	  5311 : 0
  5308	  5335 : 0
  5332	  5351 : 0
  5348	  5391 : 0
  5388	  5395 : 0
  5392	  5399 : 0
  5396	  5403 : 0
  5400	  5455 : 0
  5452	  5475 : 0
  5472	  5495 : 0
  5492	  5499 : 0
  5496	  5511 : 0
  5508	  5515 : 0
  5512	  5535 : 0
  5532	  5539 : 0
  5536	  5567 : 0
  5564	  5571 : 0
  5568	  5579 : 0
  5576	  5587 : 0
  5584	  5591 : 0
  5588	  5595 : 0
  5592	  5599 : 0
  5596	  5603 : 0
  5600	  5655 : 0
  5652	  5663 : 0
  5660	  5687 : 0
  5684	  5695 : 0
  5692	  5699 : 0
  5696	  5703 : 0
  5700	  5743 : 0
  5740	  5747 : 0
  5744	  5779 : 0
  5776	  5783 : 0
  5780	  5807 : 0
  5804	  5811 : 0
  5808	  5815 : 0
  5812	  5823 : 0
  5820	  5851 : 0
  5848	  5855 : 0
  5852	  5859 : 0
  5856	  5867 : 0
  5864	  5899 : 0
  5896	  5903 : 0
  5900	  5927 : 0
  5924	  5943 : 0
  5940	  6003 : 0
  6000	  6011 : 0
  6008	  6043 : 0
  6040	  6051 : 0
  6048	  6055 : 0
  6052	  6063 : 0
  6060	  6087 : 0
  6084	  6091 : 0
  6088	  6123 : 0
  6120	  6127 : 0
  6124	  6135 : 0
  6132	  6139 : 0
  6136	  6163 : 0
  6160	  6171 : 0
  6168	  6179 : 0
  6176	  6183 : 0
  6180	  6235 : 0
  6232	  6239 : 0
  6236	  6267 : 0
  6264	  6271 : 0
  6268	  6287 : 0
  6284	  6295 : 0
  6292	  6403 : 0
  6400	  6411 : 0
  6408	  6491 : 0
  6488	  6495 : 0
  6492	  6515 : 0
  6512	  6523 : 0
  6520	  6527 : 0
  6524	  6531 : 0
  6528	  6559 : 0
  6556	  6567 : 0
  6564	  6575 : 0
  6572	  6579 : 0
  6576	  6591 : 0
  6588	  6599 : 0
  6596	  6631 : 0
  6628	  6643 : 0
  6640	  6707 : 0
  6704	  6719 : 0
  6716	  6723 : 0
  6720	  6727 : 0
  6724	  6755 : 0
  6752	  6759 : 0
  6756	  6763 : 0
  6760	  6767 : 0
  6764	  6795 : 0
  6792	  6799 : 0
  6796	  6811 : 0
  6808	  6815 : 0
  6812	  6823 : 0
  6820	  6835 : 0
  6832	  6883 : 0
  6880	  6887 : 0
  6884	  6895 : 0
  6892	  6899 : 0
  6896	  6955 : 0
  6952	  6959 : 0
  6956	  6975 : 0
  6972	  6983 : 0
  6980	  6995 : 0
  6992	  6999 : 0
  6996	  7027 : 0
  7024	  7039 : 0
  7036	  7071 : 0
  7068	  7079 : 0
  7076	  7151 : 0
  7148	  7159 : 0
  7156	  7227 : 0
  7224	  7235 : 0
  7232	  7275 : 0
  7272	  7279 : 0
  7276	  7303 : 0
  7300	  7315 : 0
  7312	  7339 : 0
  7336	  7343 : 0
  7340	  7347 : 0
  7344	  7359 : 0
  7356	  7363 : 0
  7360	  7367 : 0
  7364	  7375 : 0
  7372	  7387 : 0
  7384	  7391 : 0
  7388	  7399 : 0
  7396	  7415 : 0
  7412	  7427 : 0
  7424	  7435 : 0
  7432	  7439 : 0
  7436	  7467 : 0
  7464	  7475 : 0
  7472	  7507 : 0
  7504	  7511 : 0
  7508	  7535 : 0
  7532	  7547 : 0
  7544	  7571 : 0
  7568	  7591 : 0
  7588	  7623 : 0
  7620	  7627 : 0
  7624	  7655 : 0
  7652	  7659 : 0
  7656	  7663 : 0
  7660	  7667 : 0
  7664	  7687 : 0
  7684	  7691 : 0
  7688	  7731 : 0
  7728	  7739 : 0
  7736	  7779 : 0
  7776	  7783 : 0
  7780	  7803 : 0
  7800	  7807 : 0
  7804	  7823 : 0
  7820	  7827 : 0
  7824	  7851 : 0
  7848	  7855 : 0
  7852	  7867 : 0
  7864	  7871 : 0
  7868	  7891 : 0
  7888	  7895 : 0
  7892	  7927 : 0
  7924	  7947 : 0
  7944	  8007 : 0
  8004	  8019 : 0
  8016	  8039 : 0
  8036	  8043 : 0
  8040	  8047 : 0
  8044	  8055 : 0
  8052	  8063 : 0
  8060	  8067 : 0
  8064	  8075 : 0
  8072	  8079 : 0
  8076	  8119 : 0
  8116	  8127 : 0
  8124	  8143 : 0
  8140	  8147 : 0
  8144	  8167 : 0
  8164	  8171 : 0
  8168	  8191 : 0
  8188	  8195 : 0
  8192	  8215 : 0
  8212	  8219 : 0
  8216	  8223 : 0
  8220	  8227 : 0
  8224	  8239 : 0
  8236	  8243 : 0
  8240	  8279 : 0
  8276	  8283 : 0
  8280	  8291 : 0
  8288	  8295 : 0
  8292	  8307 : 0
  8304	  8311 : 0
  8308	  8315 : 0
  8312	  8319 : 0
  8316	  8359 : 0
  8356	  8375 : 0
  8372	  8411 : 0
  8408	  8415 : 0
  8412	  8435 : 0
  8432	  8439 : 0
  8436	  8515 : 0
  8512	  8519 : 0
  8516	  8527 : 0
  8524	  8531 : 0
  8528	  8575 : 0
  8572	  8579 : 0
  8576	  8583 : 0
  8580	  8595 : 0
  8592	  8627 : 0
  8624	  8647 : 0
  8644	  8715 : 0
  8712	  8719 : 0
  8716	  8743 : 0
  8740	  8747 : 0
  8744	  8755 : 0
  8752	  8767 : 0
  8764	  8787 : 0
  8784	  8791 : 0
  8788	  8795 : 0
  8792	  8799 : 0
  8796	  8823 : 0
  8820	  8843 : 0
  8840	  8867 : 0
  8864	  8871 : 0
  8868	  8875 : 0
  8872	  8879 : 0
  8876	  8903 : 0
  8900	  8907 : 0
  8904	  8939 : 0
  8936	  8947 : 0
  8944	  8955 : 0
  8952	  8959 : 0
  8956	  8991 : 0
  8988	  8999 : 0
  8996	  9063 : 0
  9060	  9071 : 0
  9068	  9103 : 0
  9100	  9107 : 0
  9104	  9115 : 0
  9112	  9119 : 0
  9116	  9151 : 0
  9148	  9159 : 0
  9156	  9175 : 0
  9172	  9179 : 0
  9176	  9191 : 0
  9188	  9195 : 0
  9192	  9219 : 0
  9216	  9227 : 0
  9224	  9231 : 0
  9228	  9239 : 0
  9236	  9255 : 0
  9252	  9259 : 0
  9256	  9295 : 0
  9292	  9303 : 0
  9300	  9331 : 0
  9328	  9335 : 0
  9332	  9339 : 0
  9336	  9343 : 0
  9340	  9347 : 0
  9344	  9351 : 0
  9348	  9355 : 0
  9352	  9359 : 0
  9356	  9375 : 0
  9372	  9379 : 0
  9376	  9383 : 0
  9380	  9399 : 0
  9396	  9415 : 0
  9412	  9419 : 0
  9416	  9451 : 0
  9448	  9455 : 0
  9452	  9463 : 0
  9460	  9467 : 0
  9464	  9503 : 0
  9500	  9507 : 0
  9504	  9515 : 0
  9512	  9519 : 0
  9516	  9535 : 0
  9532	  9539 : 0
  9536	  9543 : 0
  9540	  9547 : 0
  9544	  9571 : 0
  9568	  9575 : 0
  9572	  9583 : 0
  9580	  9587 : 0
  9584	  9595 : 0
  9592	  9599 : 0
  9596	  9611 : 0
  9608	  9619 : 0
  9616	  9623 : 0
  9620	  9627 : 0
  9624	  9651 : 0
  9648	  9655 : 0
  9652	  9659 : 0
  9656	  9663 : 0
  9660	  9699 : 0
  9696	  9711 : 0
  9708	  9739 : 0
  9736	  9747 : 0
  9744	  9755 : 0
  9752	  9759 : 0
  9756	  9763 : 0
  9760	  9779 : 0
  9776	  9803 : 0
  9800	  9827 : 0
  9824	  9835 : 0
  9832	  9839 : 0
  9836	  9855 : 0
  9852	  9859 : 0
  9856	  9883 : 0
  9880	  9891 : 0
  9888	  9919 : 0
  9916	  9931 : 0
  9928	  9935 : 0
  9932	  9939 : 0
  9936	  9959 : 0
  9956	  9967 : 0
  9964	 10003 : 0
 10000	 10011 : 0
 10008	 10051 : 0
 10048	 10055 : 0
 10052	 10075 : 0
 10072	 10079 : 0
 10076	 10083 : 0
 10080	 10087 : 0
 10084	 10155 : 0
 10152	 10171 : 0
 10168	 10203 : 0
 10200	 10215 : 0
 10212	 10231 : 0
 10228	 10239 : 0
 10236	 10243 : 0
 10240	 10247 : 0
 10244	 10275 : 0
 10272	 10279 : 0
 10276	 10287 : 0
 10284	 10291 : 0
 10288	 10315 : 0
 10312	 10319 : 0
 10316	 10347 : 0
 10344	 10359 : 0
 10356	 10363 : 0
 10360	 10367 : 0
 10364	 10383 : 0
 10380	 10387 : 0
 10384	 10391 : 0
 10388	 10399 : 0
 10396	 10403 : 0
 10400	 10407 : 0
 10404	 10415 : 0
 10412	 10419 : 0
 10416	 10463 : 0
 10460	 10471 : 0
 10468	 10507 : 0
 10504	 10515 : 0
 10512	 10519 : 0
 10516	 10523 : 0
 10520	 10551 : 0
 10548	 10563 : 0
 10560	 10583 : 0
 10580	 10595 : 0
 10592	 10615 : 0
 10612	 10635 : 0
 10632	 10647 : 0
 10644	 10651 : 0
 10648	 10663 : 0
 10660	 10667 : 0
 10664	 10671 : 0
 10668	 10679 : 0
 10676	 10739 : 0
 10736	 10747 : 0
 10744	 10751 : 0
 10748	 10755 : 0
 10752	 10787 : 0
 10784	 10799 : 0
 10796	 10815 : 0
 10812	 10831 : 0
 10828	 10859 : 0
 10856	 10879 : 0
 10876	 10899 : 0
 10896	 10903 : 0
 10900	 10935 : 0
 10932	 10947 : 0
 10944	 10975 : 0
 10972	 10983 : 0
 10980	 10987 : 0
 10984	 10995 : 0
 10992	 11015 : 0
 11012	 11031 : 0
 11028	 11047 : 0
 11044	 11067 : 0
 11064	 11091 : 0
 11088	 11107 : 0
 11104	 11115 : 0
 11112	 11119 : 0
 11116	 11131 : 0
 11128	 11139 : 0
 11136	 11167 : 0
 11164	 11175 : 0
 11172	 11207 : 0
 11204	 11211 : 0
 11208	 11251 : 0
 11248	 11259 : 0
 11256	 11267 : 0
 11264	 11271 : 0
 11268	 11275 : 0
 11272	 11279 : 0
 11276	 11283 : 0
 11280	 11287 : 0
 11284	 11327 : 0
 11324	 11347 : 0
 11344	 11375 : 0
 11372	 11379 : 0
 11376	 11407 : 0
 11404	 11415 : 0
 11412	 11419 : 0
 11416	 11423 : 0
 11420	 11435 : 0
 11432	 11451 : 0
 11448	 11455 : 0
 11452	 11459 : 0
 11456	 11487 : 0
 11484	 11491 : 0
 11488	 11515 : 0
 11512	 11519 : 0
 11516	 11523 : 0
 11520	 11531 : 0
 11528	 11639 : 0
 11636	 11651 : 0
 11648	 11655 : 0
 11652	 11659 : 0
 11656	 11671 : 0
 11668	 11695 : 0
 11692	 11751 : 0
 11748	 11759 : 0
 11756	 11795 : 0
 11792	 11799 : 0
 11796	 11807 : 0
 11804	 11811 : 0
 11808	 11843 : 0
 11840	 11847 : 0
 11844	 11867 : 0
 11864	 11875 : 0
 11872	 11887 : 0
 11884	 11891 : 0
 11888	 11907 : 0
 11904	 11935 : 0
 11932	 11951 : 0
 11948	 11963 : 0
 11960	 11987 : 0
 11984	 11999 : 0
 11996	 12027 : 0
 12024	 12039 : 0
 12036	 12075 : 0
 12072	 12079 : 0
 12076	 12107 : 0
 12104	 12111 : 0
 12108	 12123 : 0
 12120	 12127 : 0
 12124	 12175 : 0
 12172	 12179 : 0
 12176	 12183 : 0
 12180	 12187 : 0
 12184	 12195 : 0
 12192	 12199 : 0
 12196	 12203 : 0
 12200	 12207 : 0
 12204	 12215 : 0
 12212	 12223 : 0
 12220	 12259 : 0
 12256	 12275 : 0
 12272	 12283 : 0
 12280	 12287 : 0
 12284	 12299 : 0
 12296	 12303 : 0
 12300	 12315 : 0
 12312	 12319 : 0
 12316	 12331 : 0
 12328	 12339 : 0
 12336	 12371 : 0
 12368	 12391 : 0
 12388	 12415 : 0
 12412	 12419 : 0
 12416	 12423 : 0
 12420	 12427 : 0
 12424	 12431 : 0
 12428	 12435 : 0
 12432	 12455 : 0
 12452	 12459 : 0
 12456	 12495 : 0
 12492	 12499 : 0
 12496	 12543 : 0
 12540	 12547 : 0
 12544	 12567 : 0
 12564	 12583 : 0
 12580	 12607 : 0
 12604	 12619 : 0
 12616	 12623 : 0
 12620	 12627 : 0
 12624	 12651 : 0
 12648	 12667 : 0
 12664	 12683 : 0
 12680	 12695 : 0
 12692	 12723 : 0
 12720	 12739 : 0
 12736	 12743 : 0
 12740	 12747 : 0
 12744	 12767 : 0
 12764	 12771 : 0
 12768	 12803 : 0
 12800	 12811 : 0
 12808	 12835 : 0
 12832	 12855 : 0
 12852	 12891 : 0
 12888	 12895 : 0
 12892	 12903 : 0
 12900	 12907 : 0
 12904	 12915 : 0
 12912	 12931 : 0
 12928	 12959 : 0
 12956	 12971 : 0
 12968	 12975 : 0
 12972	 12979 : 0
 12976	 13007 : 0
 13004	 13015 : 0
 13012	 13019 : 0
 13016	 13023 : 0
 13020	 13043 : 0
 13040	 13051 : 0
 13048	 13063 : 0
 13060	 13067 : 0
 13064	 13075 : 0
 13072	 13083 : 0
 13080	 13087 : 0
 13084	 13091 : 0
 13088	 13115 : 0
 13112	 13119 : 0
 13116	 13123 : 0
 13120	 13131 : 0
 13128	 13151 : 0
 13148	 13159 : 0
 13156	 13191 : 0
 13188	 13211 : 0
 13208	 13215 : 0
 13212	 13219 : 0
 13216	 13267 : 0
 13264	 13275 : 0
 13272	 13303 : 0
 13300	 13311 : 0
 13308	 13319 : 0
 13316	 13323 : 0
 13320	 13355 : 0
 13352	 13363 : 0
 13360	 13379 : 0
 13376	 13395 : 0
 13392	 13423 : 0
 13420	 13451 : 0
 13448	 13475 : 0
 13472	 13479 : 0
 13476	 13503 : 0
 13500	 13507 : 0
 13504	 13543 : 0
 13540	 13559 : 0
 13556	 13563 : 0
 13560	 13567 : 0
 13564	 13583 : 0
 13580	 13591 : 0
 13588	 13615 : 0
 13612	 13623 : 0
 13620	 13655 : 0
 13652	 13667 : 0
 13664	 13675 : 0
 13672	 13679 : 0
 13676	 13683 : 0
 13680	 13687 : 0
 13684	 13695 : 0
 13692	 13699 : 0
 13696	 13703 : 0
 13700	 13707 : 0
 13704	 13715 : 0
 13712	 13719 : 0
 13716	 13731 : 0
 13728	 13747 : 0
 13744	 13775 : 0
 13772	 13783 : 0
 13780	 13787 : 0
 13784	 13791 : 0
 13788	 13815 : 0
 13812	 13835 : 0
 13832	 13847 : 0
 13844	 13863 : 0
 13860	 13891 : 0
 13888	 13895 : 0
 13892	 13903 : 0
 13900	 13911 : 0
 13908	 13935 : 0
 13932	 13943 : 0
 13940	 13963 : 0
 13960	 13979 : 0
 13976	 14003 : 0
 14000	 14019 : 0
 14016	 14031 : 0
 14028	 14035 : 0
 14032	 14051 : 0
 14048	 14055 : 0
 14052	 14079 : 0
 14076	 14095 : 0
 14092	 14127 : 0
 14124	 14131 : 0
 14128	 14155 : 0
 14152	 14159 : 0
 14156	 14171 : 0
 14168	 14175 : 0
 14172	 14195 : 0
 14192	 14207 : 0
 14204	 14239 : 0
 14236	 14247 : 0
 14244	 14251 : 0
 14248	 14259 : 0
 14256	 14263 : 0
 14260	 14267 : 0
 14264	 14311 : 0
 14308	 14315 : 0
 14312	 14351 : 0
 14348	 14367 : 0
 14364	 14399 : 0
 14396	 14411 : 0
 14408	 14427 : 0
 14424	 14443 : 0
 14440	 14467 : 0
 14464	 14487 : 0
 14484	 14523 : 0
 14520	 14527 : 0
 14524	 14547 : 0
 14544	 14555 : 0
 14552	 14635 : 0
 14632	 14643 : 0
 14640	 14663 : 0
 14660	 14679 : 0
 14676	 14683 : 0
 14680	 14687 : 0
 14684	 14715 : 0
 14712	 14719 : 0
 14716	 14755 : 0
 14752	 14759 : 0
 14756	 14763 : 0
 14760	 14767 : 0
 14764	 14783 : 0
 14780	 14791 : 0
 14788	 14819 : 0
 14816	 14835 : 0
 14832	 14875 : 0
 14872	 14879 : 0
 14876	 14903 : 0
 14900	 14907 : 0
 14904	 14939 : 0
 14936	 14951 : 0
 14948	 14955 : 0
 14952	 14959 : 0
 14956	 14975 : 0
 14972	 14979 : 0
 14976	 14983 : 0
 14980	 14995 : 0
 14992	 15011 : 0
 15008	 15031 : 0
 15028	 15063 : 0
 15060	 15067 : 0
 15064	 15075 : 0
 15072	 15079 : 0
 15076	 15099 : 0
 15096	 15103 : 0
 15100	 15107 : 0
 15104	 15111 : 0
 15108	 15131 : 0
 15128	 15135 : 0
 15132	 15139 : 0
 15136	 15143 : 0
 15140	 15167 : 0
 15164	 15175 : 0
 15172	 15211 : 0
 15208	 15227 : 0
 15224	 15243 : 0
 15240	 15259 : 0
 15256	 15263 : 0
 15260	 15267 : 0
 15264	 15283 : 0
 15280	 15287 : 0
 15284	 15291 : 0
 15288	 15299 : 0
 15296	 15359 : 0
 15356	 15375 : 0
 15372	 15395 : 0
 15392	 15399 : 0
 15396	 15407 : 0
 15404	 15415 : 0
 15412	 15443 : 0
 15440	 15455 : 0
 15452	 15463 : 0
 15460	 15467 : 0
 15464	 15475 : 0
 15472	 15479 : 0
 15476	 15527 : 0
 15524	 15535 : 0
 15532	 15579 : 0
 15576	 15583 : 0
 15580	 15647 : 0
 15644	 15651 : 0
 15648	 15675 : 0
 15672	 15683 : 0
 15680	 15687 : 0
 15684	 15691 : 0
 15688	 15723 : 0
 15720	 15727 : 0
 15724	 15751 : 0
 15748	 15759 : 0
 15756	 15775 : 0
 15772	 15779 : 0
 15776	 15803 : 0
 15800	 15807 : 0
 15804	 15875 : 0
 15872	 15879 : 0
 15876	 15915 : 0
 15912	 15919 : 0
 15916	 15979 : 0
 15976	 15991 : 0
 15988	 15995 : 0
 15992	 16003 : 0
 16000	 16023 : 0
 16020	 16027 : 0
 16024	 16031 : 0
 16028	 16039 : 0
 16036	 16055 : 0
 16052	 16059 : 0
 16056	 16099 : 0
 16096	 16119 : 0
 16116	 16155 : 0
 16152	 16159 : 0
 16156	 16171 : 0
 16168	 16175 : 0
 16172	 16211 : 0
 16208	 16227 : 0
 16224	 16255 : 0
 16252	 16259 : 0
 16256	 16343 : 0
 16340	 16347 : 0
 16344	 16355 : 0
 16352	 16359 : 0
 16356	 16379 : 0
 16376	 16383 : 0
 16380	 16387 : 0
 16384	 16391 : 0
 16388	 16407 : 0
 16404	 16411 : 0
 16408	 16447 : 0
 16444	 16451 : 0
 16448	 16459 : 0
 16456	 16463 : 0
 16460	 16487 : 0
 16484	 16491 : 0
 16488	 16495 : 0
 16492	 16507 : 0
 16504	 16523 : 0
 16520	 16535 : 0
 16532	 16563 : 0
 16560	 16583 : 0
 16580	 16611 : 0
 16608	 16623 : 0
 16620	 16643 : 0
 16640	 16655 : 0
 16652	 16691 : 0
 16688	 16695 : 0
 16692	 16715 : 0
 16712	 16719 : 0
 16716	 16731 : 0
 16728	 16735 : 0
 16732	 16795 : 0
 16792	 16803 : 0
 16800	 16847 : 0
 16844	 16851 : 0
 16848	 16911 : 0
 16908	 16919 : 0
 16916	 16927 : 0
 16924	 16931 : 0
 16928	 16935 : 0
 16932	 16939 : 0
 16936	 16955 : 0
 16952	 16959 : 0
 16956	 16991 : 0
 16988	 16999 : 0
 16996	 17007 : 0
 17004	 17011 : 0
 17008	 17023 : 0
 17020	 17027 : 0
 17024	 17035 : 0
 17032	 17043 : 0
 17040	 17071 : 0
 17068	 17075 : 0
 17072	 17079 : 0
 17076	 17083 : 0
 17080	 17103 : 0
 17100	 17107 : 0
 17104	 17143 : 0
 17140	 17147 : 0
 17144	 17151 : 0
 17148	 17159 : 0
 17156	 17163 : 0
 17160	 17167 : 0
 17164	 17187 : 0
 17184	 17191 : 0
 17188	 17195 : 0
 17192	 17199 : 0
 17196	 17219 : 0
 17216	 17235 : 0
 17232	 17259 : 0
 17256	 17271 : 0
 17268	 17295 : 0
 17292	 17299 : 0
 17296	 17303 : 0
 17300	 17307 : 0
 17304	 17311 : 0
 17308	 17319 : 0
 17316	 17335 : 0
 17332	 17339 : 0
 17336	 17351 : 0
 17348	 17355 : 0
 17352	 17379 : 0
 17376	 17383 : 0
 17380	 17391 : 0
 17388	 17403 : 0
 17400	 17415 : 0
 17412	 17419 : 0
 17416	 17435 : 0
 17432	 17439 : 0
 17436	 17451 : 0
 17448	 17459 : 0
 17456	 17491 : 0
 17488	 17495 : 0
 17492	 17499 : 0
 17496	 17507 : 0
 17504	 17531 : 0
 17528	 17539 : 0
 17536	 17583 : 0
 17580	 17587 : 0
 17584	 17603 : 0
 17600	 17611 : 0
 17608	 17615 : 0
 17612	 17619 : 0
 17616	 17623 : 0
 17620	 17627 : 0
 17624	 17655 : 0
 17652	 17663 : 0
 17660	 17683 : 0
 17680	 17691 : 0
 17688	 17703 : 0
 17700	 17707 : 0
 17704	 17715 : 0
 17712	 17719 : 0
 17716	 17727 : 0
 17724	 17739 : 0
 17736	 17743 : 0
 17740	 17747 : 0
 17744	 17755 : 0
 17752	 17759 : 0
 17756	 17767 : 0
 17764	 17771 : 0
 17768	 17775 : 0
 17772	 17779 : 0
 17776	 17783 : 0
 17780	 17787 : 0
 17784	 17799 : 0
 17796	 17815 : 0
 17812	 17843 : 0
 17840	 17851 : 0
 17848	 17855 : 0
 17852	 17859 : 0
 17856	 17887 : 0
 17884	 17895 : 0
 17892	 17923 : 0
 17920	 17931 : 0
 17928	 17951 : 0
 17948	 17955 : 0
 17952	 17995 : 0
 17992	 17999 : 0
 17996	 18003 : 0
 18000	 18011 : 0
 18008	 18015 : 0
 18012	 18019 : 0
 18016	 18031 : 0
 18028	 18039 : 0
 18036	 18071 : 0
 18068	 18087 : 0
 18084	 18091 : 0
 18088	 18099 : 0
 18096	 18115 : 0
 18112	 18123 : 0
 18120	 18147 : 0
 18144	 18159 : 0
 18156	 18183 : 0
 18180	 18187 : 0
 18184	 18191 : 0
 18188	 18199 : 0
 18196	 18235 : 0
 18232	 18243 : 0
 18240	 18263 : 0
 18260	 18279 : 0
 18276	 18299 : 0
 18296	 18315 : 0
 18312	 18319 : 0
 18316	 18323 : 0
 18320	 18327 : 0
 18324	 18331 : 0
 18328	 18343 : 0
 18340	 18347 : 0
 18344	 18363 : 0
 18360	 18367 : 0
 18364	 18379 : 0
 18376	 18383 : 0
 18380	 18419 : 0
 18416	 18427 : 0
 18424	 18431 : 0
 18428	 18435 : 0
 18432	 18443 : 0
 18440	 18447 : 0
 18444	 18467 : 0
 18464	 18475 : 0
 18472	 18495 : 0
 18492	 18519 : 0
 18516	 18531 : 0
 18528	 18535 : 0
 18532	 18539 : 0
 18536	 18551 : 0
 18548	 18555 : 0
 18552	 18559 : 0
 18556	 18575 : 0
 18572	 18587 : 0
 18584	 18611 : 0
 18608	 18631 : 0
 18628	 18655 : 0
 18652	 18663 : 0
 18660	 18667 : 0
 18664	 18671 : 0
 18668	 18707 : 0
 18704	 18711 : 0
 18708	 18743 : 0
 18740	 18747 : 0
 18744	 18779 : 0
 18776	 18783 : 0
 18780	 18807 : 0
 18804	 18811 : 0
 18808	 18815 : 0
 18812	 18823 : 0
 18820	 18847 : 0
 18844	 18851 : 0
 18848	 18859 : 0
 18856	 18863 : 0
 18860	 18879 : 0
 18876	 18883 : 0
 18880	 18887 : 0
 18884	 18891 : 0
 18888	 18963 : 0
 18960	 18967 : 0
 18964	 19007 : 0
 19004	 19019 : 0
 19016	 19043 : 0
 19040	 19047 : 0
 19044	 19051 : 0
 19048	 19059 : 0
 19056	 19075 : 0
 19072	 19083 : 0
 19080	 19087 : 0
 19084	 19091 : 0
 19088	 19123 : 0
 19120	 19131 : 0
 19128	 19159 : 0
 19156	 19167 : 0
 19164	 19171 : 0
 19168	 19179 : 0
 19176	 19191 : 0
 19188	 19195 : 0
 19192	 19223 : 0
 19220	 19227 : 0
 19224	 19235 : 0
 19232	 19239 : 0
 19236	 19247 : 0
 19244	 19251 : 0
 19248	 19275 : 0
 19272	 19279 : 0
 19276	 19307 : 0
 19304	 19315 : 0
 19312	 19327 : 0
 19324	 19331 : 0
 19328	 19335 : 0
 19332	 19347 : 0
 19344	 19383 : 0
 19380	 19391 : 0
 19388	 19411 : 0
 19408	 19415 : 0
 19412	 19419 : 0
 19416	 19431 : 0
 19428	 19463 : 0
 19460	 19467 : 0
 19464	 19519 : 0
 19516	 19523 : 0
 19520	 19567 : 0
 19564	 19571 : 0
 19568	 19579 : 0
 19576	 19583 : 0
 19580	 19591 : 0
 19588	 19595 : 0
 19592	 19619 : 0
 19616	 19623 : 0
 19620	 19627 : 0
 19624	 19631 : 0
 19628	 19651 : 0
 19648	 19659 : 0
 19656	 19699 : 0
 19696	 19707 : 0
 19704	 19731 : 0
 19728	 19739 : 0
 19736	 19747 : 0
 19744	 19751 : 0
 19748	 19775 : 0
 19772	 19779 : 0
 19776	 19783 : 0
 19780	 19787 : 0
 19784	 19839 : 0
 19836	 19843 : 0
 19840	 19851 : 0
 19848	 19855 : 0
 19852	 19863 : 0
 19860	 19867 : 0
 19864	 19915 : 0
 19912	 19919 : 0
 19916	 19927 : 0
 19924	 19931 : 0
 19928	 19943 : 0
 19940	 19951 : 0
 19948	 19955 : 0
 19952	 19967 : 0
 19964	 19971 : 0
 19968	 19975 : 0
 19972	 19987 : 0
 19984	 19991 : 0
 19988	 19999 : 0
 19996	 20011 : 0
 20008	 20015 : 0
 20012	 20023 : 0
 20020	 20027 : 0
 20024	 20035 : 0
 20032	 20039 : 0
 20036	 20047 : 0
 20044	 20051 : 0
 20048	 20059 : 0
 20056	 20071 : 0
 20068	 20087 : 0
 20084	 20091 : 0
 20088	 20095 : 0
 20092	 20099 : 0
 20096	 20127 : 0
 20124	 20139 : 0
 20136	 20143 : 0
 20140	 20147 : 0
 20144	 20175 : 0
 20172	 20187 : 0
 20184	 20203 : 0
 20200	 20211 : 0
 20208	 20215 : 0
 20212	 20219 : 0
 20216	 20243 : 0
 20240	 20247 : 0
 20244	 20255 : 0
 20252	 20267 : 0
 20264	 20291 : 0
 20288	 20303 : 0
 20300	 20335 : 0
 20332	 20343 : 0
 20340	 20351 : 0
 20348	 20383 : 0
 20380	 20387 : 0
 20384	 20391 : 0
 20388	 20399 : 0
 20396	 20407 : 0
 20404	 20411 : 0
 20408	 20415 : 0
 20412	 20419 : 0
 20416	 20431 : 0
 20428	 20439 : 0
 20436	 20475 : 0
 20472	 20479 : 0
 20476	 20483 : 0
 20480	 20487 : 0
 20484	 20491 : 0
 20488	 20495 : 0
 20492	 20503 : 0
 20500	 20507 : 0
 20504	 20515 : 0
 20512	 20519 : 0
 20516	 20555 : 0
 20552	 20559 : 0
 20556	 20623 : 0
 20620	 20627 : 0
 20624	 20635 : 0
 20632	 20639 : 0
 20636	 20651 : 0
 20648	 20659 : 0
 20656	 20683 : 0
 20680	 20687 : 0
 20684	 20743 : 0
 20740	 20747 : 0
 20744	 20751 : 0
 20748	 20759 : 0
 20756	 20775 : 0
 20772	 20783 : 0
 20780	 20795 : 0
 20792	 20799 : 0
 20796	 20819 : 0
 20816	 20823 : 0
 20820	 20843 : 0
 20840	 20851 : 0
 20848	 20935 : 0
 20932	 20947 : 0
 20944	 20983 : 0
 20980	 20987 : 0
 20984	 21015 : 0
 21012	 21019 : 0
 21016	 21023 : 0
 21020	 21027 : 0
 21024	 21035 : 0
 21032	 21039 : 0
 21036	 21047 : 0
 21044	 21051 : 0
 21048	 21055 : 0
 21052	 21059 : 0
 21056	 21075 : 0
 21072	 21079 : 0
 21076	 21083 : 0
 21080	 21091 : 0
 21088	 21099 : 0
 21096	 21103 : 0
 21100	 21163 : 0
 21160	 21167 : 0
 21164	 21195 : 0
 21192	 21199 : 0
 21196	 21235 : 0
 21232	 21243 : 0
 21240	 21275 : 0
 21272	 21287 : 0
 21284	 21327 : 0
 21324	 21335 : 0
 21332	 21355 : 0
 21352	 21359 : 0
 21356	 21375 : 0
 21372	 21379 : 0
 21376	 21391 : 0
 21388	 21399 : 0
 21396	 21403 : 0
 21400	 21407 : 0
 21404	 21431 : 0
 21428	 21439 : 0
 21436	 21447 : 0
 21444	 21451 : 0
 21448	 21467 : 0
 21464	 21475 : 0
 21472	 21487 : 0
 21484	 21491 : 0
 21488	 21511 : 0
 21508	 21515 : 0
 21512	 21563 : 0
 21560	 21575 : 0
 21572	 21631 : 0
 21628	 21635 : 0
 21632	 21707 : 0
 21704	 21711 : 0
 21708	 21743 : 0
 21740	 21747 : 0
 21744	 21779 : 0
 21776	 21787 : 0
 21784	 21795 : 0
 21792	 21799 : 0
 21796	 21823 : 0
 21820	 21827 : 0
 21824	 21855 : 0
 21852	 21859 : 0
 21856	 21899 : 0
 21896	 21911 : 0
 21908	 21915 : 0
 21912	 21919 : 0
 21916	 21935 : 0
 21932	 21943 : 0
 21940	 21951 : 0
 21948	 21955 : 0
 21952	 21975 : 0
 21972	 21987 : 0
 21984	 22035 : 0
 22032	 22039 : 0
 22036	 22071 : 0
 22068	 22075 : 0
 22072	 22091 : 0
 22088	 22095 : 0
 22092	 22103 : 0
 22100	 22107 : 0
 22104	 22155 : 0
 22152	 22159 : 0
 22156	 22175 : 0
 22172	 22179 : 0
 22176	 22183 : 0
 22180	 22187 : 0
 22184	 22195 : 0
 22192	 22199 : 0
 22196	 22243 : 0
 22240	 22251 : 0
 22248	 22255 : 0
 22252	 22263 : 0
 22260	 22319 : 0
 22316	 22327 : 0
 22324	 22331 : 0
 22328	 22339 : 0
 22336	 22343 : 0
 22340	 22347 : 0
 22344	 22351 : 0
 22348	 22367 : 0
 22364	 22395 : 0
 22392	 22399 : 0
 22396	 22415 : 0
 22412	 22419 : 0
 22416	 22435 : 0
 22432	 22447 : 0
 22444	 22483 : 0
 22480	 22495 : 0
 22492	 22507 : 0
 22504	 22519 : 0
 22516	 22551 : 0
 22548	 22571 : 0
 22568	 22607 : 0
 22604	 22611 : 0
 22608	 22643 : 0
 22640	 22655 : 0
 22652	 22703 : 0
 22700	 22707 : 0
 22704	 22715 : 0
 22712	 22719 : 0
 22716	 22723 : 0
 22720	 22731 : 0
 22728	 22783 : 0
 22780	 22787 : 0
 22784	 22823 : 0
 22820	 22827 : 0
 22824	 22835 : 0
 22832	 22839 : 0
 22836	 22863 : 0
 22860	 22867 : 0
 22864	 22875 : 0
 22872	 22879 : 0
 22876	 22943 : 0
 22940	 22951 : 0
 22948	 22955 : 0
 22952	 22959 : 0
 22956	 22975 : 0
 22972	 22979 : 0
 22976	 23015 : 0
 23012	 23019 : 0
 23016	 23047 : 0
 23044	 23055 : 0
 23052	 23063 : 0
 23060	 23067 : 0
 23064	 23075 : 0
 23072	 23079 : 0
 23076	 23095 : 0
 23092	 23099 : 0
 23096	 23135 : 0
 23132	 23147 : 0
 23144	 23187 : 0
 23184	 23191 : 0
 23188	 23195 : 0
 23192	 23199 : 0
 23196	 23215 : 0
 23212	 23219 : 0
 23216	 23259 : 0
 23256	 23267 : 0
 23264	 23279 : 0
 23276	 23283 : 0
 23280	 23287 : 0
 23284	 23291 : 0
 23288	 23303 : 0
 23300	 23307 : 0
 23304	 23339 : 0
 23336	 23343 : 0
 23340	 23367 : 0
 23364	 23371 : 0
 23368	 23407 : 0
 23404	 23419 : 0
 23416	 23435 : 0
 23432	 23439 : 0
 23436	 23479 : 0
 23476	 23487 : 0
 23484	 23515 : 0
 23512	 23519 : 0
 23516	 23527 : 0
 23524	 23531 : 0
 23528	 23547 : 0
 23544	 23551 : 0
 23548	 23559 : 0
 23556	 23563 : 0
 23560	 23575 : 0
 23572	 23579 : 0
 23576	 23595 : 0
 23592	 23603 : 0
 23600	 23607 : 0
 23604	 23611 : 0
 23608	 23623 : 0
 23620	 23627 : 0
 23624	 23639 : 0
 23636	 23643 : 0
 23640	 23647 : 0
 23644	 23651 : 0
 23648	 23675 : 0
 23672	 23679 : 0
 23676	 23691 : 0
 23688	 23695 : 0
 23692	 23751 : 0
 23748	 23759 : 0
 23756	 23763 : 0
 23760	 23771 : 0
 23768	 23803 : 0
 23800	 23807 : 0
 23804	 23863 : 0
 23860	 23867 : 0
 23864	 23903 : 0
 23900	 23907 : 0
 23904	 23915 : 0
 23912	 23919 : 0
 23916	 23947 : 0
 23944	 23951 : 0
 23948	 23983 : 0
 23980	 23987 : 0
 23984	 23995 : 0
 23992	 23999 : 0
 23996	 24015 : 0
 24012	 24019 : 0
 24016	 24043 : 0
 24040	 24047 : 0
 24044	 24059 : 0
 24056	 24067 : 0
 24064	 24099 : 0
 24096	 24107 : 0
 24104	 24115 : 0
 24112	 24119 : 0
 24116	 24135 : 0
 24132	 24143 : 0
 24140	 24175 : 0
 24172	 24179 : 0
 24176	 24211 : 0
 24208	 24231 : 0
 24228	 24235 : 0
 24232	 24243 : 0
 24240	 24259 : 0
 24256	 24263 : 0
 24260	 24275 : 0
 24272	 24279 : 0
 24276	 24291 : 0
 24288	 24295 : 0
 24292	 24355 : 0
 24352	 24363 : 0
 24360	 24367 : 0
 24364	 24371 : 0
 24368	 24439 : 0
 24436	 24451 : 0
 24448	 24495 : 0
 24492	 24499 : 0
 24496	 24519 : 0
 24516	 24531 : 0
 24528	 24567 : 0
 24564	 24579 : 0
 24576	 24599 : 0
 24596	 24611 : 0
 24608	 24643 : 0
 24640	 24647 : 0
 24644	 24687 : 0
 24684	 24695 : 0
 24692	 24715 : 0
 24712	 24719 : 0
 24716	 24791 : 0
 24788	 24799 : 0
 24796	 24807 : 0
 24804	 24811 : 0
 24808	 24835 : 0
 24832	 24839 : 0
 24836	 24847 : 0
 24844	 24851 : 0
 24848	 24867 : 0
 24864	 24871 : 0
 24868	 24887 : 0
 24884	 24891 : 0
 24888	 24915 : 0
 24912	 24919 : 0
 24916	 24927 : 0
 24924	 24931 : 0
 24928	 24963 : 0
 24960	 24971 : 0
 24968	 25023 : 0
 25020	 25027 : 0
 25024	 25047 : 0
 25044	 25051 : 0
 25048	 25083 : 0
 25080	 25087 : 0
 25084	 25123 : 0
 25120	 25127 : 0
 25124	 25139 : 0
 25136	 25147 : 0
 25144	 25155 : 0
 25152	 25159 : 0
 25156	 25195 : 0
 25192	 25199 : 0
 25196	 25223 : 0
 25220	 25227 : 0
 25224	 25271 : 0
 25268	 25279 : 0
 25276	 25299 : 0
 25296	 25303 : 0
 25300	 25335 : 0
 25332	 25343 : 0
 25340	 25383 : 0
 25380	 25387 : 0
 25384	 25463 : 0
 25460	 25467 : 0
 25464	 25487 : 0
 25484	 25499 : 0
 25496	 25515 : 0
 25512	 25519 : 0
 25516	 25527 : 0
 25524	 25531 : 0
 25528	 25555 : 0
 25552	 25559 : 0
 25556	 25567 : 0
 25564	 25571 : 0
 25568	 25603 : 0
 25600	 25607 : 0
 25604	 25615 : 0
 25612	 25619 : 0
 25616	 25679 : 0
 25676	 25687 : 0
 25684	 25755 : 0
 25752	 25759 : 0
 25756	 25775 : 0
 25772	 25779 : 0
 25776	 25799 : 0
 25796	 25803 : 0
 25800	 25823 : 0
 25820	 25827 : 0
 25824	 25847 : 0
 25844	 25851 : 0
 25848	 25879 : 0
 25876	 25887 : 0
 25884	 25911 : 0
 25908	 25919 : 0
 25916	 25955 : 0
 25952	 25959 : 0
 25956	 25963 : 0
 25960	 25971 : 0
 25968	 25995 : 0
 25992	 25999 : 0
 25996	 26063 : 0
 26060	 26067 : 0
 26064	 26183 : 0
 26180	 26187 : 0
 26184	 26215 : 0
 26212	 26223 : 0
 26220	 26235 : 0
 26232	 26239 : 0
 26236	 26263 : 0
 26260	 26267 : 0
 26264	 26299 : 0
 26296	 26307 : 0
 26304	 26311 : 0
 26308	 26319 : 0
 26316	 26335 : 0
 26332	 26343 : 0
 26340	 26375 : 0
 26372	 26379 : 0
 26376	 26423 : 0
 26420	 26427 : 0
 26424	 26451 : 0
 26448	 26455 : 0
 26452	 26475 : 0
 26472	 26479 : 0
 26476	 26491 : 0
 26488	 26495 : 0
 26492	 26499 : 0
 26496	 26507 : 0
 26504	 26531 : 0
 26528	 26535 : 0
 26532	 26543 : 0
 26540	 26547 : 0
 26544	 26587 : 0
 26584	 26591 : 0
 26588	 26595 : 0
 26592	 26603 : 0
 26600	 26639 : 0
 26636	 26647 : 0
 26644	 26675 : 0
 26672	 26683 : 0
 26680	 26691 : 0
 26688	 26695 : 0
 26692	 26707 : 0
 26704	 26711 : 0
 26708	 26719 : 0
 26716	 26723 : 0
 26720	 26743 : 0
 26740	 26767 : 0
 26764	 26771 : 0
 26768	 26775 : 0
 26772	 26787 : 0
 26784	 26791 : 0
 26788	 26799 : 0
 26796	 26803 : 0
 26800	 26811 : 0
 26808	 26819 : 0
 26816	 26839 : 0
 26836	 26851 : 0
 26848	 26879 : 0
 26876	 26883 : 0
 26880	 26887 : 0
 26884	 26895 : 0
 26892	 26907 : 0
 26904	 26911 : 0
 26908	 26915 : 0
 26912	 26923 : 0
 26920	 26931 : 0
 26928	 26939 : 0
 26936	 26959 : 0
 26956	 26963 : 0
 26960	 26967 : 0
 26964	 26971 : 0
 26968	 26999 : 0
 26996	 27003 : 0
 27000	 27011 : 0
 27008	 27015 : 0
 27012	 27027 : 0
 27024	 27031 : 0
 27028	 27035 : 0
 27032	 27043 : 0
 27040	 27051 : 0
 27048	 27055 : 0
 27052	 27079 : 0
 27076	 27083 : 0
 27080	 27095 : 0
 27092	 27099 : 0
 27096	 27131 : 0
 27128	 27135 : 0
 27132	 27147 : 0
 27144	 27151 : 0
 27148	 27159 : 0
 27156	 27163 : 0
 27160	 27171 : 0
 27168	 27175 : 0
 27172	 27199 : 0
 27196	 27203 : 0
 27200	 27215 : 0
 27212	 27219 : 0
 27216	 27223 : 0
 27220	 27227 : 0
 27224	 27239 : 0
 27236	 27243 : 0
 27240	 27251 : 0
 27248	 27255 : 0
 27252	 27263 : 0
 27260	 27271 : 0
 27268	 27275 : 0
 27272	 27283 : 0
 27280	 27291 : 0
 27288	 27295 : 0
 27292	 27303 : 0
 27300	 27307 : 0
 27304	 27319 : 0
 27316	 27323 : 0
 27320	 27339 : 0
 27336	 27347 : 0
 27344	 27355 : 0
 27352	 27359 : 0
 27356	 27371 : 0
 27368	 27379 : 0
 27376	 27387 : 0
 27384	 27391 : 0
 27388	 27395 : 0
 27392	 27403 : 0
 27400	 27411 : 0
 27408	 27415 : 0
 27412	 27439 : 0
 27436	 27443 : 0
 27440	 27463 : 0
 27460	 27471 : 0
 27468	 27491 : 0
 27488	 27495 : 0
 27492	 27515 : 0
 27512	 27523 : 0
 27520	 27531 : 0
 27528	 27535 : 0
 27532	 27559 : 0
 27556	 27563 : 0
 27560	 27583 : 0
 27580	 27587 : 0
 27584	 27611 : 0
 27608	 27615 : 0
 27612	 27659 : 0
 27656	 27667 : 0
 27664	 27707 : 0
 27704	 27711 : 0
 27708	 27731 : 0
 27728	 27735 : 0
 27732	 27747 : 0
 27744	 27751 : 0
 27748	 27759 : 0
 27756	 27763 : 0
 27760	 27803 : 0
 27800	 27807 : 0
 27804	 27811 : 0
 27808	 27815 : 0
 27812	 27823 : 0
 27820	 27831 : 0
 27828	 27835 : 0
 27832	 27843 : 0
 27840	 27879 : 0
 27876	 27887 : 0
 27884	 27903 : 0
 27900	 27907 : 0
 27904	 27927 : 0
 27924	 27935 : 0
 27932	 27955 : 0
 27952	 27963 : 0
 27960	 27975 : 0
 27972	 27979 : 0
 27976	 27999 : 0
 27996	 28003 : 0
 28000	 28007 : 0
 28004	 28011 : 0
 28008	 28075 : 0
 28072	 28079 : 0
 28076	 28087 : 0
 28084	 28095 : 0
 28092	 28135 : 0
 28132	 28139 : 0
 28136	 28187 : 0
 28184	 28191 : 0
 28188	 28199 : 0
 28196	 28203 : 0
 28200	 28211 : 0
 28208	 28215 : 0
 28212	 28255 : 0
 28252	 28259 : 0
 28256	 28263 : 0
 28260	 28267 : 0
 28264	 28279 : 0
 28276	 28283 : 0
 28280	 28331 : 0
 28328	 28335 : 0
 28332	 28339 : 0
 28336	 28347 : 0
 28344	 28383 : 0
 28380	 28387 : 0
 28384	 28411 : 0
 28408	 28415 : 0
 28412	 28435 : 0
 28432	 28439 : 0
 28436	 28451 : 0
 28448	 28455 : 0
 28452	 28495 : 0
 28492	 28499 : 0
 28496	 28503 : 0
 28500	 28531 : 0
 28528	 28543 : 0
 28540	 28547 : 0
 28544	 28551 : 0
 28548	 28579 : 0
 28576	 28599 : 0
 28596	 28603 : 0
 28600	 28615 : 0
 28612	 28631 : 0
 28628	 28651 : 0
 28648	 28655 : 0
 28652	 28671 : 0
 28668	 28679 : 0
 28676	 28687 : 0
 28684	 28695 : 0
 28692	 28719 : 0
 28716	 28723 : 0
 28720	 28731 : 0
 28728	 28735 : 0
 28732	 28743 : 0
 28740	 28755 : 0
 28752	 28759 : 0
 28756	 28763 : 0
 28760	 28767 : 0
 28764	 28775 : 0
 28772	 28779 : 0
 28776	 28791 : 0
 28788	 28799 : 0
 28796	 28803 : 0
 28800	 28807 : 0
 28804	 28811 : 0
 28808	 28815 : 0
 28812	 28819 : 0
 28816	 28827 : 0
 28824	 28843 : 0
 28840	 28859 : 0
 28856	 28863 : 0
 28860	 28879 : 0
 28876	 28891 : 0
 28888	 28903 : 0
 28900	 28911 : 0
 28908	 28919 : 0
 28916	 28923 : 0
 28920	 28955 : 0
 28952	 28959 : 0
 28956	 28963 : 0
 28960	 28971 : 0
 28968	 28987 : 0
 28984	 28991 : 0
 28988	 28999 : 0
 28996	 29003 : 0
 29000	 29035 : 0
 29032	 29043 : 0
 29040	 29047 : 0
 29044	 29051 : 0
 29048	 29079 : 0
 29076	 29083 : 0
 29080	 29087 : 0
 29084	 29095 : 0
 29092	 29107 : 0
 29104	 29111 : 0
 29108	 29115 : 0
 29112	 29123 : 0
 29120	 29127 : 0
 29124	 29135 : 0
 29132	 29143 : 0
 29140	 29151 : 0
 29148	 29199 : 0
 29196	 29215 : 0
 29212	 29223 : 0
 29220	 29227 : 0
 29224	 29231 : 0
 29228	 29235 : 0
 29232	 29243 : 0
 29240	 29255 : 0
 29252	 29263 : 0
 29260	 29275 : 0
 29272	 29299 : 0
 29296	 29303 : 0
 29300	 29307 : 0
 29304	 29311 : 0
 29308	 29315 : 0
 29312	 29323 : 0
 29320	 29331 : 0
 29328	 29335 : 0
 29332	 29347 : 0
 29344	 29351 : 0
 29348	 29359 : 0
 29356	 29363 : 0
 29360	 29371 : 0
 29368	 29375 : 0
 29372	 29379 : 0
 29376	 29383 : 0
 29380	 29387 : 0
 29384	 29391 : 0
 29388	 29423 : 0
 29420	 29427 : 0
 29424	 29439 : 0
 29436	 29443 : 0
 29440	 29451 : 0
 29448	 29455 : 0
 29452	 29459 : 0
 29456	 29463 : 0
 29460	 29467 : 0
 29464	 29471 : 0
 29468	 29479 : 0
 29476	 29483 : 0
 29480	 29491 : 0
 29488	 29495 : 0
 29492	 29503 : 0
 29500	 29507 : 0
 29504	 29519 : 0
 29516	 29523 : 0
 29520	 29539 : 0
 29536	 29547 : 0
 29544	 29563 : 0
 29560	 29591 : 0
 29588	 29595 : 0
 29592	 29619 : 0
 29616	 29627 : 0
 29624	 29631 : 0
 29628	 29635 : 0
 29632	 29643 : 0
 29640	 29651 : 0
 29648	 29671 : 0
 29668	 29679 : 0
 29676	 29703 : 0
 29700	 29711 : 0
 29708	 29715 : 0
 29712	 29731 : 0
 29728	 29735 : 0
 29732	 29739 : 0
 29736	 29743 : 0
 29740	 29755 : 0
 29752	 29763 : 0
 29760	 29767 : 0
 29764	 29775 : 0
 29772	 29783 : 0
 29780	 29787 : 0
 29784	 29795 : 0
 29792	 29803 : 0
 29800	 29807 : 0
 29804	 29815 : 0
 29812	 29823 : 0
 29820	 29851 : 0
 29848	 29859 : 0
 29856	 29863 : 0
 29860	 29875 : 0
 29872	 29911 : 0
 29908	 29915 : 0
 29912	 29935 : 0
 29932	 29943 : 0
 29940	 29971 : 0
 29968	 29975 : 0
 29972	 29983 : 0
 29980	 29987 : 0
 29984	 29995 : 0
 29992	 29999 : 0
 29996	 30015 : 0
 30012	 30023 : 0
 30020	 30095 : 0
 30092	 30107 : 0
 30104	 30111 : 0
 30108	 30115 : 0
 30112	 30167 : 0
 30164	 30171 : 0
 30168	 30203 : 0
 30200	 30211 : 0
 30208	 30215 : 0
 30212	 30219 : 0
 30216	 30227 : 0
 30224	 30231 : 0
 30228	 30251 : 0
 30248	 30259 : 0
 30256	 30267 : 0
 30264	 30271 : 0
 30268	 30323 : 0
 30320	 30335 : 0
 30332	 30443 : 0
 30440	 30447 : 0
 30444	 30483 : 0
 30480	 30491 : 0
 30488	 30515 : 0
 30512	 30519 : 0
 30516	 30559 : 0
 30556	 30567 : 0
 30564	 30575 : 0
 30572	 30579 : 0
 30576	 30603 : 0
 30600	 30611 : 0
 30608	 30615 : 0
 30612	 30619 : 0
 30616	 30623 : 0
 30620	 30631 : 0
 30628	 30663 : 0
 30660	 30675 : 0
 30672	 30679 : 0
 30676	 30683 : 0
 30680	 30687 : 0
 30684	 30691 : 0
 30688	 30715 : 0
 30712	 30719 : 0
 30716	 30783 : 0
 30780	 30787 : 0
 30784	 30795 : 0
 30792	 30799 : 0
 30796	 30903 : 0
 30900	 30907 : 0
 30904	 30943 : 0
 30940	 30947 : 0
 30944	 31011 : 0
 31008	 31015 : 0
 31012	 31019 : 0
 31016	 31031 : 0
 31028	 31035 : 0
 31032	 31043 : 0
 31040	 31047 : 0
 31044	 31051 : 0
 31048	 31055 : 0
 31052	 31119 : 0
 31116	 31127 : 0
 31124	 31147 : 0
 31144	 31151 : 0
 31148	 31159 : 0
 31156	 31163 : 0
 31160	 31167 : 0
 31164	 31175 : 0
 31172	 31187 : 0
 31184	 31191 : 0
 31188	 31195 : 0
 31192	 31203 : 0
 31200	 31211 : 0
 31208	 31215 : 0
 31212	 31235 : 0
 31232	 31239 : 0
 31236	 31247 : 0
 31244	 31251 : 0
 31248	 31283 : 0
 31280	 31295 : 0
 31292	 31331 : 0
 31328	 31335 : 0
 31332	 31383 : 0
 31380	 31387 : 0
 31384	 31391 : 0
 31388	 31399 : 0
 31396	 31427 : 0
 31424	 31431 : 0
 31428	 31439 : 0
 31436	 31443 : 0
 31440	 31451 : 0
 31448	 31455 : 0
 31452	 31471 : 0
 31468	 31475 : 0
 31472	 31519 : 0
 31516	 31523 : 0
 31520	 31531 : 0
 31528	 31539 : 0
 31536	 31547 : 0
 31544	 31551 : 0
 31548	 31555 : 0
 31552	 31559 : 0
 31556	 31571 : 0
 31568	 31575 : 0
 31572	 31583 : 0
 31580	 31587 : 0
 31584	 31599 : 0
 31596	 31603 : 0
 31600	 31619 : 0
 31616	 31627 : 0
 31624	 31635 : 0
 31632	 31639 : 0
 31636	 31651 : 0
 31648	 31655 : 0
 31652	 31675 : 0
 31672	 31683 : 0
 31680	 31691 : 0
 31688	 31695 : 0
 31692	 31743 : 0
 31740	 31759 : 0
 31756	 31839 : 0
 31836	 31855 : 0
 31852	 31863 : 0
 31860	 31871 : 0
 31868	 31875 : 0
 31872	 31887 : 0
 31884	 31891 : 0
 31888	 31899 : 0
 31896	 31903 : 0
 31900	 31911 : 0
 31908	 31915 : 0
 31912	 31923 : 0
 31920	 31943 : 0
 31940	 31947 : 0
 31944	 31971 : 0
 31968	 31975 : 0
 31972	 32011 : 0
 32008	 32015 : 0
 32012	 32027 : 0
 32024	 32031 : 0
 32028	 32083 : 0
 32080	 32087 : 0
 32084	 32123 : 0
 32120	 32127 : 0
 32124	 32131 : 0
 32128	 32167 : 0
 32164	 32179 : 0
 32176	 32183 : 0
 32180	 32187 : 0
 32184	 32191 : 0
 32188	 32195 : 0
 32192	 32203 : 0
 32200	 32207 : 0
 32204	 32215 : 0
 32212	 32239 : 0
 32236	 32255 : 0
 32252	 32271 : 0
 32268	 32283 : 0
 32280	 32291 : 0
 32288	 32307 : 0
 32304	 32315 : 0
 32312	 32319 : 0
 32316	 32355 : 0
 32352	 32359 : 0
 32356	 32367 : 0
 32364	 32379 : 0
 32376	 32491 : 0
 32488	 32495 : 0
 32492	 32535 : 0
 32532	 32539 : 0
 32536	 32543 : 0
 32540	 32547 : 0
 32544	 32555 : 0
 32552	 32559 : 0
 32556	 32583 : 0
 32580	 32591 : 0
 32588	 32595 : 0
 32592	 32599 : 0
 32596	 32611 : 0
 32608	 32615 : 0
 32612	 32619 : 0
 32616	 32627 : 0
 32624	 32663 : 0
 32660	 32667 : 0
 32664	 32675 : 0
 32672	 32679 : 0
 32676	 32691 : 0
 32688	 32695 : 0
 32692	 32715 : 0
 32712	 32719 : 0
 32716	 32731 : 0
 32728	 32735 : 0
 32732	 32783 : 0
 32780	 32787 : 0
 32784	 32791 : 0
 32788	 32799 : 0
 32796	 32815 : 0
 32812	 32819 : 0
 32816	 32839 : 0
 32836	 32843 : 0
 32840	 32851 : 0
 32848	 32855 : 0
 32852	 32879 : 0
 32876	 32891 : 0
 32888	 32899 : 0
 32896	 32911 : 0
 32908	 32931 : 0
 32928	 32935 : 0
 32932	 32955 : 0
 32952	 32959 : 0
 32956	 32967 : 0
 32964	 32971 : 0
 32968	 32983 : 0
 32980	 32987 : 0
 32984	 32999 : 0
 32996	 33003 : 0
 33000	 33039 : 0
 33036	 33043 : 0
 33040	 33067 : 0
 33064	 33071 : 0
 33068	 33075 : 0
 33072	 33079 : 0
 33076	 33123 : 0
 33120	 33127 : 0
 33124	 33135 : 0
 33132	 33139 : 0
 33136	 33155 : 0
 33152	 33159 : 0
 33156	 33251 : 0
 33248	 33255 : 0
 33252	 33279 : 0
 33276	 33283 : 0
 33280	 33291 : 0
 33288	 33295 : 0
 33292	 33319 : 0
 33316	 33323 : 0
 33320	 33371 : 0
 33368	 33375 : 0
 33372	 33383 : 0
 33380	 33387 : 0
 33384	 33415 : 0
 33412	 33423 : 0
 33420	 33435 : 0
 33432	 33439 : 0
 33436	 33459 : 0
 33456	 33463 : 0
 33460	 33503 : 0
 33500	 33507 : 0
 33504	 33511 : 0
 33508	 33515 : 0
 33512	 33523 : 0
 33520	 33535 : 0
 33532	 33551 : 0
 33548	 33555 : 0
 33552	 33579 : 0
 33576	 33587 : 0
 33584	 33599 : 0
 33596	 33603 : 0
 33600	 33627 : 0
 33624	 33631 : 0
 33628	 33635 : 0
 33632	 33639 : 0
 33636	 33671 : 0
 33668	 33679 : 0
 33676	 33703 : 0
 33700	 33707 : 0
 33704	 33711 : 0
 33708	 33719 : 0
 33716	 33823 : 0
 33820	 33827 : 0
 33824	 33835 : 0
 33832	 33839 : 0
 33836	 33855 : 0
 33852	 33859 : 0
 33856	 33875 : 0
 33872	 33879 : 0
 33876	 33895 : 0
 33892	 33899 : 0
 33896	 33927 : 0
 33924	 33931 : 0
 33928	 33943 : 0
 33940	 33947 : 0
 33944	 33975 : 0
 33972	 33979 : 0
 33976	 33987 : 0
 33984	 33991 : 0
 33988	 33995 : 0
 33992	 33999 : 0
 33996	 34011 : 0
 34008	 34019 : 0
 34016	 34039 : 0
 34036	 34043 : 0
 34040	 34051 : 0
 34048	 34055 : 0
 34052	 34063 : 0
 34060	 34067 : 0
 34064	 34079 : 0
 34076	 34083 : 0
 34080	 34095 : 0
 34092	 34099 : 0
 34096	 34107 : 0
 34104	 34111 : 0
 34108	 34119 : 0
 34116	 34123 : 0
 34120	 34163 : 0
 34160	 34167 : 0
 34164	 34175 : 0
 34172	 34179 : 0
 34176	 34219 : 0
 34216	 34223 : 0
 34220	 34227 : 0
 34224	 34231 : 0
 34228	 34239 : 0
 34236	 34243 : 0
 34240	 34275 : 0
 34272	 34295 : 0
 34292	 34319 : 0
 34316	 34323 : 0
 34320	 34347 : 0
 34344	 34351 : 0
 34348	 34407 : 0
 34404	 34415 : 0
 34412	 34427 : 0
 34424	 34431 : 0
 34428	 34455 : 0
 34452	 34459 : 0
 34456	 34479 : 0
 34476	 34483 : 0
 34480	 34503 : 0
 34500	 34507 : 0
 34504	 34511 : 0
 34508	 34515 : 0
 34512	 34519 : 0
 34516	 34523 : 0
 34520	 34527 : 0
 34524	 34531 : 0
 34528	 34555 : 0
 34552	 34559 : 0
 34556	 34571 : 0
 34568	 34575 : 0
 34572	 34591 : 0
 34588	 34599 : 0
 34596	 34603 : 0
 34600	 34607 : 0
 34604	 34615 : 0
 34612	 34619 : 0
 34616	 34623 : 0
 34620	 34627 : 0
 34624	 34635 : 0
 34632	 34639 : 0
 34636	 34667 : 0
 34664	 34671 : 0
 34668	 34691 : 0
 34688	 34695 : 0
 34692	 34707 : 0
 34704	 34711 : 0
 34708	 34743 : 0
 34740	 34747 : 0
 34744	 34755 : 0
 34752	 34763 : 0
 34760	 34795 : 0
 34792	 34799 : 0
 34796	 34803 : 0
 34800	 34807 : 0
 34804	 34811 : 0
 34808	 34815 : 0
 34812	 34819 : 0
 34816	 34827 : 0
 34824	 34859 : 0
 34856	 34863 : 0
 34860	 34911 : 0
 34908	 34915 : 0
 34912	 34919 : 0
 34916	 34923 : 0
 34920	 34975 : 0
 34972	 34979 : 0
 34976	 34983 : 0
 34980	 34991 : 0
 34988	 35023 : 0
 35020	 35027 : 0
 35024	 35055 : 0
 35052	 35059 : 0
 35056	 35167 : 0
 35164	 35175 : 0
 35172	 35203 : 0
 35200	 35215 : 0
 35212	 35219 : 0
 35216	 35223 : 0
 35220	 35255 : 0
 35252	 35259 : 0
 35256	 35323 : 0
 35320	 35335 : 0
 35332	 35347 : 0
 35344	 35351 : 0
 35348	 35367 : 0
 35364	 35371 : 0
 35368	 35395 : 0
 35392	 35399 : 0
 35396	 35403 : 0
 35400	 35407 : 0
 35404	 35439 : 0
 35436	 35443 : 0
 35440	 35447 : 0
 35444	 35451 : 0
 35448	 35607 : 0
 35604	 35611 : 0
 35608	 35627 : 0
 35624	 35635 : 0
 35632	 35695 : 0
 35692	 35699 : 0
 35696	 35711 : 0
 35708	 35715 : 0
 35712	 35743 : 0
 35740	 35751 : 0
 35748	 35787 : 0
 35784	 35791 : 0
 35788	 35799 : 0
 35796	 35803 : 0
 35800	 35835 : 0
 35832	 35839 : 0
 35836	 35859 : 0
 35856	 35867 : 0
 35864	 35919 : 0
 35916	 35923 : 0
 35920	 35955 : 0
 35952	 35963 : 0
 35960	 35971 : 0
 35968	 35975 : 0
 35972	 35979 : 0
 35976	 35983 : 0
 35980	 35999 : 0
 35996	 36003 : 0
 36000	 36007 : 0
 36004	 36015 : 0
 36012	 36023 : 0
 36020	 36027 : 0
 36024	 36091 : 0
 36088	 36095 : 0
 36092	 36143 : 0
 36140	 36151 : 0
 36148	 36159 : 0
 36156	 36163 : 0
 36160	 36171 : 0
 36168	 36175 : 0
 36172	 36243 : 0
 36240	 36251 : 0
 36248	 36279 : 0
 36276	 36283 : 0
 36280	 36319 : 0
 36316	 36327 : 0
 36324	 36371 : 0
 36368	 36375 : 0
 36372	 36391 : 0
 36388	 36395 : 0
 36392	 36439 : 0
 36436	 36443 : 0
 36440	 36475 : 0
 36472	 36483 : 0
 36480	 36491 : 0
 36488	 36495 : 0
 36492	 36531 : 0
 36528	 36535 : 0
 36532	 36543 : 0
 36540	 36547 : 0
 36544	 36551 : 0
 36548	 36563 : 0
 36560	 36607 : 0
 36604	 36611 : 0
 36608	 36667 : 0
 36664	 36675 : 0
 36672	 36771 : 0
 36768	 36775 : 0
 36772	 36787 : 0
 36784	 36791 : 0
 36788	 36799 : 0
 36796	 36803 : 0
 36800	 36903 : 0
 36900	 36907 : 0
 36904	 36943 : 0
 36940	 36947 : 0
 36944	 36995 : 0
 36992	 36999 : 0
 36996	 37067 : 0
 37064	 37071 : 0
 37068	 37107 : 0
 37104	 37111 : 0
 37108	 37131 : 0
 37128	 37139 : 0
 37136	 37171 : 0
 37168	 37179 : 0
 37176	 37223 : 0
 37220	 37227 : 0
 37224	 37287 : 0
 37284	 37291 : 0
 37288	 37295 : 0
 37292	 37299 : 0
 37296	 37303 : 0
 37300	 37307 : 0
 37304	 37339 : 0
 37336	 37343 : 0
 37340	 37363 : 0
 37360	 37367 : 0
 37364	 37447 : 0
 37444	 37459 : 0
 37456	 37479 : 0
 37476	 37487 : 0
 37484	 37523 : 0
 37520	 37531 : 0
 37528	 37535 : 0
 37532	 37539 : 0
 37536	 37595 : 0
 37592	 37603 : 0
 37600	 37659 : 0
 37656	 37663 : 0
 37660	 37675 : 0
 37672	 37679 : 0
 37676	 37707 : 0
 37704	 37719 : 0
 37716	 37743 : 0
 37740	 37747 : 0
 37744	 37755 : 0
 37752	 37763 : 0
 37760	 37775 : 0
 37772	 37779 : 0
 37776	 37799 : 0
 37796	 37803 : 0
 37800	 37823 : 0
 37820	 37831 : 0
 37828	 37835 : 0
 37832	 37839 : 0
 37836	 37875 : 0
 37872	 37879 : 0
 37876	 37891 : 0
 37888	 37895 : 0
 37892	 37915 : 0
 37912	 37923 : 0
 37920	 37943 : 0
 37940	 37947 : 0
 37944	 37955 : 0
 37952	 37959 : 0
 37956	 37983 : 0
 37980	 37987 : 0
 37984	 37995 : 0
 37992	 37999 : 0
 37996	 38027 : 0
 38024	 38043 : 0
 38040	 38051 : 0
 38048	 38055 : 0
 38052	 38059 : 0
 38056	 38063 : 0
 38060	 38099 : 0
 38096	 38107 : 0
 38104	 38135 : 0
 38132	 38139 : 0
 38136	 38175 : 0
 38172	 38179 : 0
 38176	 38199 : 0
 38196	 38203 : 0
 38200	 38227 : 0
 38224	 38231 : 0
 38228	 38267 : 0
 38264	 38271 : 0
 38268	 38287 : 0
 38284	 38291 : 0
 38288	 38323 : 0
 38320	 38327 : 0
 38324	 38443 : 0
 38440	 38447 : 0
 38444	 38471 : 0
 38468	 38475 : 0
 38472	 38519 : 0
 38516	 38527 : 0
 38524	 38591 : 0
 38588	 38595 : 0
 38592	 38599 : 0
 38596	 38603 : 0
 38600	 38631 : 0
 38628	 38643 : 0
 38640	 38707 : 0
 38704	 38711 : 0
 38708	 38723 : 0
 38720	 38731 : 0
 38728	 38751 : 0
 38748	 38755 : 0
 38752	 38791 : 0
 38788	 38795 : 0
 38792	 38799 : 0
 38796	 38803 : 0
 38800	 38815 : 0
 38812	 38819 : 0
 38816	 38839 : 0
 38836	 38851 : 0
 38848	 38863 : 0
 38860	 38875 : 0
 38872	 38899 : 0
 38896	 38903 : 0
 38900	 38915 : 0
 38912	 38919 : 0
 38916	 38923 : 0
 38920	 38927 : 0
 38924	 38963 : 0
 38960	 38967 : 0
 38964	 38979 : 0
 38976	 38991 : 0
 38988	 39071 : 0
 39068	 39075 : 0
 39072	 39095 : 0
 39092	 39099 : 0
 39096	 39139 : 0
 39136	 39151 : 0
 39148	 39163 : 0
 39160	 39167 : 0
 39164	 39183 : 0
 39180	 39191 : 0
 39188	 39211 : 0
 39208	 39219 : 0
 39216	 39223 : 0
 39220	 39227 : 0
 39224	 39251 : 0
 39248	 39255 : 0
 39252	 39343 : 0
 39340	 39347 : 0
 39344	 39371 : 0
 39368	 39375 : 0
 39372	 39419 : 0
 39416	 39423 : 0
 39420	 39483 : 0
 39480	 39491 : 0
 39488	 39507 : 0
 39504	 39511 : 0
 39508	 39527 : 0
 39524	 39543 : 0
 39540	 39559 : 0
 39556	 39567 : 0
 39564	 39603 : 0
 39600	 39611 : 0
 39608	 39623 : 0
 39620	 39631 : 0
 39628	 39639 : 0
 39636	 39643 : 0
 39640	 39651 : 0
 39648	 39655 : 0
 39652	 39675 : 0
 39672	 39683 : 0
 39680	 39711 : 0
 39708	 39719 : 0
 39716	 39783 : 0
 39780	 39787 : 0
 39784	 39831 : 0
 39828	 39835 : 0
 39832	 39855 : 0
 39852	 39859 : 0
 39856	 39903 : 0
 39900	 39911 : 0
 39908	 39927 : 0
 39924	 39931 : 0
 39928	 39943 : 0
 39940	 39947 : 0
 39944	 39955 : 0
 39952	 39963 : 0
 39960	 39995 : 0
 39992	 40003 : 0
 40000	 40019 : 0
 40016	 40027 : 0
 40024	 40063 : 0
 40060	 40067 : 0
 40064	 40071 : 0
 40068	 40079 : 0
 40076	 40103 : 0
 40100	 40107 : 0
 40104	 40115 : 0
 40112	 40123 : 0
 40120	 40139 : 0
 40136	 40143 : 0
 40140	 40183 : 0
 40180	 40187 : 0
 40184	 40235 : 0
 40232	 40239 : 0
 40236	 40255 : 0
 40252	 40259 : 0
 40256	 40319 : 0
 40316	 40323 : 0
 40320	 40331 : 0
 40328	 40335 : 0
 40332	 40347 : 0
 40344	 40351 : 0
 40348	 40371 : 0
 40368	 40375 : 0
 40372	 40383 : 0
 40380	 40387 : 0
 40384	 40427 : 0
 40424	 40431 : 0
 40428	 40455 : 0
 40452	 40459 : 0
 40456	 40463 : 0
 40460	 40467 : 0
 40464	 40479 : 0
 40476	 40483 : 0
 40480	 40487 : 0
 40484	 40491 : 0
 40488	 40519 : 0
 40516	 40527 : 0
 40524	 40559 : 0
 40556	 40567 : 0
 40564	 40583 : 0
 40580	 40591 : 0
 40588	 40599 : 0
 40596	 40607 : 0
 40604	 40635 : 0
 40632	 40643 : 0
 40640	 40667 : 0
 40664	 40671 : 0
 40668	 40679 : 0
 40676	 40683 : 0
 40680	 40695 : 0
 40692	 40703 : 0
 40700	 40719 : 0
 40716	 40723 : 0
 40720	 40767 : 0
 40764	 40771 : 0
 40768	 40779 : 0
 40776	 40783 : 0
 40780	 40787 : 0
 40784	 40791 : 0
 40788	 40811 : 0
 40808	 40815 : 0
 40812	 40843 : 0
 40840	 40847 : 0
 40844	 40871 : 0
 40868	 40875 : 0
 40872	 40895 : 0
 40892	 40899 : 0
 40896	 40947 : 0
 40944	 40955 : 0
 40952	 40983 : 0
 40980	 40991 : 0
 40988	 40999 : 0
 40996	 41003 : 0
 41000	 41067 : 0
 41064	 41071 : 0
 41068	 41179 : 0
 41176	 41183 : 0
 41180	 41219 : 0
 41216	 41227 : 0
 41224	 41251 : 0
 41248	 41255 : 0
 41252	 41295 : 0
 41292	 41299 : 0
 41296	 41335 : 0
 41332	 41339 : 0
 41336	 41407 : 0
 41404	 41415 : 0
 41412	 41423 : 0
 41420	 41427 : 0
 41424	 41463 : 0
 41460	 41467 : 0
 41464	 41523 : 0
 41520	 41531 : 0
 41528	 41559 : 0
 41556	 41563 : 0
 41560	 41639 : 0
 41636	 41647 : 0
 41644	 41683 : 0
 41680	 41687 : 0
 41684	 41755 : 0
 41752	 41763 : 0
 41760	 41795 : 0
 41792	 41799 : 0
 41796	 41871 : 0
 41868	 41875 : 0
 41872	 41911 : 0
 41908	 41927 : 0
 41924	 41987 : 0
 41984	 41991 : 0
 41988	 42035 : 0
 42032	 42039 : 0
 42036	 42051 : 0
 42048	 42055 : 0
 42052	 42075 : 0
 42072	 42083 : 0
 42080	 42107 : 0
 42104	 42111 : 0
 42108	 42139 : 0
 42136	 42147 : 0
 42144	 42151 : 0
 42148	 42155 : 0
 42152	 42167 : 0
 42164	 42171 : 0
 42168	 42195 : 0
 42192	 42199 : 0
 42196	 42283 : 0
 42280	 42287 : 0
 42284	 42331 : 0
 42328	 42339 : 0
 42336	 42379 : 0
 42376	 42387 : 0
 42384	 42395 : 0
 42392	 42399 : 0
 42396	 42423 : 0
 42420	 42427 : 0
 42424	 42495 : 0
 42492	 42499 : 0
 42496	 42515 : 0
 42512	 42519 : 0
 42516	 42539 : 0
 42536	 42543 : 0
 42540	 42563 : 0
 42560	 42571 : 0
 42568	 42603 : 0
 42600	 42615 : 0
 42612	 42655 : 0
 42652	 42659 : 0
 42656	 42679 : 0
 42676	 42687 : 0
 42684	 42723 : 0
 42720	 42731 : 0
 42728	 42735 : 0
 42732	 42739 : 0
 42736	 42771 : 0
 42768	 42775 : 0
 42772	 42795 : 0
 42792	 42799 : 0
 42796	 42843 : 0
 42840	 42847 : 0
 42844	 42887 : 0
 42884	 42891 : 0
 42888	 42911 : 0
 42908	 42923 : 0
 42920	 42955 : 0
 42952	 42963 : 0
 42960	 42975 : 0
 42972	 42979 : 0
 42976	 42999 : 0
 42996	 43007 : 0
 43004	 43027 : 0
 43024	 43035 : 0
 43032	 43063 : 0
 43060	 43067 : 0
 43064	 43071 : 0
 43068	 43079 : 0
 43076	 43115 : 0
 43112	 43123 : 0
 43120	 43139 : 0
 43136	 43147 : 0
 43144	 43231 : 0
 43228	 43239 : 0
 43236	 43255 : 0
 43252	 43263 : 0
 43260	 43299 : 0
 43296	 43311 : 0
 43308	 43347 : 0
 43344	 43351 : 0
 43348	 43371 : 0
 43368	 43379 : 0
 43376	 43383 : 0
 43380	 43387 : 0
 43384	 43419 : 0
 43416	 43431 : 0
 43428	 43455 : 0
 43452	 43471 : 0
 43468	 43551 : 0
 43548	 43559 : 0
 43556	 43611 : 0
 43608	 43615 : 0
 43612	 43647 : 0
 43644	 43651 : 0
 43648	 43659 : 0
 43656	 43663 : 0
 43660	 43683 : 0
 43680	 43695 : 0
 43692	 43699 : 0
 43696	 43703 : 0
 43700	 43719 : 0
 43716	 43727 : 0
 43724	 43763 : 0
 43760	 43771 : 0
 43768	 43787 : 0
 43784	 43791 : 0
 43788	 43851 : 0
 43848	 43855 : 0
 43852	 43887 : 0
 43884	 43891 : 0
 43888	 43935 : 0
 43932	 43939 : 0
 43936	 43991 : 0
 43988	 43999 : 0
 43996	 44003 : 0
 44000	 44011 : 0
 44008	 44067 : 0
 44064	 44075 : 0
 44072	 44103 : 0
 44100	 44107 : 0
 44104	 44115 : 0
 44112	 44119 : 0
 44116	 44155 : 0
 44152	 44163 : 0
 44160	 44183 : 0
 44180	 44199 : 0
 44196	 44235 : 0
 44232	 44239 : 0
 44236	 44271 : 0
 44268	 44279 : 0
 44276	 44295 : 0
 44292	 44303 : 0
 44300	 44339 : 0
 44336	 44343 : 0
 44340	 44355 : 0
 44352	 44359 : 0
 44356	 44375 : 0
 44372	 44379 : 0
 44376	 44391 : 0
 44388	 44395 : 0
 44392	 44407 : 0
 44404	 44415 : 0
 44412	 44431 : 0
 44428	 44439 : 0
 44436	 44447 : 0
 44444	 44451 : 0
 44448	 44463 : 0
 44460	 44467 : 0
 44464	 44475 : 0
 44472	 44483 : 0
 44480	 44499 : 0
 44496	 44511 : 0
 44508	 44515 : 0
 44512	 44519 : 0
 44516	 44531 : 0
 44528	 44543 : 0
 44540	 44571 : 0
 44568	 44575 : 0
 44572	 44583 : 0
 44580	 44587 : 0
 44584	 44595 : 0
 44592	 44599 : 0
 44596	 44615 : 0
 44612	 44619 : 0
 44616	 44635 : 0
 44632	 44639 : 0
 44636	 44643 : 0
 44640	 44651 : 0
 44648	 44687 : 0
 44684	 44695 : 0
 44692	 44699 : 0
 44696	 44703 : 0
 44700	 44759 : 0
 44756	 44767 : 0
 44764	 44779 : 0
 44776	 44783 : 0
 44780	 44807 : 0
 44804	 44811 : 0
 44808	 44879 : 0
 44876	 44883 : 0
 44880	 44887 : 0
 44884	 44895 : 0
 44892	 44915 : 0
 44912	 44927 : 0
 44924	 44947 : 0
 44944	 44951 : 0
 44948	 44987 : 0
 44984	 44999 : 0
 44996	 45015 : 0
 45012	 45019 : 0
 45016	 45047 : 0
 45044	 45051 : 0
 45048	 45055 : 0
 45052	 45079 : 0
 45076	 45103 : 0
 45100	 45123 : 0
 45120	 45143 : 0
 45140	 45147 : 0
 45144	 45151 : 0
 45148	 45159 : 0
 45156	 45195 : 0
 45192	 45199 : 0
 45196	 45223 : 0
 45220	 45231 : 0
 45228	 45275 : 0
 45272	 45279 : 0
 45276	 45343 : 0
 45340	 45347 : 0
 45344	 45367 : 0
 45364	 45375 : 0
 45372	 45379 : 0
 45376	 45383 : 0
 45380	 45391 : 0
 45388	 45399 : 0
 45396	 45415 : 0
 45412	 45419 : 0
 45416	 45423 : 0
 45420	 45427 : 0
 45424	 45431 : 0
 45428	 45435 : 0
 45432	 45463 : 0
 45460	 45479 : 0
 45476	 45487 : 0
 45484	 45499 : 0
 45496	 45503 : 0
 45500	 45507 : 0
 45504	 45567 : 0
 45564	 45587 : 0
 45584	 45611 : 0
 45608	 45615 : 0
 45612	 45623 : 0
 45620	 45627 : 0
 45624	 45635 : 0
 45632	 45639 : 0
 45636	 45699 : 0
 45696	 45707 : 0
 45704	 45727 : 0
 45724	 45731 : 0
 45728	 45775 : 0
 45772	 45779 : 0
 45776	 45803 : 0
 45800	 45811 : 0
 45808	 45819 : 0
 45816	 45827 : 0
 45824	 45843 : 0
 45840	 45851 : 0
 45848	 45855 : 0
 45852	 45863 : 0
 45860	 45883 : 0
 45880	 45887 : 0
 45884	 45895 : 0
 45892	 45899 : 0
 45896	 45923 : 0
 45920	 45927 : 0
 45924	 45959 : 0
 45956	 45975 : 0
 45972	 45995 : 0
 45992	 45999 : 0
 45996	 46027 : 0
 46024	 46039 : 0
 46036	 46063 : 0
 46060	 46067 : 0
 46064	 46075 : 0
 46072	 46079 : 0
 46076	 46083 : 0
 46080	 46087 : 0
 46084	 46115 : 0
 46112	 46119 : 0
 46116	 46127 : 0
 46124	 46131 : 0
 46128	 46147 : 0
 46144	 46155 : 0
 46152	 46163 : 0
 46160	 46171 : 0
 46168	 46179 : 0
 46176	 46187 : 0
 46184	 46207 : 0
 46204	 46211 : 0
 46208	 46231 : 0
 46228	 46235 : 0
 46232	 46239 : 0
 46236	 46251 : 0
 46248	 46295 : 0
 46292	 46299 : 0
 46296	 46307 : 0
 46304	 46311 : 0
 46308	 46327 : 0
 46324	 46331 : 0
 46328	 46355 : 0
 46352	 46359 : 0
 46356	 46475 : 0
 46472	 46479 : 0
 46476	 46495 : 0
 46492	 46499 : 0
 46496	 46531 : 0
 46528	 46535 : 0
 46532	 46539 : 0
 46536	 46543 : 0
 46540	 46547 : 0
 46544	 46551 : 0
 46548	 46583 : 0
 46580	 46587 : 0
 46584	 46611 : 0
 46608	 46615 : 0
 46612	 46623 : 0
 46620	 46627 : 0
 46624	 46655 : 0
 46652	 46659 : 0
 46656	 46687 : 0
 46684	 46691 : 0
 46688	 46763 : 0
 46760	 46767 : 0
 46764	 46771 : 0
 46768	 46775 : 0
 46772	 46839 : 0
 46836	 46847 : 0
 46844	 46891 : 0
 46888	 46895 : 0
 46892	 46955 : 0
 46952	 46959 : 0
 46956	 47003 : 0
 47000	 47011 : 0
 47008	 47047 : 0
 47044	 47055 : 0
 47052	 47071 : 0
 47068	 47079 : 0
 47076	 47103 : 0
 47100	 47107 : 0
 47104	 47119 : 0
 47116	 47135 : 0
 47132	 47143 : 0
 47140	 47151 : 0
 47148	 47171 : 0
 47168	 47175 : 0
 47172	 47191 : 0
 47188	 47195 : 0
 47192	 47219 : 0
 47216	 47223 : 0
 47220	 47231 : 0
 47228	 47235 : 0
 47232	 47239 : 0
 47236	 47243 : 0
 47240	 47275 : 0
 47272	 47283 : 0
 47280	 47303 : 0
 47300	 47307 : 0
 47304	 47343 : 0
 47340	 47347 : 0
 47344	 47391 : 0
 47388	 47399 : 0
 47396	 47415 : 0
 47412	 47419 : 0
 47416	 47459 : 0
 47456	 47467 : 0
 47464	 47471 : 0
 47468	 47475 : 0
 47472	 47503 : 0
 47500	 47507 : 0
 47504	 47559 : 0
 47556	 47563 : 0
 47560	 47571 : 0
 47568	 47583 : 0
 47580	 47663 : 0
 47660	 47667 : 0
 47664	 47683 : 0
 47680	 47687 : 0
 47684	 47703 : 0
 47700	 47707 : 0
 47704	 47719 : 0
 47716	 47723 : 0
 47720	 47807 : 0
 47804	 47815 : 0
 47812	 47823 : 0
 47820	 47827 : 0
 47824	 47927 : 0
 47924	 47935 : 0
 47932	 47955 : 0
 47952	 47959 : 0
 47956	 47963 : 0
 47960	 47971 : 0
 47968	 47983 : 0
 47980	 47987 : 0
 47984	 47999 : 0
 47996	 48007 : 0
 48004	 48059 : 0
 48056	 48063 : 0
 48060	 48111 : 0
 48108	 48115 : 0
 48112	 48151 : 0
 48148	 48171 : 0
 48168	 48227 : 0
 48224	 48231 : 0
 48228	 48267 : 0
 48264	 48279 : 0
 48276	 48311 : 0
 48308	 48319 : 0
 48316	 48347 : 0
 48344	 48355 : 0
 48352	 48387 : 0
 48384	 48399 : 0
 48396	 48407 : 0
 48404	 48411 : 0
 48408	 48431 : 0
 48428	 48439 : 0
 48436	 48447 : 0
 48444	 48451 : 0
 48448	 48459 : 0
 48456	 48471 : 0
 48468	 48499 : 0
 48496	 48507 : 0
 48504	 48511 : 0
 48508	 48515 : 0
 48512	 48547 : 0
 48544	 48555 : 0
 48552	 48563 : 0
 48560	 48567 : 0
 48564	 48571 : 0
 48568	 48583 : 0
 48580	 48595 : 0
 48592	 48599 : 0
 48596	 48607 : 0
 48604	 48611 : 0
 48608	 48623 : 0
 48620	 48627 : 0
 48624	 48635 : 0
 48632	 48639 : 0
 48636	 48659 : 0
 48656	 48663 : 0
 48660	 48675 : 0
 48672	 48679 : 0
 48676	 48691 : 0
 48688	 48707 : 0
 48704	 48731 : 0
 48728	 48735 : 0
 48732	 48739 : 0
 48736	 48747 : 0
 48744	 48755 : 0
 48752	 48759 : 0
 48756	 48803 : 0
 48800	 48807 : 0
 48804	 48847 : 0
 48844	 48851 : 0
 48848	 48859 : 0
 48856	 48863 : 0
 48860	 48887 : 0
 48884	 48891 : 0
 48888	 48895 : 0
 48892	 48903 : 0
 48900	 48923 : 0
 48920	 48927 : 0
 48924	 48959 : 0
 48956	 48963 : 0
 48960	 48967 : 0
 48964	 48975 : 0
 48972	 48983 : 0
 48980	 48987 : 0
 48984	 49039 : 0
 49036	 49047 : 0
 49044	 49051 : 0
 49048	 49055 : 0
 49052	 49071 : 0
 49068	 49075 : 0
 49072	 49079 : 0
 49076	 49095 : 0
 49092	 49103 : 0
 49100	 49107 : 0
 49104	 49115 : 0
 49112	 49119 : 0
 49116	 49143 : 0
 49140	 49147 : 0
 49144	 49163 : 0
 49160	 49167 : 0
 49164	 49191 : 0
 49188	 49195 : 0
 49192	 49203 : 0
 49200	 49211 : 0
 49208	 49247 : 0
 49244	 49251 : 0
 49248	 49283 : 0
 49280	 49287 : 0
 49284	 49303 : 0
 49300	 49323 : 0
 49320	 49387 : 0
 49384	 49399 : 0
 49396	 49419 : 0
 49416	 49427 : 0
 49424	 49435 : 0
 49432	 49439 : 0
 49436	 49531 : 0
 49528	 49535 : 0
 49532	 49539 : 0
 49536	 49547 : 0
 49544	 49551 : 0
 49548	 49559 : 0
 49556	 49591 : 0
 49588	 49599 : 0
 49596	 49615 : 0
 49612	 49623 : 0
 49620	 49635 : 0
 49632	 49639 : 0
 49636	 49655 : 0
 49652	 49667 : 0
 49664	 49715 : 0
 49712	 49719 : 0
 49716	 49731 : 0
 49728	 49739 : 0
 49736	 49743 : 0
 49740	 49747 : 0
 49744	 49783 : 0
 49780	 49787 : 0
 49784	 49795 : 0
 49792	 49799 : 0
 49796	 49955 : 0
 49952	 49963 : 0
 49960	 49971 : 0
 49968	 49975 : 0
 49972	 49995 : 0
 49992	 49999 : 0
 49996	 50007 : 0
 50004	 50015 : 0
 50012	 50039 : 0
 50036	 50043 : 0
 50040	 50079 : 0
 50076	 50083 : 0
 50080	 50087 : 0
 50084	 50091 : 0
 50088	 50115 : 0
 50112	 50123 : 0
 50120	 50127 : 0
 50124	 50135 : 0
 50132	 50147 : 0
 50144	 50151 : 0
 50148	 50167 : 0
 50164	 50179 : 0
 50176	 50183 : 0
 50180	 50191 : 0
 50188	 50243 : 0
 50240	 50251 : 0
 50248	 50327 : 0
 50324	 50335 : 0
 50332	 50343 : 0
 50340	 50359 : 0
 50356	 50403 : 0
 50400	 50407 : 0
 50404	 50411 : 0
 50408	 50415 : 0
 50412	 50435 : 0
 50432	 50439 : 0
 50436	 50463 : 0
 50460	 50467 : 0
 50464	 50475 : 0
 50472	 50483 : 0
 50480	 50507 : 0
 50504	 50511 : 0
 50508	 50535 : 0
 50532	 50543 : 0
 50540	 50579 : 0
 50576	 50587 : 0
 50584	 50635 : 0
 50632	 50643 : 0
 50640	 50659 : 0
 50656	 50671 : 0
 50668	 50699 : 0
 50696	 50711 : 0
 50708	 50735 : 0
 50732	 50747 : 0
 50744	 50771 : 0
 50768	 50779 : 0
 50776	 50783 : 0
 50780	 50787 : 0
 50784	 50819 : 0
 50816	 50827 : 0
 50824	 50867 : 0
 50864	 50871 : 0
 50868	 50915 : 0
 50912	 50919 : 0
 50916	 50923 : 0
 50920	 50935 : 0
 50932	 50955 : 0
 50952	 50959 : 0
 50956	 50975 : 0
 50972	 50979 : 0
 50976	 50983 : 0
 50980	 50987 : 0
 50984	 50999 : 0
 50996	 51003 : 0
 51000	 51011 : 0
 51008	 51015 : 0
 51012	 51043 : 0
 51040	 51047 : 0
 51044	 51051 : 0
 51048	 51055 : 0
 51052	 51127 : 0
 51124	 51131 : 0
 51128	 51171 : 0
 51168	 51175 : 0
 51172	 51187 : 0
 51184	 51191 : 0
 51188	 51195 : 0
 51192	 51199 : 0
 51196	 51207 : 0
 51204	 51219 : 0
 51216	 51231 : 0
 51228	 51235 : 0
 51232	 51263 : 0
 51260	 51267 : 0
 51264	 51271 : 0
 51268	 51275 : 0
 51272	 51279 : 0
 51276	 51291 : 0
 51288	 51355 : 0
 51352	 51359 : 0
 51356	 51383 : 0
 51380	 51387 : 0
 51384	 51391 : 0
 51388	 51399 : 0
 51396	 51475 : 0
 51472	 51479 : 0
 51476	 51503 : 0
 51500	 51507 : 0
 51504	 51515 : 0
 51512	 51519 : 0
 51516	 51579 : 0
 51576	 51583 : 0
 51580	 51599 : 0
 51596	 51603 : 0
 51600	 51619 : 0
 51616	 51627 : 0
 51624	 51635 : 0
 51632	 51639 : 0
 51636	 51663 : 0
 51660	 51667 : 0
 51664	 51675 : 0
 51672	 51679 : 0
 51676	 51699 : 0
 51696	 51707 : 0
 51704	 51735 : 0
 51732	 51747 : 0
 51744	 51771 : 0
 51768	 51779 : 0
 51776	 51783 : 0
 51780	 51787 : 0
 51784	 51795 : 0
 51792	 51799 : 0
 51796	 51807 : 0
 51804	 51811 : 0
 51808	 51823 : 0
 51820	 51827 : 0
 51824	 51851 : 0
 51848	 51855 : 0
 51852	 51863 : 0
 51860	 51867 : 0
 51864	 51903 : 0
 51900	 51911 : 0
 51908	 51963 : 0
 51960	 51967 : 0
 51964	 51975 : 0
 51972	 51987 : 0
 51984	 51995 : 0
 51992	 51999 : 0
 51996	 52003 : 0
 52000	 52007 : 0
 52004	 52011 : 0
 52008	 52015 : 0
 52012	 52039 : 0
 52036	 52043 : 0
 52040	 52047 : 0
 52044	 52059 : 0
 52056	 52075 : 0
 52072	 52079 : 0
 52076	 52087 : 0
 52084	 52095 : 0
 52092	 52159 : 0
 52156	 52171 : 0
 52168	 52207 : 0
 52204	 52215 : 0
 52212	 52247 : 0
 52244	 52259 : 0
 52256	 52303 : 0
 52300	 52307 : 0
 52304	 52311 : 0
 52308	 52319 : 0
 52316	 52323 : 0
 52320	 52331 : 0
 52328	 52335 : 0
 52332	 52339 : 0
 52336	 52383 : 0
 52380	 52391 : 0
 52388	 52399 : 0
 52396	 52403 : 0
 52400	 52407 : 0
 52404	 52411 : 0
 52408	 52423 : 0
 52420	 52427 : 0
 52424	 52435 : 0
 52432	 52443 : 0
 52440	 52463 : 0
 52460	 52471 : 0
 52468	 52491 : 0
 52488	 52495 : 0
 52492	 52543 : 0
 52540	 52547 : 0
 52544	 52555 : 0
 52552	 52563 : 0
 52560	 52623 : 0
 52620	 52627 : 0
 52624	 52659 : 0
 52656	 52667 : 0
 52664	 52715 : 0
 52712	 52719 : 0
 52716	 52739 : 0
 52736	 52747 : 0
 52744	 52779 : 0
 52776	 52787 : 0
 52784	 52819 : 0
 52816	 52823 : 0
 52820	 52847 : 0
 52844	 52851 : 0
 52848	 52855 : 0
 52852	 52859 : 0
 52856	 52863 : 0
 52860	 52867 : 0
 52864	 52891 : 0
 52888	 52907 : 0
 52904	 52915 : 0
 52912	 52919 : 0
 52916	 52939 : 0
 52936	 52947 : 0
 52944	 53003 : 0
 53000	 53007 : 0
 53004	 53011 : 0
 53008	 53023 : 0
 53020	 53047 : 0
 53044	 53051 : 0
 53048	 53087 : 0
 53084	 53091 : 0
 53088	 53119 : 0
 53116	 53135 : 0
 53132	 53195 : 0
 53192	 53203 : 0
 53200	 53239 : 0
 53236	 53251 : 0
 53248	 53283 : 0
 53280	 53291 : 0
 53288	 53311 : 0
 53308	 53315 : 0
 53312	 53351 : 0
 53348	 53371 : 0
 53368	 53427 : 0
 53424	 53443 : 0
 53440	 53463 : 0
 53460	 53467 : 0
 53464	 53471 : 0
 53468	 53479 : 0
 53476	 53491 : 0
 53488	 53495 : 0
 53492	 53543 : 0
 53540	 53555 : 0
 53552	 53559 : 0
 53556	 53563 : 0
 53560	 53583 : 0
 53580	 53587 : 0
 53584	 53591 : 0
 53588	 53599 : 0
 53596	 53659 : 0
 53656	 53667 : 0
 53664	 53699 : 0
 53696	 53719 : 0
 53716	 53739 : 0
 53736	 53747 : 0
 53744	 53755 : 0
 53752	 53759 : 0
 53756	 53775 : 0
 53772	 53787 : 0
 53784	 53819 : 0
 53816	 53827 : 0
 53824	 53855 : 0
 53852	 53859 : 0
 53856	 53867 : 0
 53864	 53875 : 0
 53872	 53891 : 0
 53888	 53895 : 0
 53892	 53903 : 0
 53900	 53907 : 0
 53904	 53931 : 0
 53928	 53935 : 0
 53932	 53939 : 0
 53936	 53947 : 0
 53944	 53995 : 0
 53992	 53999 : 0
 53996	 54039 : 0
 54036	 54059 : 0
 54056	 54083 : 0
 54080	 54087 : 0
 54084	 54091 : 0
 54088	 54099 : 0
 54096	 54119 : 0
 54116	 54127 : 0
 54124	 54155 : 0
 54152	 54159 : 0
 54156	 54167 : 0
 54164	 54175 : 0
 54172	 54203 : 0
 54200	 54211 : 0
 54208	 54235 : 0
 54232	 54239 : 0
 54236	 54243 : 0
 54240	 54247 : 0
 54244	 54251 : 0
 54248	 54255 : 0
 54252	 54287 : 0
 54284	 54291 : 0
 54288	 54335 : 0
 54332	 54339 : 0
 54336	 54391 : 0
 54388	 54403 : 0
 54400	 54411 : 0
 54408	 54419 : 0
 54416	 54439 : 0
 54436	 54443 : 0
 54440	 54467 : 0
 54464	 54475 : 0
 54472	 54503 : 0
 54500	 54507 : 0
 54504	 54511 : 0
 54508	 54519 : 0
 54516	 54527 : 0
 54524	 54539 : 0
 54536	 54543 : 0
 54540	 54551 : 0
 54548	 54555 : 0
 54552	 54559 : 0
 54556	 54591 : 0
 54588	 54595 : 0
 54592	 54599 : 0
 54596	 54603 : 0
 54600	 54611 : 0
 54608	 54615 : 0
 54612	 54619 : 0
 54616	 54627 : 0
 54624	 54631 : 0
 54628	 54639 : 0
 54636	 54655 : 0
 54652	 54667 : 0
 54664	 54699 : 0
 54696	 54703 : 0
 54700	 54739 : 0
 54736	 54759 : 0
 54756	 54763 : 0
 54760	 54767 : 0
 54764	 54787 : 0
 54784	 54791 : 0
 54788	 54795 : 0
 54792	 54799 : 0
 54796	 54819 : 0
 54816	 54827 : 0
 54824	 54863 : 0
 54860	 54867 : 0
 54864	 54895 : 0
 54892	 54903 : 0
 54900	 54931 : 0
 54928	 54939 : 0
 54936	 54967 : 0
 54964	 54975 : 0
 54972	 55019 : 0
 55016	 55023 : 0
 55020	 55035 : 0
 55032	 55039 : 0
 55036	 55043 : 0
 55040	 55047 : 0
 55044	 55087 : 0
 55084	 55095 : 0
 55092	 55099 : 0
 55096	 55103 : 0
 55100	 55159 : 0
 55156	 55163 : 0
 55160	 55171 : 0
 55168	 55175 : 0
 55172	 55179 : 0
 55176	 55183 : 0
 55180	 55195 : 0
 55192	 55199 : 0
 55196	 55203 : 0
 55200	 55219 : 0
 55216	 55239 : 0
 55236	 55243 : 0
 55240	 55255 : 0
 55252	 55259 : 0
 55256	 55275 : 0
 55272	 55287 : 0
 55284	 55315 : 0
 55312	 55319 : 0
 55316	 55363 : 0
 55360	 55371 : 0
 55368	 55395 : 0
 55392	 55403 : 0
 55400	 55427 : 0
 55424	 55447 : 0
 55444	 55471 : 0
 55468	 55475 : 0
 55472	 55487 : 0
 55484	 55491 : 0
 55488	 55507 : 0
 55504	 55515 : 0
 55512	 55547 : 0
 55544	 55559 : 0
 55556	 55595 : 0
 55592	 55599 : 0
 55596	 55619 : 0
 55616	 55631 : 0
 55628	 55635 : 0
 55632	 55639 : 0
 55636	 55643 : 0
 55640	 55647 : 0
 55644	 55663 : 0
 55660	 55667 : 0
 55664	 55675 : 0
 55672	 55679 : 0
 55676	 55735 : 0
 55732	 55751 : 0
 55748	 55779 : 0
 55776	 55795 : 0
 55792	 55827 : 0
 55824	 55831 : 0
 55828	 55855 : 0
 55852	 55867 : 0
 55864	 55891 : 0
 55888	 55911 : 0
 55908	 55955 : 0
 55952	 55963 : 0
 55960	 55967 : 0
 55964	 55971 : 0
 55968	 55979 : 0
 55976	 55983 : 0
 55980	 56007 : 0
 56004	 56031 : 0
 56028	 56055 : 0
 56052	 56063 : 0
 56060	 56075 : 0
 56072	 56079 : 0
 56076	 56083 : 0
 56080	 56087 : 0
 56084	 56091 : 0
 56088	 56099 : 0
 56096	 56127 : 0
 56124	 56135 : 0
 56132	 56143 : 0
 56140	 56147 : 0
 56144	 56199 : 0
 56196	 56207 : 0
 56204	 56235 : 0
 56232	 56251 : 0
 56248	 56271 : 0
 56268	 56275 : 0
 56272	 56283 : 0
 56280	 56295 : 0
 56292	 56315 : 0
 56312	 56323 : 0
 56320	 56331 : 0
 56328	 56335 : 0
 56332	 56343 : 0
 56340	 56347 : 0
 56344	 56375 : 0
 56372	 56379 : 0
 56376	 56407 : 0
 56404	 56411 : 0
 56408	 56415 : 0
 56412	 56419 : 0
 56416	 56463 : 0
 56460	 56467 : 0
 56464	 56471 : 0
 56468	 56479 : 0
 56476	 56483 : 0
 56480	 56491 : 0
 56488	 56495 : 0
 56492	 56499 : 0
 56496	 56547 : 0
 56544	 56555 : 0
 56552	 56583 : 0
 56580	 56587 : 0
 56584	 56591 : 0
 56588	 56603 : 0
 56600	 56667 : 0
 56664	 56671 : 0
 56668	 56675 : 0
 56672	 56679 : 0
 56676	 56703 : 0
 56700	 56707 : 0
 56704	 56715 : 0
 56712	 56719 : 0
 56716	 56751 : 0
 56748	 56755 : 0
 56752	 56811 : 0
 56808	 56815 : 0
 56812	 56819 : 0
 56816	 56827 : 0
 56824	 56835 : 0
 56832	 56839 : 0
 56836	 56855 : 0
 56852	 56859 : 0
 56856	 56875 : 0
 56872	 56879 : 0
 56876	 56887 : 0
 56884	 56891 : 0
 56888	 56895 : 0
 56892	 56907 : 0
 56904	 56935 : 0
 56932	 56951 : 0
 56948	 56963 : 0
 56960	 56967 : 0
 56964	 56975 : 0
 56972	 56979 : 0
 56976	 56983 : 0
 56980	 56987 : 0
 56984	 57007 : 0
 57004	 57011 : 0
 57008	 57019 : 0
 57016	 57027 : 0
 57024	 57047 : 0
 57044	 57055 : 0
 57052	 57063 : 0
 57060	 57067 : 0
 57064	 57099 : 0
 57096	 57111 : 0
 57108	 57115 : 0
 57112	 57119 : 0
 57116	 57167 : 0
 57164	 57187 : 0
 57184	 57207 : 0
 57204	 57211 : 0
 57208	 57227 : 0
 57224	 57231 : 0
 57228	 57235 : 0
 57232	 57239 : 0
 57236	 57263 : 0
 57260	 57267 : 0
 57264	 57275 : 0
 57272	 57279 : 0
 57276	 57291 : 0
 57288	 57295 : 0
 57292	 57319 : 0
 57316	 57323 : 0
 57320	 57355 : 0
 57352	 57359 : 0
 57356	 57395 : 0
 57392	 57399 : 0
 57396	 57407 : 0
 57404	 57415 : 0
 57412	 57427 : 0
 57424	 57431 : 0
 57428	 57471 : 0
 57468	 57479 : 0
 57476	 57511 : 0
 57508	 57519 : 0
 57516	 57571 : 0
 57568	 57575 : 0
 57572	 57587 : 0
 57584	 57595 : 0
 57592	 57623 : 0
 57620	 57627 : 0
 57624	 57635 : 0
 57632	 57643 : 0
 57640	 57667 : 0
 57664	 57671 : 0
 57668	 57675 : 0
 57672	 57679 : 0
 57676	 57703 : 0
 57700	 57707 : 0
 57704	 57743 : 0
 57740	 57747 : 0
 57744	 57755 : 0
 57752	 57763 : 0
 57760	 57863 : 0
 57860	 57867 : 0
 57864	 57935 : 0
 57932	 57939 : 0
 57936	 57947 : 0
 57944	 57951 : 0
 57948	 57959 : 0
 57956	 57963 : 0
 57960	 57983 : 0
 57980	 57987 : 0
 57984	 58015 : 0
 58012	 58019 : 0
 58016	 58051 : 0
 58048	 58055 : 0
 58052	 58059 : 0
 58056	 58067 : 0
 58064	 58091 : 0
 58088	 58095 : 0
 58092	 58103 : 0
 58100	 58107 : 0
 58104	 58123 : 0
 58120	 58127 : 0
 58124	 58135 : 0
 58132	 58143 : 0
 58140	 58155 : 0
 58152	 58163 : 0
 58160	 58187 : 0
 58184	 58191 : 0
 58188	 58203 : 0
 58200	 58215 : 0
 58212	 58279 : 0
 58276	 58287 : 0
 58284	 58315 : 0
 58312	 58319 : 0
 58316	 58327 : 0
 58324	 58331 : 0
 58328	 58347 : 0
 58344	 58351 : 0
 58348	 58371 : 0
 58368	 58375 : 0
 58372	 58383 : 0
 58380	 58387 : 0
 58384	 58391 : 0
 58388	 58403 : 0
 58400	 58415 : 0
 58412	 58427 : 0
 58424	 58431 : 0
 58428	 58451 : 0
 58448	 58467 : 0
 58464	 58483 : 0
 58480	 58491 : 0
 58488	 58499 : 0
 58496	 58503 : 0
 58500	 58519 : 0
 58516	 58535 : 0
 58532	 58543 : 0
 58540	 58555 : 0
 58552	 58563 : 0
 58560	 58575 : 0
 58572	 58579 : 0
 58576	 58583 : 0
 58580	 58607 : 0
 58604	 58611 : 0
 58608	 58615 : 0
 58612	 58627 : 0
 58624	 58631 : 0
 58628	 58639 : 0
 58636	 58643 : 0
 58640	 58651 : 0
 58648	 58659 : 0
 58656	 58679 : 0
 58676	 58683 : 0
 58680	 58691 : 0
 58688	 58695 : 0
 58692	 58703 : 0
 58700	 58707 : 0
 58704	 58719 : 0
 58716	 58723 : 0
 58720	 58743 : 0
 58740	 58747 : 0
 58744	 58787 : 0
 58784	 58791 : 0
 58788	 58795 : 0
 58792	 58799 : 0
 58796	 58823 : 0
 58820	 58827 : 0
 58824	 58839 : 0
 58836	 58843 : 0
 58840	 58851 : 0
 58848	 58855 : 0
 58852	 58859 : 0
 58856	 58863 : 0
 58860	 58899 : 0
 58896	 58907 : 0
 58904	 58919 : 0
 58916	 58923 : 0
 58920	 58931 : 0
 58928	 58939 : 0
 58936	 58975 : 0
 58972	 58979 : 0
 58976	 59019 : 0
 59016	 59023 : 0
 59020	 59039 : 0
 59036	 59043 : 0
 59040	 59051 : 0
 59048	 59055 : 0
 59052	 59091 : 0
 59088	 59095 : 0
 59092	 59143 : 0
 59140	 59147 : 0
 59144	 59195 : 0
 59192	 59199 : 0
 59196	 59243 : 0
 59240	 59255 : 0
 59252	 59271 : 0
 59268	 59279 : 0
 59276	 59319 : 0
 59316	 59327 : 0
 59324	 59343 : 0
 59340	 59347 : 0
 59344	 59355 : 0
 59352	 59363 : 0
 59360	 59367 : 0
 59364	 59375 : 0
 59372	 59399 : 0
 59396	 59403 : 0
 59400	 59439 : 0
 59436	 59443 : 0
 59440	 59479 : 0
 59476	 59483 : 0
 59480	 59523 : 0
 59520	 59527 : 0
 59524	 59551 : 0
 59548	 59555 : 0
 59552	 59591 : 0
 59588	 59599 : 0
 59596	 59607 : 0
 59604	 59611 : 0
 59608	 59631 : 0
 59628	 59635 : 0
 59632	 59667 : 0
 59664	 59675 : 0
 59672	 59703 : 0
 59700	 59707 : 0
 59704	 59715 : 0
 59712	 59719 : 0
 59716	 59755 : 0
 59752	 59763 : 0
 59760	 59823 : 0
 59820	 59827 : 0
 59824	 59835 : 0
 59832	 59839 : 0
 59836	 59871 : 0
 59868	 59879 : 0
 59876	 59939 : 0
 59936	 59947 : 0
 59944	 59955 : 0
 59952	 59959 : 0
 59956	 59995 : 0
 59992	 59999 : 0
 59996	 60011 : 0
 60008	 60019 : 0
 60016	 60059 : 0
 60056	 60063 : 0
 60060	 60075 : 0
 60072	 60079 : 0
 60076	 60091 : 0
 60088	 60095 : 0
 60092	 60131 : 0
 60128	 60135 : 0
 60132	 60143 : 0
 60140	 60147 : 0
 60144	 60167 : 0
 60164	 60175 : 0
 60172	 60183 : 0
 60180	 60187 : 0
 60184	 60211 : 0
 60208	 60215 : 0
 60212	 60235 : 0
 60232	 60239 : 0
 60236	 60263 : 0
 60260	 60267 : 0
 60264	 60287 : 0
 60284	 60295 : 0
 60292	 60319 : 0
 60316	 60323 : 0
 60320	 60335 : 0
 60332	 60339 : 0
 60336	 60363 : 0
 60360	 60367 : 0
 60364	 60395 : 0
 60392	 60403 : 0
 60400	 60427 : 0
 60424	 60431 : 0
 60428	 60435 : 0
 60432	 60439 : 0
 60436	 60511 : 0
 60508	 60519 : 0
 60516	 60547 : 0
 60544	 60551 : 0
 60548	 60555 : 0
 60552	 60559 : 0
 60556	 60567 : 0
 60564	 60571 : 0
 60568	 60631 : 0
 60628	 60643 : 0
 60640	 60671 : 0
 60668	 60675 : 0
 60672	 60707 : 0
 60704	 60715 : 0
 60712	 60795 : 0
 60792	 60799 : 0
 60796	 60823 : 0
 60820	 60827 : 0
 60824	 60863 : 0
 60860	 60867 : 0
 60864	 60951 : 0
 60948	 60967 : 0
 60964	 60975 : 0
 60972	 60995 : 0
 60992	 60999 : 0
 60996	 61015 : 0
 61012	 61027 : 0
 61024	 61043 : 0
 61040	 61051 : 0
 61048	 61059 : 0
 61056	 61079 : 0
 61076	 61083 : 0
 61080	 61087 : 0
 61084	 61099 : 0
 61096	 61103 : 0
 61100	 61115 : 0
 61112	 61119 : 0
 61116	 61123 : 0
 61120	 61131 : 0
 61128	 61135 : 0
 61132	 61143 : 0
 61140	 61147 : 0
 61144	 61155 : 0
 61152	 61159 : 0
 61156	 61171 : 0
 61168	 61175 : 0
 61172	 61187 : 0
 61184	 61203 : 0
 61200	 61215 : 0
 61212	 61219 : 0
 61216	 61251 : 0
 61248	 61255 : 0
 61252	 61279 : 0
 61276	 61291 : 0
 61288	 61323 : 0
 61320	 61335 : 0
 61332	 61383 : 0
 61380	 61387 : 0
 61384	 61399 : 0
 61396	 61407 : 0
 61404	 61435 : 0
 61432	 61443 : 0
 61440	 61451 : 0
 61448	 61455 : 0
 61452	 61463 : 0
 61460	 61467 : 0
 61464	 61475 : 0
 61472	 61483 : 0
 61480	 61491 : 0
 61488	 61495 : 0
 61492	 61515 : 0
 61512	 61519 : 0
 61516	 61531 : 0
 61528	 61535 : 0
 61532	 61551 : 0
 61548	 61563 : 0
 61560	 61567 : 0
 61564	 61571 : 0
 61568	 61587 : 0
 61584	 61591 : 0
 61588	 61599 : 0
 61596	 61603 : 0
 61600	 61607 : 0
 61604	 61611 : 0
 61608	 61631 : 0
 61628	 61635 : 0
 61632	 61643 : 0
 61640	 61647 : 0
 61644	 61679 : 0
 61676	 61683 : 0
 61680	 61747 : 0
 61744	 61751 : 0
 61748	 61791 : 0
 61788	 61799 : 0
 61796	 61835 : 0
 61832	 61839 : 0
 61836	 61859 : 0
 61856	 61867 : 0
 61864	 61875 : 0
 61872	 61879 : 0
 61876	 61915 : 0
 61912	 61919 : 0
 61916	 61943 : 0
 61940	 61947 : 0
 61944	 61951 : 0
 61948	 61955 : 0
 61952	 61975 : 0
 61972	 61979 : 0
 61976	 61991 : 0
 61988	 61995 : 0
 61992	 62007 : 0
 62004	 62011 : 0
 62008	 62019 : 0
 62016	 62027 : 0
 62024	 62059 : 0
 62056	 62079 : 0
 62076	 62091 : 0
 62088	 62099 : 0
 62096	 62103 : 0
 62100	 62107 : 0
 62104	 62131 : 0
 62128	 62135 : 0
 62132	 62183 : 0
 62180	 62187 : 0
 62184	 62223 : 0
 62220	 62227 : 0
 62224	 62247 : 0
 62244	 62251 : 0
 62248	 62263 : 0
 62260	 62267 : 0
 62264	 62299 : 0
 62296	 62303 : 0
 62300	 62315 : 0
 62312	 62319 : 0
 62316	 62343 : 0
 62340	 62347 : 0
 62344	 62363 : 0
 62360	 62375 : 0
 62372	 62387 : 0
 62384	 62391 : 0
 62388	 62411 : 0
 62408	 62415 : 0
 62412	 62443 : 0
 62440	 62447 : 0
 62444	 62463 : 0
 62460	 62467 : 0
 62464	 62479 : 0
 62476	 62483 : 0
 62480	 62487 : 0
 62484	 62491 : 0
 62488	 62515 : 0
 62512	 62519 : 0
 62516	 62555 : 0
 62552	 62559 : 0
 62556	 62595 : 0
 62592	 62607 : 0
 62604	 62635 : 0
 62632	 62639 : 0
 62636	 62651 : 0
 62648	 62667 : 0
 62664	 62671 : 0
 62668	 62675 : 0
 62672	 62679 : 0
 62676	 62691 : 0
 62688	 62695 : 0
 62692	 62727 : 0
 62724	 62731 : 0
 62728	 62751 : 0
 62748	 62755 : 0
 62752	 62763 : 0
 62760	 62771 : 0
 62768	 62791 : 0
 62788	 62795 : 0
 62792	 62803 : 0
 62800	 62811 : 0
 62808	 62815 : 0
 62812	 62823 : 0
 62820	 62827 : 0
 62824	 62851 : 0
 62848	 62855 : 0
 62852	 62863 : 0
 62860	 62871 : 0
 62868	 62879 : 0
 62876	 62887 : 0
 62884	 62903 : 0
 62900	 62907 : 0
 62904	 62979 : 0
 62976	 62983 : 0
 62980	 62999 : 0
 62996	 63003 : 0
 63000	 63015 : 0
 63012	 63023 : 0
 63020	 63071 : 0
 63068	 63075 : 0
 63072	 63091 : 0
 63088	 63095 : 0
 63092	 63135 : 0
 63132	 63139 : 0
 63136	 63179 : 0
 63176	 63183 : 0
 63180	 63187 : 0
 63184	 63191 : 0
 63188	 63223 : 0
 63220	 63227 : 0
 63224	 63251 : 0
 63248	 63255 : 0
 63252	 63283 : 0
 63280	 63291 : 0
 63288	 63327 : 0
 63324	 63331 : 0
 63328	 63339 : 0
 63336	 63343 : 0
 63340	 63363 : 0
 63360	 63367 : 0
 63364	 63395 : 0
 63392	 63399 : 0
 63396	 63407 : 0
 63404	 63419 : 0
 63416	 63451 : 0
 63448	 63455 : 0
 63452	 63475 : 0
 63472	 63487 : 0
 63484	 63531 : 0
 63528	 63535 : 0
 63532	 63555 : 0
 63552	 63559 : 0
 63556	 63631 : 0
 63628	 63639 : 0
 63636	 63651 : 0
 63648	 63655 : 0
 63652	 63723 : 0
 63720	 63735 : 0
 63732	 63743 : 0
 63740	 63747 : 0
 63744	 63751 : 0
 63748	 63763 : 0
 63760	 63771 : 0
 63768	 63775 : 0
 63772	 63791 : 0
 63788	 63799 : 0
 63796	 63827 : 0
 63824	 63831 : 0
 63828	 63915 : 0
 63912	 63919 : 0
 63916	 63979 : 0
 63976	 63987 : 0
 63984	 64035 : 0
 64032	 64039 : 0
 64036	 64055 : 0
 64052	 64063 : 0
 64060	 64075 : 0
 64072	 64079 : 0
 64076	 64091 : 0
 64088	 64095 : 0
 64092	 64099 : 0
 64096	 64107 : 0
 64104	 64135 : 0
 64132	 64143 : 0
 64140	 64155 : 0
 64152	 64159 : 0
 64156	 64167 : 0
 64164	 64171 : 0
 64168	 64175 : 0
 64172	 64183 : 0
 64180	 64211 : 0
 64208	 64215 : 0
 64212	 64223 : 0
 64220	 64227 : 0
 64224	 64263 : 0
 64260	 64267 : 0
 64264	 64323 : 0
 64320	 64331 : 0
 64328	 64343 : 0
 64340	 64347 : 0
 64344	 64383 : 0
 64380	 64387 : 0
 64384	 64395 : 0
 64392	 64399 : 0
 64396	 64403 : 0
 64400	 64407 : 0
 64404	 64415 : 0
 64412	 64427 : 0
 64424	 64435 : 0
 64432	 64439 : 0
 64436	 64447 : 0
 64444	 64451 : 0
 64448	 64467 : 0
 64464	 64471 : 0
 64468	 64495 : 0
 64492	 64499 : 0
 64496	 64503 : 0
 64500	 64507 : 0
 64504	 64523 : 0
 64520	 64527 : 0
 64524	 64563 : 0
 64560	 64567 : 0
 64564	 64571 : 0
 64568	 64575 : 0
 64572	 64595 : 0
 64592	 64603 : 0
 64600	 64607 : 0
 64604	 64615 : 0
 64612	 64631 : 0
 64628	 64639 : 0
 64636	 64675 : 0
 64672	 64679 : 0
 64676	 64723 : 0
 64720	 64727 : 0
 64724	 64783 : 0
 64780	 64787 : 0
 64784	 64795 : 0
 64792	 64799 : 0
 64796	 64807 : 0
 64804	 64811 : 0
 64808	 64831 : 0
 64828	 64843 : 0
 64840	 64863 : 0
 64860	 64871 : 0
 64868	 64875 : 0
 64872	 64879 : 0
 64876	 64947 : 0
 64944	 64951 : 0
 64948	 64955 : 0
 64952	 64959 : 0
 64956	 64983 : 0
 64980	 64987 : 0
 64984	 65019 : 0
 65016	 65023 : 0
 65020	 65035 : 0
 65032	 65039 : 0
 65036	 65071 : 0
 65068	 65079 : 0
 65076	 65095 : 0
 65092	 65099 : 0
 65096	 65135 : 0
 65132	 65139 : 0
 65136	 65143 : 0
 65140	 65147 : 0
 65144	 65191 : 0
 65188	 65199 : 0
 65196	 65211 : 0
 65208	 65219 : 0
 65216	 65239 : 0
 65236	 65283 : 0
 65280	 65287 : 0
 65284	 65311 : 0
 65308	 65319 : 0
 65316	 65339 : 0
 65336	 65347 : 0
 65344	 65371 : 0
 65368	 65387 : 0
 65384	 65391 : 0
 65388	 65403 : 0
 65400	 65415 : 0
 65412	 65419 : 0
 65416	 65427 : 0
 65424	 65439 : 0
 65436	 65443 : 0
 65440	 65455 : 0
 65452	 65459 : 0
 65456	 65475 : 0
 65472	 65487 : 0
 65484	 65491 : 0
 65488	 65495 : 0
 65492	 65519 : 0
 65516	 65523 : 0
 65520	 65555 : 0
 65552	 65563 : 0
 65560	 65611 : 0
 65608	 65615 : 0
 65612	 65623 : 0
 65620	 65627 : 0
 65624	 65635 : 0
 65632	 65639 : 0
 65636	 65651 : 0
 65648	 65655 : 0
 65652	 65671 : 0
 65668	 65679 : 0
 65676	 65715 : 0
 65712	 65731 : 0
 65728	 65759 : 0
 65756	 65763 : 0
 65760	 65767 : 0
 65764	 65775 : 0
 65772	 65783 : 0
 65780	 65787 : 0
 65784	 65831 : 0
 65828	 65839 : 0
 65836	 65863 : 0
 65860	 65871 : 0
 65868	 65903 : 0
 65900	 65911 : 0
 65908	 65955 : 0
 65952	 65959 : 0
 65956	 65967 : 0
 65964	 65975 : 0
 65972	 66019 : 0
 66016	 66027 : 0
 66024	 66059 : 0
 66056	 66067 : 0
 66064	 66071 : 0
 66068	 66079 : 0
 66076	 66095 : 0
 66092	 66099 : 0
 66096	 66135 : 0
 66132	 66139 : 0
 66136	 66183 : 0
 66180	 66187 : 0
 66184	 66211 : 0
 66208	 66215 : 0
 66212	 66223 : 0
 66220	 66227 : 0
 66224	 66235 : 0
 66232	 66239 : 0
 66236	 66251 : 0
 66248	 66267 : 0
 66264	 66339 : 0
 66336	 66343 : 0
 66340	 66403 : 0
 66400	 66407 : 0
 66404	 66411 : 0
 66408	 66415 : 0
 66412	 66487 : 0
 66484	 66491 : 0
 66488	 66527 : 0
 66524	 66531 : 0
 66528	 66595 : 0
 66592	 66603 : 0
 66600	 66647 : 0
 66644	 66651 : 0
 66648	 66691 : 0
 66688	 66695 : 0
 66692	 66703 : 0
 66700	 66707 : 0
 66704	 66751 : 0
 66748	 66755 : 0
 66752	 66795 : 0
 66792	 66799 : 0
 66796	 66827 : 0
 66824	 66831 : 0
 66828	 66863 : 0
 66860	 66867 : 0
 66864	 66875 : 0
 66872	 66879 : 0
 66876	 66931 : 0
 66928	 66935 : 0
 66932	 66943 : 0
 66940	 66951 : 0
 66948	 66983 : 0
 66980	 66987 : 0
 66984	 67035 : 0
 67032	 67043 : 0
 67040	 67103 : 0
 67100	 67107 : 0
 67104	 67135 : 0
 67132	 67139 : 0
 67136	 67155 : 0
 67152	 67159 : 0
 67156	 67175 : 0
 67172	 67179 : 0
 67176	 67187 : 0
 67184	 67191 : 0
 67188	 67223 : 0
 67220	 67227 : 0
 67224	 67231 : 0
 67228	 67235 : 0
 67232	 67263 : 0
 67260	 67267 : 0
 67264	 67291 : 0
 67288	 67295 : 0
 67292	 67299 : 0
 67296	 67307 : 0
 67304	 67331 : 0
 67328	 67335 : 0
 67332	 67339 : 0
 67336	 67347 : 0
 67344	 67375 : 0
 67372	 67383 : 0
 67380	 67519 : 0
 67516	 67527 : 0
 67524	 67543 : 0
 67540	 67547 : 0
 67544	 67555 : 0
 67552	 67559 : 0
 67556	 67567 : 0
 67564	 67575 : 0
 67572	 67595 : 0
 67592	 67599 : 0
 67596	 67615 : 0
 67612	 67619 : 0
 67616	 67639 : 0
 67636	 67643 : 0
 67640	 67651 : 0
 67648	 67659 : 0
 67656	 67687 : 0
 67684	 67695 : 0
 67692	 67719 : 0
 67716	 67727 : 0
 67724	 67755 : 0
 67752	 67759 : 0
 67756	 67763 : 0
 67760	 67767 : 0
 67764	 67791 : 0
 67788	 67799 : 0
 67796	 67803 : 0
 67800	 67811 : 0
 67808	 67879 : 0
 67876	 67883 : 0
 67880	 67903 : 0
 67900	 67911 : 0
 67908	 67967 : 0
 67964	 67971 : 0
 67968	 68011 : 0
 68008	 68019 : 0
 68016	 68023 : 0
 68020	 68039 : 0
 68036	 68047 : 0
 68044	 68051 : 0
 68048	 68075 : 0
 68072	 68079 : 0
 68076	 68103 : 0
 68100	 68107 : 0
 68104	 68139 : 0
 68136	 68147 : 0
 68144	 68155 : 0
 68152	 68159 : 0
 68156	 68175 : 0
 68172	 68179 : 0
 68176	 68215 : 0
 68212	 68219 : 0
 68216	 68263 : 0
 68260	 68267 : 0
 68264	 68319 : 0
 68316	 68323 : 0
 68320	 68339 : 0
 68336	 68347 : 0
 68344	 68363 : 0
 68360	 68375 : 0
 68372	 68415 : 0
 68412	 68419 : 0
 68416	 68427 : 0
 68424	 68431 : 0
 68428	 68439 : 0
 68436	 68443 : 0
 68440	 68483 : 0
 68480	 68499 : 0
 68496	 68547 : 0
 68544	 68551 : 0
 68548	 68555 : 0
 68552	 68559 : 0
 68556	 68611 : 0
 68608	 68615 : 0
 68612	 68639 : 0
 68636	 68643 : 0
 68640	 68679 : 0
 68676	 68683 : 0
 68680	 68711 : 0
 68708	 68715 : 0
 68712	 68727 : 0
 68724	 68735 : 0
 68732	 68747 : 0
 68744	 68751 : 0
 68748	 68803 : 0
 68800	 68807 : 0
 68804	 68811 : 0
 68808	 68815 : 0
 68812	 68847 : 0
 68844	 68851 : 0
 68848	 68875 : 0
 68872	 68879 : 0
 68876	 68887 : 0
 68884	 68891 : 0
 68888	 68923 : 0
 68920	 68927 : 0
 68924	 68943 : 0
 68940	 68947 : 0
 68944	 68959 : 0
 68956	 68963 : 0
 68960	 68991 : 0
 68988	 68995 : 0
 68992	 69011 : 0
 69008	 69015 : 0
 69012	 69039 : 0
 69036	 69047 : 0
 69044	 69059 : 0
 69056	 69067 : 0
 69064	 69071 : 0
 69068	 69079 : 0
 69076	 69107 : 0
 69104	 69111 : 0
 69108	 69115 : 0
 69112	 69119 : 0
 69116	 69123 : 0
 69120	 69127 : 0
 69124	 69179 : 0
 69176	 69187 : 0
 69184	 69191 : 0
 69188	 69199 : 0
 69196	 69215 : 0
 69212	 69219 : 0
 69216	 69263 : 0
 69260	 69271 : 0
 69268	 69303 : 0
 69300	 69311 : 0
 69308	 69355 : 0
 69352	 69359 : 0
 69356	 69379 : 0
 69376	 69383 : 0
 69380	 69387 : 0
 69384	 69391 : 0
 69388	 69403 : 0
 69400	 69407 : 0
 69404	 69415 : 0
 69412	 69423 : 0
 69420	 69431 : 0
 69428	 69435 : 0
 69432	 69459 : 0
 69456	 69463 : 0
 69460	 69475 : 0
 69472	 69479 : 0
 69476	 69483 : 0
 69480	 69487 : 0
 69484	 69495 : 0
 69492	 69503 : 0
 69500	 69527 : 0
 69524	 69539 : 0
 69536	 69555 : 0
 69552	 69559 : 0
 69556	 69603 : 0
 69600	 69607 : 0
 69604	 69623 : 0
 69620	 69627 : 0
 69624	 69647 : 0
 69644	 69655 : 0
 69652	 69743 : 0
 69740	 69747 : 0
 69744	 69759 : 0
 69756	 69775 : 0
 69772	 69795 : 0
 69792	 69799 : 0
 69796	 69803 : 0
 69800	 69811 : 0
 69808	 69815 : 0
 69812	 69819 : 0
 69816	 69835 : 0
 69832	 69843 : 0
 69840	 69863 : 0
 69860	 69867 : 0
 69864	 69875 : 0
 69872	 69883 : 0
 69880	 69959 : 0
 69956	 69963 : 0
 69960	 69987 : 0
 69984	 69991 : 0
 69988	 69995 : 0
 69992	 69999 : 0
 69996	 70023 : 0
 70020	 70027 : 0
 70024	 70059 : 0
 70056	 70063 : 0
 70060	 70071 : 0
 70068	 70075 : 0
 70072	 70095 : 0
 70092	 70111 : 0
 70108	 70131 : 0
 70128	 70135 : 0
 70132	 70139 : 0
 70136	 70143 : 0
 70140	 70175 : 0
 70172	 70191 : 0
 70188	 70223 : 0
 70220	 70239 : 0
 70236	 70255 : 0
 70252	 70259 : 0
 70256	 70291 : 0
 70288	 70295 : 0
 70292	 70299 : 0
 70296	 70303 : 0
 70300	 70371 : 0
 70368	 70375 : 0
 70372	 70395 : 0
 70392	 70399 : 0
 70396	 70419 : 0
 70416	 70427 : 0
 70424	 70451 : 0
 70448	 70467 : 0
 70464	 70495 : 0
 70492	 70503 : 0
 70500	 70515 : 0
 70512	 70519 : 0
 70516	 70559 : 0
 70556	 70563 : 0
 70560	 70567 : 0
 70564	 70575 : 0
 70572	 70691 : 0
 70688	 70699 : 0
 70696	 70719 : 0
 70716	 70735 : 0
 70732	 70795 : 0
 70792	 70799 : 0
 70796	 70803 : 0
 70800	 70811 : 0
 70808	 70823 : 0
 70820	 70827 : 0
 70824	 70871 : 0
 70868	 70875 : 0
 70872	 70879 : 0
 70876	 70887 : 0
 70884	 70911 : 0
 70908	 70915 : 0
 70912	 70955 : 0
 70952	 70959 : 0
 70956	 70987 : 0
 70984	 70999 : 0
 70996	 71039 : 0
 71036	 71043 : 0
 71040	 71063 : 0
 71060	 71067 : 0
 71064	 71083 : 0
 71080	 71087 : 0
 71084	 71139 : 0
 71136	 71147 : 0
 71144	 71151 : 0
 71148	 71159 : 0
 71156	 71179 : 0
 71176	 71183 : 0
 71180	 71195 : 0
 71192	 71199 : 0
 71196	 71231 : 0
 71228	 71239 : 0
 71236	 71259 : 0
 71256	 71271 : 0
 71268	 71339 : 0
 71336	 71347 : 0
 71344	 71371 : 0
 71368	 71379 : 0
 71376	 71383 : 0
 71380	 71395 : 0
 71392	 71419 : 0
 71416	 71427 : 0
 71424	 71451 : 0
 71448	 71455 : 0
 71452	 71487 : 0
 71484	 71503 : 0
 71500	 71531 : 0
 71528	 71535 : 0
 71532	 71563 : 0
 71560	 71571 : 0
 71568	 71575 : 0
 71572	 71579 : 0
 71576	 71603 : 0
 71600	 71611 : 0
 71608	 71651 : 0
 71648	 71655 : 0
 71652	 71659 : 0
 71656	 71663 : 0
 71660	 71683 : 0
 71680	 71695 : 0
 71692	 71727 : 0
 71724	 71731 : 0
 71728	 71763 : 0
 71760	 71767 : 0
 71764	 71795 : 0
 71792	 71799 : 0
 71796	 71807 : 0
 71804	 71811 : 0
 71808	 71839 : 0
 71836	 71851 : 0
 71848	 71887 : 0
 71884	 71891 : 0
 71888	 71907 : 0
 71904	 71911 : 0
 71908	 71915 : 0
 71912	 71927 : 0
 71924	 71951 : 0
 71948	 71959 : 0
 71956	 72023 : 0
 72020	 72027 : 0
 72024	 72063 : 0
 72060	 72067 : 0
 72064	 72075 : 0
 72072	 72083 : 0
 72080	 72103 : 0
 72100	 72107 : 0
 72104	 72139 : 0
 72136	 72143 : 0
 72140	 72151 : 0
 72148	 72155 : 0
 72152	 72179 : 0
 72176	 72191 : 0
 72188	 72219 : 0
 72216	 72223 : 0
 72220	 72255 : 0
 72252	 72271 : 0
 72268	 72295 : 0
 72292	 72299 : 0
 72296	 72307 : 0
 72304	 72311 : 0
 72308	 72343 : 0
 72340	 72347 : 0
 72344	 72351 : 0
 72348	 72359 : 0
 72356	 72371 : 0
 72368	 72375 : 0
 72372	 72383 : 0
 72380	 72387 : 0
 72384	 72411 : 0
 72408	 72415 : 0
 72412	 72451 : 0
 72448	 72455 : 0
 72452	 72491 : 0
 72488	 72495 : 0
 72492	 72503 : 0
 72500	 72507 : 0
 72504	 72527 : 0
 72524	 72531 : 0
 72528	 72535 : 0
 72532	 72543 : 0
 72540	 72575 : 0
 72572	 72579 : 0
 72576	 72599 : 0
 72596	 72607 : 0
 72604	 72611 : 0
 72608	 72619 : 0
 72616	 72647 : 0
 72644	 72655 : 0
 72652	 72679 : 0
 72676	 72683 : 0
 72680	 72695 : 0
 72692	 72699 : 0
 72696	 72711 : 0
 72708	 72715 : 0
 72712	 72723 : 0
 72720	 72727 : 0
 72724	 72759 : 0
 72756	 72763 : 0
 72760	 72767 : 0
 72764	 72775 : 0
 72772	 72799 : 0
 72796	 72803 : 0
 72800	 72811 : 0
 72808	 72819 : 0
 72816	 72851 : 0
 72848	 72855 : 0
 72852	 72871 : 0
 72868	 72879 : 0
 72876	 72883 : 0
 72880	 72891 : 0
 72888	 72895 : 0
 72892	 72899 : 0
 72896	 72903 : 0
 72900	 72907 : 0
 72904	 72915 : 0
 72912	 72919 : 0
 72916	 72931 : 0
 72928	 72935 : 0
 72932	 72951 : 0
 72948	 72963 : 0
 72960	 73035 : 0
 73032	 73039 : 0
 73036	 73103 : 0
 73100	 73115 : 0
 73112	 73119 : 0
 73116	 73123 : 0
 73120	 73143 : 0
 73140	 73147 : 0
 73144	 73155 : 0
 73152	 73159 : 0
 73156	 73163 : 0
 73160	 73167 : 0
 73164	 73183 : 0
 73180	 73187 : 0
 73184	 73219 : 0
 73216	 73227 : 0
 73224	 73235 : 0
 73232	 73239 : 0
 73236	 73259 : 0
 73256	 73263 : 0
 73260	 73299 : 0
 73296	 73311 : 0
 73308	 73335 : 0
 73332	 73347 : 0
 73344	 73387 : 0
 73384	 73391 : 0
 73388	 73407 : 0
 73404	 73411 : 0
 73408	 73415 : 0
 73412	 73423 : 0
 73420	 73451 : 0
 73448	 73455 : 0
 73452	 73463 : 0
 73460	 73471 : 0
 73468	 73499 : 0
 73496	 73503 : 0
 73500	 73515 : 0
 73512	 73519 : 0
 73516	 73523 : 0
 73520	 73527 : 0
 73524	 73563 : 0
 73560	 73567 : 0
 73564	 73575 : 0
 73572	 73579 : 0
 73576	 73639 : 0
 73636	 73659 : 0
 73656	 73679 : 0
 73676	 73695 : 0
 73692	 73735 : 0
 73732	 73739 : 0
 73736	 73755 : 0
 73752	 73759 : 0
 73756	 73767 : 0
 73764	 73775 : 0
 73772	 73799 : 0
 73796	 73815 : 0
 73812	 73835 : 0
 73832	 73839 : 0
 73836	 73843 : 0
 73840	 73847 : 0
 73844	 73871 : 0
 73868	 73883 : 0
 73880	 73911 : 0
 73908	 73935 : 0
 73932	 73951 : 0
 73948	 73955 : 0
 73952	 73991 : 0
 73988	 73995 : 0
 73992	 74027 : 0
 74024	 74043 : 0
 74040	 74107 : 0
 74104	 74111 : 0
 74108	 74115 : 0
 74112	 74119 : 0
 74116	 74143 : 0
 74140	 74151 : 0
 74148	 74195 : 0
 74192	 74199 : 0
 74196	 74259 : 0
 74256	 74271 : 0
 74268	 74291 : 0
 74288	 74295 : 0
 74292	 74331 : 0
 74328	 74339 : 0
 74336	 74343 : 0
 74340	 74351 : 0
 74348	 74375 : 0
 74372	 74383 : 0
 74380	 74387 : 0
 74384	 74391 : 0
 74388	 74423 : 0
 74420	 74427 : 0
 74424	 74447 : 0
 74444	 74451 : 0
 74448	 74491 : 0
 74488	 74495 : 0
 74492	 74503 : 0
 74500	 74511 : 0
 74508	 74567 : 0
 74564	 74571 : 0
 74568	 74611 : 0
 74608	 74627 : 0
 74624	 74651 : 0
 74648	 74655 : 0
 74652	 74683 : 0
 74680	 74687 : 0
 74684	 74691 : 0
 74688	 74695 : 0
 74692	 74723 : 0
 74720	 74735 : 0
 74732	 74759 : 0
 74756	 74763 : 0
 74760	 74795 : 0
 74792	 74811 : 0
 74808	 74847 : 0
 74844	 74851 : 0
 74848	 74855 : 0
 74852	 74859 : 0
 74856	 74895 : 0
 74892	 74899 : 0
 74896	 74931 : 0
 74928	 74935 : 0
 74932	 74951 : 0
 74948	 74959 : 0
 74956	 74963 : 0
 74960	 74971 : 0
 74968	 75023 : 0
 75020	 75043 : 0
 75040	 75047 : 0
 75044	 75055 : 0
 75052	 75063 : 0
 75060	 75071 : 0
 75068	 75075 : 0
 75072	 75079 : 0
 75076	 75115 : 0
 75112	 75119 : 0
 75116	 75147 : 0
 75144	 75159 : 0
 75156	 75223 : 0
 75220	 75227 : 0
 75224	 75299 : 0
 75296	 75307 : 0
 75304	 75311 : 0
 75308	 75315 : 0
 75312	 75351 : 0
 75348	 75355 : 0
 75352	 75371 : 0
 75368	 75387 : 0
 75384	 75411 : 0
 75408	 75427 : 0
 75424	 75491 : 0
 75488	 75499 : 0
 75496	 75531 : 0
 75528	 75535 : 0
 75532	 75579 : 0
 75576	 75587 : 0
 75584	 75595 : 0
 75592	 75599 : 0
 75596	 75643 : 0
 75640	 75647 : 0
 75644	 75659 : 0
 75656	 75663 : 0
 75660	 75679 : 0
 75676	 75683 : 0
 75680	 75723 : 0
 75720	 75727 : 0
 75724	 75763 : 0
 75760	 75771 : 0
 75768	 75819 : 0
 75816	 75823 : 0
 75820	 75835 : 0
 75832	 75843 : 0
 75840	 75875 : 0
 75872	 75879 : 0
 75876	 75907 : 0
 75904	 75911 : 0
 75908	 75915 : 0
 75912	 75919 : 0
 75916	 75963 : 0
 75960	 75967 : 0
 75964	 75991 : 0
 75988	 75999 : 0
 75996	 76035 : 0
 76032	 76039 : 0
 76036	 76063 : 0
 76060	 76075 : 0
 76072	 76103 : 0
 76100	 76107 : 0
 76104	 76119 : 0
 76116	 76123 : 0
 76120	 76159 : 0
 76156	 76167 : 0
 76164	 76183 : 0
 76180	 76199 : 0
 76196	 76223 : 0
 76220	 76227 : 0
 76224	 76275 : 0
 76272	 76279 : 0
 76276	 76339 : 0
 76336	 76359 : 0
 76356	 76415 : 0
 76412	 76419 : 0
 76416	 76423 : 0
 76420	 76427 : 0
 76424	 76455 : 0
 76452	 76467 : 0
 76464	 76567 : 0
 76564	 76575 : 0
 76572	 76583 : 0
 76580	 76587 : 0
 76584	 76591 : 0
 76588	 76595 : 0
 76592	 76611 : 0
 76608	 76623 : 0
 76620	 76647 : 0
 76644	 76651 : 0
 76648	 76655 : 0
 76652	 76659 : 0
 76656	 76683 : 0
 76680	 76687 : 0
 76684	 76691 : 0
 76688	 76699 : 0
 76696	 76703 : 0
 76700	 76707 : 0
 76704	 76723 : 0
 76720	 76731 : 0
 76728	 76763 : 0
 76760	 76767 : 0
 76764	 76799 : 0
 76796	 76815 : 0
 76812	 76851 : 0
 76848	 76855 : 0
 76852	 76871 : 0
 76868	 76875 : 0
 76872	 76883 : 0
 76880	 76891 : 0
 76888	 76915 : 0
 76912	 76919 : 0
 76916	 76927 : 0
 76924	 76931 : 0
 76928	 76967 : 0
 76964	 76971 : 0
 76968	 76983 : 0
 76980	 76987 : 0
 76984	 77011 : 0
 77008	 77015 : 0
 77012	 77039 : 0
 77036	 77047 : 0
 77044	 77055 : 0
 77052	 77059 : 0
 77056	 77119 : 0
 77116	 77123 : 0
 77120	 77143 : 0
 77140	 77147 : 0
 77144	 77151 : 0
 77148	 77159 : 0
 77156	 77195 : 0
 77192	 77199 : 0
 77196	 77219 : 0
 77216	 77227 : 0
 77224	 77235 : 0
 77232	 77239 : 0
 77236	 77263 : 0
 77260	 77267 : 0
 77264	 77275 : 0
 77272	 77283 : 0
 77280	 77311 : 0
 77308	 77315 : 0
 77312	 77351 : 0
 77348	 77355 : 0
 77352	 77379 : 0
 77376	 77391 : 0
 77388	 77435 : 0
 77432	 77439 : 0
 77436	 77455 : 0
 77452	 77459 : 0
 77456	 77471 : 0
 77468	 77475 : 0
 77472	 77495 : 0
 77492	 77507 : 0
 77504	 77515 : 0
 77512	 77519 : 0
 77516	 77531 : 0
 77528	 77535 : 0
 77532	 77579 : 0
 77576	 77587 : 0
 77584	 77607 : 0
 77604	 77615 : 0
 77612	 77715 : 0
 77712	 77719 : 0
 77716	 77723 : 0
 77720	 77731 : 0
 77728	 77767 : 0
 77764	 77771 : 0
 77768	 77779 : 0
 77776	 77787 : 0
 77784	 77795 : 0
 77792	 77807 : 0
 77804	 77839 : 0
 77836	 77843 : 0
 77840	 77847 : 0
 77844	 77851 : 0
 77848	 77911 : 0
 77908	 77919 : 0
 77916	 77927 : 0
 77924	 77931 : 0
 77928	 77955 : 0
 77952	 77959 : 0
 77956	 77971 : 0
 77968	 77975 : 0
 77972	 78031 : 0
 78028	 78039 : 0
 78036	 78083 : 0
 78080	 78091 : 0
 78088	 78107 : 0
 78104	 78111 : 0
 78108	 78119 : 0
 78116	 78123 : 0
 78120	 78131 : 0
 78128	 78135 : 0
 78132	 78147 : 0
 78144	 78159 : 0
 78156	 78171 : 0
 78168	 78179 : 0
 78176	 78187 : 0
 78184	 78195 : 0
 78192	 78199 : 0
 78196	 78203 : 0
 78200	 78207 : 0
 78204	 78211 : 0
 78208	 78223 : 0
 78220	 78227 : 0
 78224	 78263 : 0
 78260	 78267 : 0
 78264	 78271 : 0
 78268	 78279 : 0
 78276	 78315 : 0
 78312	 78319 : 0
 78316	 78331 : 0
 78328	 78335 : 0
 78332	 78343 : 0
 78340	 78347 : 0
 78344	 78355 : 0
 78352	 78363 : 0
 78360	 78371 : 0
 78368	 78391 : 0
 78388	 78415 : 0
 78412	 78419 : 0
 78416	 78423 : 0
 78420	 78431 : 0
 78428	 78455 : 0
 78452	 78463 : 0
 78460	 78491 : 0
 78488	 78499 : 0
 78496	 78543 : 0
 78540	 78547 : 0
 78544	 78603 : 0
 78600	 78615 : 0
 78612	 78647 : 0
 78644	 78651 : 0
 78648	 78659 : 0
 78656	 78667 : 0
 78664	 78691 : 0
 78688	 78703 : 0
 78700	 78707 : 0
 78704	 78711 : 0
 78708	 78727 : 0
 78724	 78731 : 0
 78728	 78767 : 0
 78764	 78771 : 0
 78768	 78775 : 0
 78772	 78783 : 0
 78780	 78799 : 0
 78796	 78807 : 0
 78804	 78839 : 0
 78836	 78843 : 0
 78840	 78867 : 0
 78864	 78875 : 0
 78872	 78887 : 0
 78884	 78891 : 0
 78888	 78919 : 0
 78916	 78923 : 0
 78920	 78931 : 0
 78928	 78935 : 0
 78932	 78955 : 0
 78952	 78959 : 0
 78956	 78987 : 0
 78984	 78991 : 0
 78988	 79007 : 0
 79004	 79011 : 0
 79008	 79019 : 0
 79016	 79023 : 0
 79020	 79051 : 0
 79048	 79055 : 0
 79052	 79059 : 0
 79056	 79063 : 0
 79060	 79123 : 0
 79120	 79127 : 0
 79124	 79147 : 0
 79144	 79155 : 0
 79152	 79187 : 0
 79184	 79191 : 0
 79188	 79215 : 0
 79212	 79223 : 0
 79220	 79303 : 0
 79300	 79315 : 0
 79312	 79427 : 0
 79424	 79431 : 0
 79428	 79459 : 0
 79456	 79463 : 0
 79460	 79511 : 0
 79508	 79515 : 0
 79512	 79531 : 0
 79528	 79539 : 0
 79536	 79563 : 0
 79560	 79567 : 0
 79564	 79571 : 0
 79568	 79583 : 0
 79580	 79587 : 0
 79584	 79591 : 0
 79588	 79651 : 0
 79648	 79655 : 0
 79652	 79687 : 0
 79684	 79691 : 0
 79688	 79759 : 0
 79756	 79771 : 0
 79768	 79815 : 0
 79812	 79823 : 0
 79820	 79851 : 0
 79848	 79859 : 0
 79856	 79919 : 0
 79916	 79923 : 0
 79920	 79975 : 0
 79972	 79979 : 0
 79976	 79995 : 0
 79992	 79999 : 0
 79996	 80015 : 0
 80012	 80019 : 0
 80016	 80035 : 0
 80032	 80047 : 0
 80044	 80079 : 0
 80076	 80091 : 0
 80088	 80107 : 0
 80104	 80151 : 0
 80148	 80163 : 0
 80160	 80167 : 0
 80164	 80175 : 0
 80172	 80207 : 0
 80204	 80227 : 0
 80224	 80231 : 0
 80228	 80263 : 0
 80260	 80267 : 0
 80264	 80339 : 0
 80336	 80347 : 0
 80344	 80363 : 0
 80360	 80367 : 0
 80364	 80387 : 0
 80384	 80391 : 0
 80388	 80403 : 0
 80400	 80407 : 0
 80404	 80415 : 0
 80412	 80419 : 0
 80416	 80455 : 0
 80452	 80463 : 0
 80460	 80495 : 0
 80492	 80499 : 0
 80496	 80507 : 0
 80504	 80511 : 0
 80508	 80519 : 0
 80516	 80523 : 0
 80520	 80571 : 0
 80568	 80579 : 0
 80576	 80611 : 0
 80608	 80615 : 0
 80612	 80663 : 0
 80660	 80667 : 0
 80664	 80727 : 0
 80724	 80731 : 0
 80728	 80743 : 0
 80740	 80751 : 0
 80748	 80767 : 0
 80764	 80771 : 0
 80768	 80835 : 0
 80832	 80839 : 0
 80836	 80847 : 0
 80844	 80851 : 0
 80848	 80883 : 0
 80880	 80887 : 0
 80884	 80899 : 0
 80896	 80903 : 0
 80900	 80915 : 0
 80912	 80935 : 0
 80932	 80967 : 0
 80964	 80975 : 0
 80972	 81035 : 0
 81032	 81039 : 0
 81036	 81071 : 0
 81068	 81083 : 0
 81080	 81087 : 0
 81084	 81091 : 0
 81088	 81119 : 0
 81116	 81123 : 0
 81120	 81179 : 0
 81176	 81183 : 0
 81180	 81187 : 0
 81184	 81199 : 0
 81196	 81203 : 0
 81200	 81207 : 0
 81204	 81223 : 0
 81220	 81231 : 0
 81228	 81263 : 0
 81260	 81271 : 0
 81268	 81275 : 0
 81272	 81279 : 0
 81276	 81299 : 0
 81296	 81303 : 0
 81300	 81379 : 0
 81376	 81387 : 0
 81384	 81391 : 0
 81388	 81395 : 0
 81392	 81407 : 0
 81404	 81411 : 0
 81408	 81415 : 0
 81412	 81419 : 0
 81416	 81455 : 0
 81452	 81459 : 0
 81456	 81463 : 0
 81460	 81467 : 0
 81464	 81491 : 0
 81488	 81499 : 0
 81496	 81535 : 0
 81532	 81539 : 0
 81536	 81543 : 0
 81540	 81547 : 0
 81544	 81591 : 0
 81588	 81595 : 0
 81592	 81679 : 0
 81676	 81683 : 0
 81680	 81727 : 0
 81724	 81731 : 0
 81728	 81759 : 0
 81756	 81767 : 0
 81764	 81903 : 0
 81900	 81907 : 0
 81904	 81931 : 0
 81928	 81935 : 0
 81932	 81959 : 0
 81956	 81963 : 0
 81960	 81967 : 0
 81964	 81971 : 0
 81968	 81995 : 0
 81992	 82003 : 0
 82000	 82011 : 0
 82008	 82015 : 0
 82012	 82051 : 0
 82048	 82059 : 0
 82056	 82103 : 0
 82100	 82107 : 0
 82104	 82119 : 0
 82116	 82123 : 0
 82120	 82127 : 0
 82124	 82131 : 0
 82128	 82171 : 0
 82168	 82175 : 0
 82172	 82195 : 0
 82192	 82199 : 0
 82196	 82223 : 0
 82220	 82227 : 0
 82224	 82291 : 0
 82288	 82295 : 0
 82292	 82299 : 0
 82296	 82307 : 0
 82304	 82315 : 0
 82312	 82319 : 0
 82316	 82351 : 0
 82348	 82359 : 0
 82356	 82383 : 0
 82380	 82387 : 0
 82384	 82455 : 0
 82452	 82463 : 0
 82460	 82471 : 0
 82468	 82479 : 0
 82476	 82531 : 0
 82528	 82539 : 0
 82536	 82571 : 0
 82568	 82587 : 0
 82584	 82631 : 0
 82628	 82639 : 0
 82636	 82647 : 0
 82644	 82651 : 0
 82648	 82687 : 0
 82684	 82699 : 0
 82696	 82767 : 0
 82764	 82771 : 0
 82768	 82891 : 0
 82888	 82895 : 0
 82892	 82967 : 0
 82964	 82975 : 0
 82972	 82995 : 0
 82992	 83003 : 0
 83000	 83035 : 0
 83032	 83039 : 0
 83036	 83051 : 0
 83048	 83055 : 0
 83052	 83071 : 0
 83068	 83075 : 0
 83072	 83095 : 0
 83092	 83099 : 0
 83096	 83107 : 0
 83104	 83111 : 0
 83108	 83147 : 0
 83144	 83163 : 0
 83160	 83175 : 0
 83172	 83179 : 0
 83176	 83199 : 0
 83196	 83203 : 0
 83200	 83227 : 0
 83224	 83235 : 0
 83232	 83255 : 0
 83252	 83259 : 0
 83256	 83263 : 0
 83260	 83267 : 0
 83264	 83279 : 0
 83276	 83283 : 0
 83280	 83315 : 0
 83312	 83319 : 0
 83316	 83343 : 0
 83340	 83347 : 0
 83344	 83351 : 0
 83348	 83359 : 0
 83356	 83419 : 0
 83416	 83423 : 0
 83420	 83459 : 0
 83456	 83463 : 0
 83460	 83499 : 0
 83496	 83503 : 0
 83500	 83507 : 0
 83504	 83515 : 0
 83512	 83551 : 0
 83548	 83555 : 0
 83552	 83575 : 0
 83572	 83583 : 0
 83580	 83619 : 0
 83616	 83627 : 0
 83624	 83647 : 0
 83644	 83651 : 0
 83648	 83659 : 0
 83656	 83663 : 0
 83660	 83667 : 0
 83664	 83671 : 0
 83668	 83675 : 0
 83672	 83679 : 0
 83676	 83691 : 0
 83688	 83695 : 0
 83692	 83699 : 0
 83696	 83703 : 0
 83700	 83715 : 0
 83712	 83727 : 0
 83724	 83747 : 0
 83744	 83751 : 0
 83748	 83779 : 0
 83776	 83783 : 0
 83780	 83803 : 0
 83800	 83811 : 0
 83808	 83831 : 0
 83828	 83835 : 0
 83832	 83855 : 0
 83852	 83859 : 0
 83856	 83871 : 0
 83868	 83875 : 0
 83872	 83879 : 0
 83876	 83887 : 0
 83884	 83919 : 0
 83916	 83923 : 0
 83920	 83971 : 0
 83968	 83979 : 0
 83976	 83987 : 0
 83984	 83991 : 0
 83988	 84015 : 0
 84012	 84019 : 0
 84016	 84051 : 0
 84048	 84055 : 0
 84052	 84075 : 0
 84072	 84079 : 0
 84076	 84111 : 0
 84108	 84115 : 0
 84112	 84131 : 0
 84128	 84135 : 0
 84132	 84147 : 0
 84144	 84151 : 0
 84148	 84183 : 0
 84180	 84187 : 0
 84184	 84195 : 0
 84192	 84199 : 0
 84196	 84207 : 0
 84204	 84215 : 0
 84212	 84247 : 0
 84244	 84255 : 0
 84252	 84267 : 0
 84264	 84271 : 0
 84268	 84275 : 0
 84272	 84279 : 0
 84276	 84299 : 0
 84296	 84303 : 0
 84300	 84311 : 0
 84308	 84319 : 0
 84316	 84383 : 0
 84380	 84387 : 0
 84384	 84419 : 0
 84416	 84423 : 0
 84420	 84483 : 0
 84480	 84487 : 0
 84484	 84491 : 0
 84488	 84511 : 0
 84508	 84551 : 0
 84548	 84555 : 0
 84552	 84575 : 0
 84572	 84583 : 0
 84580	 84699 : 0
 84696	 84707 : 0
 84704	 84783 : 0
 84780	 84787 : 0
 84784	 84843 : 0
 84840	 84851 : 0
 84848	 84891 : 0
 84888	 84895 : 0
 84892	 84915 : 0
 84912	 84919 : 0
 84916	 84935 : 0
 84932	 84939 : 0
 84936	 84959 : 0
 84956	 84967 : 0
 84964	 84999 : 0
 84996	 85003 : 0
 85000	 85011 : 0
 85008	 85015 : 0
 85012	 85047 : 0
 85044	 85051 : 0
 85048	 85071 : 0
 85068	 85079 : 0
 85076	 85087 : 0
 85084	 85091 : 0
 85088	 85151 : 0
 85148	 85159 : 0
 85156	 85191 : 0
 85188	 85195 : 0
 85192	 85231 : 0
 85228	 85235 : 0
 85232	 85243 : 0
 85240	 85247 : 0
 85244	 85267 : 0
 85264	 85271 : 0
 85268	 85279 : 0
 85276	 85311 : 0
 85308	 85331 : 0
 85328	 85367 : 0
 85364	 85371 : 0
 85368	 85419 : 0
 85416	 85423 : 0
 85420	 85427 : 0
 85424	 85431 : 0
 85428	 85475 : 0
 85472	 85487 : 0
 85484	 85523 : 0
 85520	 85535 : 0
 85532	 85555 : 0
 85552	 85563 : 0
 85560	 85579 : 0
 85576	 85583 : 0
 85580	 85623 : 0
 85620	 85631 : 0
 85628	 85683 : 0
 85680	 85691 : 0
 85688	 85695 : 0
 85692	 85699 : 0
 85696	 85703 : 0
 85700	 85719 : 0
 85716	 85731 : 0
 85728	 85743 : 0
 85740	 85783 : 0
 85780	 85799 : 0
 85796	 85831 : 0
 85828	 85835 : 0
 85832	 85839 : 0
 85836	 85843 : 0
 85840	 85859 : 0
 85856	 85863 : 0
 85860	 85899 : 0
 85896	 85907 : 0
 85904	 85915 : 0
 85912	 85919 : 0
 85916	 85939 : 0
 85936	 85951 : 0
 85948	 85995 : 0
 85992	 85999 : 0
 85996	 86003 : 0
 86000	 86007 : 0
 86004	 86015 : 0
 86012	 86019 : 0
 86016	 86055 : 0
 86052	 86059 : 0
 86056	 86087 : 0
 86084	 86091 : 0
 86088	 86107 : 0
 86104	 86115 : 0
 86112	 86119 : 0
 86116	 86123 : 0
 86120	 86175 : 0
 86172	 86179 : 0
 86176	 86231 : 0
