37.0 180.0 259.0 1.0
1.0 62.0 47.0 1.0
35.0 57.0 89.0 1.0
1.0 55.0 58.0 1.0
1.0 58.0 85.0 1.0
1.0 85.0 42.0 1.0
1.0 42.0 102.0 1.0
1.0 102.0 55.0 1.0
1.0 55.0 65.0 1.0
1.0 34.0 35.0 1.0
1.0 41.0 55.0 1.0
1.0 55.0 342.0 1.0
1.0 184.0 23.0 1.0
1.0 23.0 16.0 1.0
1.0 16.0 23.0 1.0
1.0 23.0 24.0 1.0
1.0 24.0 44.0 1.0
46.0 112.0 119.0 1.0
1.0 212.0 55.0 1.0
1.0 55.0 54.0 1.0
1.0 50.0 41.0 1.0
1.0 41.0 55.0 1.0
1.0 55.0 43.0 1.0
1.0 43.0 65.0 1.0
1.0 40.0 46.0 1.0
1.0 46.0 46.0 1.0
1.0 46.0 38.0 1.0
1.0 38.0 119.0 1.0
1.0 37.0 60.0 1.0
1.0 60.0 126.0 1.0
1.0 47.0 52.0 1.0
1.0 52.0 33.0 1.0
1.0 51.0 49.0 1.0
1.0 49.0 92.0 1.0
1.0 94.0 59.0 1.0
1.0 59.0 124.0 1.0
1.0 49.0 52.0 1.0
1.0 52.0 73.0 1.0
38.0 47.0 54.0 1.0
1.0 103.0 60.0 1.0
1.0 60.0 81.0 1.0
1.0 83.0 57.0 1.0
1.0 57.0 130.0 1.0
1.0 130.0 47.0 1.0
1.0 47.0 50.0 1.0
50.0 99.0 118.0 1.0
1.0 69.0 26.0 1.0
1.0 26.0 65.0 1.0
1.0 65.0 37.0 1.0
1.0 37.0 78.0 1.0
1.0 64.0 20.0 1.0
1.0 20.0 73.0 1.0
1.0 73.0 7.0 1.0
1.0 7.0 152.0 1.0
1.0 152.0 14.0 1.0
1.0 14.0 35.0 1.0
1.0 35.0 34.0 1.0
1.0 34.0 48.0 1.0
1.0 48.0 14.0 1.0
1.0 14.0 71.0 1.0
67.0 209.0 580.0 1.0
50.0 106.0 127.0 1.0
34.0 46.0 142.0 1.0
1.0 126.0 31.0 1.0
1.0 50.0 122.0 1.0
1.0 122.0 54.0 1.0
1.0 54.0 49.0 1.0
1.0 49.0 103.0 1.0
1.0 46.0 99.0 1.0
1.0 42.0 56.0 1.0
1.0 56.0 46.0 1.0
39.0 91.0 100.0 1.0
1.0 43.0 56.0 1.0
1.0 56.0 58.0 1.0
1.0 86.0 34.0 1.0
1.0 34.0 93.0 1.0
1.0 100.0 54.0 1.0
1.0 54.0 91.0 1.0
1.0 91.0 59.0 1.0
1.0 59.0 101.0 1.0
1.0 101.0 27.0 1.0
1.0 27.0 51.0 1.0
1.0 51.0 75.0 1.0
1.0 75.0 45.0 1.0
1.0 45.0 155.0 1.0
1.0 155.0 21.0 1.0
1.0 21.0 39.0 1.0
1.0 39.0 44.0 1.0
1.0 44.0 57.0 1.0
1.0 57.0 40.0 1.0
1.0 48.0 161.0 1.0
39.0 199.0 62.0 1.0
1.0 33.0 56.0 1.0
1.0 56.0 64.0 1.0
1.0 64.0 23.0 1.0
1.0 23.0 48.0 1.0
1.0 48.0 36.0 1.0
1.0 36.0 49.0 1.0
1.0 49.0 63.0 1.0
1.0 63.0 25.0 1.0
1.0 25.0 37.0 1.0
1.0 37.0 42.0 1.0
1.0 83.0 46.0 1.0
1.0 46.0 84.0 1.0
37.0 63.0 40.0 1.0
42.0 207.0 51.0 1.0
1.0 34.0 49.0 1.0
1.0 59.0 174.0 1.0
1.0 44.0 42.0 1.0
1.0 42.0 81.0 1.0
1.0 74.0 57.0 1.0
1.0 57.0 37.0 1.0
1.0 37.0 81.0 1.0
40.0 120.0 45.0 1.0
1.0 60.0 26.0 1.0
1.0 26.0 45.0 1.0
32.0 35.0 267.0 1.0
31.0 44.0 185.0 1.0
40.0 194.0 192.0 1.0
1.0 7.0 141.0 1.0
32.0 45.0 405.0 1.0
34.0 237.0 89.0 1.0
39.0 48.0 97.0 1.0
1.0 59.0 61.0 1.0
1.0 61.0 44.0 1.0
1.0 46.0 58.0 1.0
1.0 58.0 76.0 1.0
1.0 182.0 43.0 1.0
1.0 43.0 49.0 1.0
1.0 49.0 46.0 1.0
1.0 46.0 41.0 1.0
65.0 222.0 96.0 1.0
1.0 125.0 50.0 1.0
1.0 50.0 48.0 1.0
43.0 90.0 112.0 1.0
39.0 108.0 226.0 1.0
38.0 225.0 119.0 1.0
1.0 82.0 33.0 1.0
1.0 33.0 44.0 1.0
1.0 44.0 60.0 1.0
1.0 39.0 34.0 1.0
1.0 34.0 56.0 1.0
1.0 56.0 51.0 1.0
1.0 51.0 40.0 1.0
1.0 40.0 34.0 1.0
1.0 34.0 79.0 1.0
33.0 36.0 65.0 1.0
1.0 33.0 27.0 1.0
1.0 45.0 74.0 1.0
1.0 24.0 69.0 1.0
1.0 69.0 33.0 1.0
1.0 33.0 102.0 1.0
60.0 161.0 171.0 1.0
135.0 0.0 693.0 0.0
229.0 787.0 668.0 0.0
117.0 556.0 465.0 0.0
117.0 465.0 133.0 0.0
107.0 123.0 250.0 0.0
111.0 333.0 170.0 0.0
72.0 131.0 94.0 0.0
52.0 74.0 113.0 0.0
35.0 96.0 126.0 0.0
41.0 132.0 83.0 0.0
34.0 76.0 103.0 0.0
102.0 171.0 181.0 0.0
80.0 159.0 174.0 0.0
49.0 143.0 85.0 0.0
47.0 83.0 94.0 0.0
77.0 124.0 259.0 0.0
40.0 222.0 78.0 0.0
52.0 90.0 114.0 0.0
36.0 98.0 186.0 0.0
68.0 218.0 96.0 0.0
73.0 101.0 238.0 0.0
40.0 205.0 115.0 0.0
53.0 128.0 214.0 0.0
33.0 194.0 34.0 0.0
34.0 35.0 119.0 0.0
39.0 124.0 82.0 0.0
69.0 112.0 108.0 0.0
36.0 75.0 85.0 0.0
40.0 89.0 49.0 0.0
48.0 57.0 65.0 0.0
43.0 60.0 213.0 0.0
32.0 202.0 33.0 0.0
31.0 32.0 45.0 0.0
32.0 46.0 69.0 0.0
58.0 95.0 109.0 0.0
63.0 114.0 80.0 0.0
54.0 71.0 113.0 0.0
31.0 90.0 56.0 0.0
42.0 67.0 66.0 0.0
40.0 64.0 89.0 0.0
32.0 81.0 41.0 0.0
32.0 41.0 117.0 0.0
1.0 86.0 62.0 0.0
36.0 82.0 128.0 0.0
38.0 130.0 46.0 0.0
34.0 42.0 50.0 0.0
34.0 50.0 126.0 0.0
33.0 125.0 58.0 0.0
33.0 58.0 66.0 0.0
32.0 65.0 54.0 0.0
31.0 95.0 35.0 0.0
31.0 35.0 64.0 0.0
1.0 35.0 41.0 0.0
41.0 382.0 54.0 0.0
36.0 49.0 219.0 0.0
33.0 76.0 71.0 0.0
69.0 107.0 93.0 0.0
55.0 79.0 692.0 0.0
50.0 687.0 261.0 0.0
41.0 252.0 129.0 0.0
36.0 124.0 57.0 0.0
36.0 57.0 91.0 0.0
77.0 132.0 126.0 0.0
38.0 87.0 52.0 0.0
31.0 45.0 47.0 0.0
37.0 53.0 110.0 0.0
33.0 106.0 38.0 0.0
36.0 41.0 102.0 0.0
59.0 132.0 335.0 0.0
103.0 379.0 179.0 0.0
145.0 221.0 604.0 0.0
90.0 549.0 794.0 0.0
99.0 803.0 310.0 0.0
38.0 91.0 78.0 0.0
35.0 75.0 84.0 0.0
46.0 110.0 92.0 0.0
37.0 83.0 59.0 0.0
42.0 64.0 182.0 0.0
67.0 207.0 99.0 0.0
45.0 77.0 56.0 0.0
38.0 49.0 77.0 0.0
40.0 158.0 59.0 0.0
37.0 56.0 73.0 0.0
37.0 162.0 83.0 0.0
33.0 65.0 83.0 0.0
32.0 123.0 33.0 0.0
31.0 32.0 214.0 0.0
32.0 215.0 36.0 0.0
32.0 36.0 89.0 0.0
47.0 104.0 110.0 0.0
34.0 97.0 148.0 0.0
92.0 206.0 173.0 0.0
42.0 123.0 59.0 0.0
34.0 51.0 94.0 0.0
76.0 136.0 112.0 0.0
85.0 121.0 178.0 0.0
38.0 161.0 94.0 0.0
33.0 89.0 39.0 0.0
31.0 37.0 43.0 0.0
33.0 45.0 127.0 0.0
33.0 127.0 35.0 0.0
34.0 36.0 61.0 0.0
39.0 66.0 87.0 0.0
33.0 105.0 44.0 0.0
37.0 48.0 87.0 0.0
32.0 82.0 48.0 0.0
34.0 50.0 43.0 0.0
42.0 58.0 75.0 0.0
31.0 64.0 214.0 0.0
84.0 267.0 273.0 0.0
37.0 226.0 158.0 0.0
81.0 202.0 121.0 0.0
95.0 135.0 339.0 0.0
78.0 322.0 144.0 0.0
61.0 127.0 174.0 0.0
43.0 156.0 76.0 0.0
32.0 65.0 50.0 0.0
36.0 54.0 52.0 0.0
34.0 50.0 99.0 0.0
32.0 97.0 89.0 0.0
36.0 93.0 45.0 0.0
32.0 41.0 66.0 0.0
57.0 91.0 72.0 0.0
52.0 67.0 227.0 0.0
35.0 210.0 66.0 0.0
35.0 66.0 67.0 0.0
32.0 64.0 135.0 0.0
49.0 152.0 80.0 0.0
61.0 92.0 213.0 0.0
53.0 205.0 75.0 0.0
35.0 57.0 51.0 0.0
46.0 62.0 154.0 0.0
59.0 167.0 100.0 0.0
31.0 72.0 133.0 0.0
33.0 113.0 104.0 0.0
32.0 103.0 238.0 0.0
47.0 253.0 116.0 0.0
34.0 103.0 47.0 0.0
33.0 46.0 57.0 0.0
48.0 72.0 130.0 0.0
64.0 141.0 127.0 0.0
44.0 114.0 202.0 0.0
45.0 203.0 187.0 0.0
46.0 559.0 102.0 0.0
38.0 115.0 304.0 0.0
34.0 300.0 112.0 0.0
31.0 109.0 32.0 0.0
32.0 33.0 47.0 0.0
36.0 51.0 37.0 0.0
37.0 38.0 69.0 0.0
38.0 70.0 45.0 0.0
31.0 38.0 42.0 0.0
31.0 42.0 44.0 0.0
34.0 47.0 37.0 0.0
35.0 38.0 57.0 0.0
31.0 53.0 43.0 0.0
40.0 148.0 99.0 0.0
49.0 108.0 84.0 0.0
44.0 79.0 75.0 0.0
31.0 62.0 145.0 0.0
70.0 184.0 111.0 0.0
42.0 83.0 65.0 0.0
38.0 61.0 104.0 0.0
40.0 106.0 50.0 0.0
37.0 47.0 70.0 0.0
36.0 69.0 161.0 0.0
1.0 31.0 50.0 0.0
1.0 103.0 54.0 0.0
1.0 54.0 46.0 0.0
31.0 129.0 36.0 0.0
33.0 38.0 37.0 0.0
31.0 35.0 45.0 0.0
31.0 45.0 62.0 0.0
34.0 65.0 34.0 0.0
34.0 34.0 48.0 0.0
31.0 45.0 55.0 0.0
43.0 67.0 112.0 0.0
42.0 111.0 80.0 0.0
39.0 77.0 72.0 0.0
31.0 64.0 45.0 0.0
32.0 46.0 36.0 0.0
31.0 35.0 70.0 0.0
42.0 81.0 100.0 0.0
31.0 89.0 34.0 0.0
31.0 34.0 80.0 0.0
36.0 85.0 77.0 0.0
33.0 78.0 139.0 0.0
33.0 139.0 82.0 0.0
53.0 102.0 191.0 0.0
100.0 238.0 153.0 0.0
52.0 105.0 93.0 0.0
83.0 124.0 198.0 0.0
33.0 148.0 40.0 0.0
38.0 45.0 41.0 0.0
38.0 41.0 59.0 0.0
36.0 57.0 88.0 0.0
32.0 93.0 44.0 0.0
38.0 50.0 152.0 0.0
33.0 147.0 96.0 0.0
49.0 112.0 119.0 0.0
37.0 107.0 79.0 0.0
32.0 74.0 129.0 0.0
34.0 131.0 48.0 0.0
31.0 45.0 73.0 0.0
1.0 58.0 80.0 0.0
41.0 120.0 72.0 0.0
40.0 71.0 125.0 0.0
47.0 139.0 63.0 0.0
43.0 59.0 63.0 0.0
48.0 68.0 147.0 0.0
38.0 77.0 76.0 0.0
1.0 39.0 48.0 0.0
31.0 54.0 63.0 0.0
34.0 75.0 59.0 0.0
32.0 57.0 33.0 0.0
32.0 33.0 40.0 0.0
31.0 39.0 94.0 0.0
72.0 135.0 96.0 0.0
52.0 76.0 134.0 0.0
48.0 131.0 104.0 0.0
34.0 90.0 67.0 0.0
42.0 75.0 71.0 0.0
44.0 73.0 83.0 0.0
34.0 73.0 37.0 0.0
34.0 37.0 104.0 0.0
59.0 129.0 85.0 0.0
36.0 39.0 125.0 0.0
42.0 131.0 182.0 0.0
158.0 298.0 323.0 0.0
38.0 47.0 49.0 0.0
36.0 47.0 103.0 0.0
39.0 106.0 44.0 0.0
35.0 40.0 48.0 0.0
43.0 56.0 99.0 0.0
36.0 92.0 136.0 0.0
33.0 133.0 66.0 0.0
1.0 49.0 143.0 0.0
58.0 200.0 98.0 0.0
36.0 76.0 88.0 0.0
58.0 110.0 85.0 0.0
40.0 67.0 84.0 0.0
1.0 45.0 59.0 0.0
1.0 59.0 37.0 0.0
1.0 37.0 39.0 0.0
1.0 39.0 59.0 0.0
54.0 227.0 207.0 0.0
68.0 221.0 125.0 0.0
72.0 129.0 185.0 0.0
32.0 145.0 48.0 0.0
32.0 48.0 181.0 0.0
51.0 200.0 101.0 0.0
33.0 83.0 34.0 0.0
32.0 33.0 41.0 0.0
33.0 42.0 76.0 0.0
59.0 139.0 132.0 0.0
37.0 42.0 126.0 0.0
36.0 125.0 95.0 0.0
42.0 86.0 125.0 0.0
32.0 115.0 35.0 0.0
45.0 280.0 65.0 0.0
32.0 52.0 234.0 0.0
76.0 278.0 170.0 0.0
40.0 134.0 49.0 0.0
37.0 46.0 55.0 0.0
35.0 53.0 143.0 0.0
41.0 149.0 54.0 0.0
56.0 208.0 72.0 0.0
54.0 70.0 63.0 0.0
63.0 72.0 182.0 0.0
56.0 175.0 64.0 0.0
54.0 62.0 189.0 0.0
33.0 168.0 47.0 0.0
31.0 45.0 215.0 0.0
49.0 233.0 113.0 0.0
87.0 151.0 169.0 0.0
35.0 117.0 223.0 0.0
35.0 223.0 60.0 0.0
32.0 57.0 56.0 0.0
34.0 58.0 93.0 0.0
41.0 100.0 46.0 0.0
36.0 41.0 311.0 0.0
36.0 311.0 54.0 0.0
37.0 55.0 141.0 0.0
103.0 207.0 188.0 0.0
35.0 120.0 263.0 0.0
69.0 297.0 126.0 0.0
40.0 97.0 90.0 0.0
74.0 124.0 93.0 0.0
59.0 78.0 134.0 0.0
78.0 153.0 383.0 0.0
78.0 383.0 161.0 0.0
59.0 142.0 127.0 0.0
1.0 69.0 7.0 0.0
43.0 183.0 56.0 0.0
67.0 440.0 142.0 0.0
39.0 114.0 132.0 0.0
98.0 191.0 151.0 0.0
77.0 130.0 225.0 0.0
37.0 185.0 52.0 0.0
36.0 51.0 47.0 0.0
41.0 52.0 102.0 0.0
48.0 109.0 118.0 0.0
46.0 116.0 249.0 0.0
31.0 86.0 72.0 0.0
36.0 77.0 60.0 0.0
38.0 62.0 47.0 0.0
37.0 80.0 90.0 0.0
66.0 119.0 116.0 0.0
34.0 84.0 74.0 0.0
39.0 79.0 183.0 0.0
39.0 183.0 59.0 0.0
42.0 62.0 87.0 0.0
59.0 134.0 218.0 0.0
37.0 196.0 59.0 0.0
50.0 72.0 231.0 0.0
33.0 73.0 65.0 0.0
53.0 85.0 205.0 0.0
46.0 198.0 72.0 0.0
34.0 60.0 55.0 0.0
32.0 53.0 101.0 0.0
39.0 108.0 353.0 0.0
249.0 563.0 645.0 0.0
32.0 428.0 39.0 0.0
38.0 45.0 102.0 0.0
42.0 106.0 72.0 0.0
59.0 89.0 363.0 0.0
31.0 335.0 38.0 0.0
33.0 40.0 42.0 0.0
41.0 50.0 79.0 0.0
53.0 91.0 115.0 0.0
35.0 97.0 121.0 0.0
101.0 187.0 258.0 0.0
40.0 71.0 47.0 0.0
45.0 52.0 55.0 0.0
35.0 45.0 72.0 0.0
36.0 73.0 59.0 0.0
33.0 56.0 44.0 0.0
36.0 47.0 67.0 0.0
47.0 78.0 88.0 0.0
45.0 86.0 90.0 0.0
34.0 79.0 63.0 0.0
37.0 66.0 161.0 0.0
38.0 97.0 76.0 0.0
31.0 109.0 133.0 0.0
77.0 179.0 119.0 0.0
101.0 143.0 151.0 0.0
67.0 117.0 106.0 0.0
54.0 93.0 135.0 0.0
45.0 126.0 50.0 0.0
48.0 53.0 81.0 0.0
33.0 66.0 43.0 0.0
40.0 50.0 110.0 0.0
33.0 103.0 84.0 0.0
33.0 84.0 83.0 0.0
33.0 83.0 36.0 0.0
34.0 37.0 39.0 0.0
36.0 41.0 41.0 0.0
34.0 39.0 37.0 0.0
1.0 27.0 161.0 0.0
1.0 161.0 45.0 0.0
57.0 130.0 96.0 0.0
37.0 76.0 41.0 0.0
40.0 44.0 104.0 0.0
35.0 99.0 108.0 0.0
39.0 112.0 220.0 0.0
41.0 222.0 69.0 0.0
41.0 69.0 54.0 0.0
32.0 45.0 105.0 0.0
45.0 118.0 122.0 0.0
1.0 78.0 24.0 0.0
118.0 229.0 175.0 0.0
97.0 154.0 0.0 0.0
1.0 121.0 121.0 1.0
1.0 121.0 410.0 1.0
1.0 410.0 267.0 1.0
1.0 267.0 250.0 1.0
1.0 292.0 479.0 1.0
1.0 201.0 133.0 1.0
1.0 198.0 211.0 1.0
1.0 211.0 148.0 1.0
1.0 148.0 231.0 1.0
1.0 231.0 139.0 1.0
1.0 139.0 200.0 1.0
1.0 200.0 125.0 1.0
1.0 125.0 75.0 1.0
1.0 75.0 327.0 1.0
1.0 327.0 154.0 1.0
1.0 154.0 108.0 1.0
1.0 108.0 159.0 1.0
1.0 159.0 111.0 1.0
1.0 111.0 117.0 1.0
1.0 141.0 156.0 1.0
1.0 156.0 209.0 1.0
1.0 209.0 139.0 1.0
1.0 139.0 479.0 1.0
1.0 479.0 154.0 1.0
1.0 154.0 203.0 1.0
1.0 203.0 150.0 1.0
1.0 150.0 134.0 1.0
1.0 134.0 352.0 1.0
1.0 352.0 434.0 1.0
1.0 231.0 269.0 1.0
1.0 131.0 167.0 1.0
1.0 167.0 125.0 1.0
1.0 197.0 210.0 1.0
1.0 197.0 281.0 1.0
1.0 220.0 456.0 1.0
1.0 456.0 144.0 1.0
1.0 144.0 194.0 1.0
1.0 329.0 127.0 1.0
1.0 127.0 169.0 1.0
1.0 169.0 200.0 1.0
1.0 200.0 144.0 1.0
1.0 144.0 120.0 1.0
1.0 120.0 215.0 1.0
1.0 215.0 222.0 1.0
1.0 222.0 138.0 1.0
1.0 138.0 133.0 1.0
1.0 133.0 145.0 1.0
1.0 145.0 130.0 1.0
1.0 75.0 80.0 1.0
1.0 80.0 79.0 1.0
1.0 79.0 72.0 1.0
1.0 142.0 65.0 1.0
1.0 236.0 82.0 1.0
1.0 82.0 290.0 1.0
1.0 874.0 687.0 1.0
1.0 687.0 410.0 1.0
1.0 345.0 363.0 1.0
2.0 364.0 230.0 1.0
1.0 229.0 367.0 1.0
1.0 140.0 148.0 1.0
1.0 148.0 129.0 1.0
1.0 112.0 94.0 1.0
1.0 94.0 64.0 1.0
1.0 64.0 105.0 1.0
1.0 105.0 48.0 1.0
1.0 48.0 71.0 1.0
1.0 71.0 50.0 1.0
1.0 50.0 162.0 1.0
1.0 42.0 76.0 1.0
1.0 243.0 174.0 1.0
1.0 174.0 95.0 1.0
1.0 95.0 127.0 1.0
1.0 44.0 143.0 1.0
1.0 143.0 213.0 1.0
1.0 213.0 354.0 1.0
1.0 354.0 66.0 1.0
1.0 66.0 113.0 1.0
1.0 113.0 177.0 1.0
1.0 177.0 51.0 1.0
1.0 51.0 28.0 1.0
1.0 28.0 319.0 1.0
1.0 319.0 71.0 1.0
1.0 71.0 96.0 1.0
1.0 170.0 142.0 1.0
1.0 142.0 258.0 1.0
1.0 258.0 363.0 1.0
1.0 363.0 253.0 1.0
1.0 253.0 134.0 1.0
1.0 134.0 237.0 1.0
1.0 237.0 88.0 1.0
1.0 88.0 106.0 1.0
1.0 106.0 118.0 1.0
1.0 118.0 182.0 1.0
1.0 182.0 133.0 1.0
1.0 133.0 128.0 1.0
1.0 128.0 117.0 1.0
1.0 117.0 157.0 1.0
1.0 157.0 41.0 1.0
1.0 41.0 204.0 1.0
1.0 204.0 169.0 1.0
1.0 169.0 72.0 1.0
1.0 72.0 276.0 1.0
1.0 276.0 83.0 1.0
1.0 83.0 98.0 1.0
1.0 98.0 124.0 1.0
1.0 124.0 87.0 1.0
1.0 87.0 199.0 1.0
1.0 199.0 253.0 1.0
1.0 200.0 192.0 1.0
1.0 176.0 121.0 1.0
1.0 121.0 198.0 1.0
1.0 198.0 109.0 1.0
1.0 109.0 317.0 1.0
1.0 317.0 297.0 1.0
1.0 297.0 261.0 1.0
1.0 261.0 229.0 1.0
1.0 229.0 249.0 1.0
1.0 147.0 121.0 1.0
1.0 110.0 88.0 1.0
1.0 88.0 252.0 1.0
1.0 252.0 99.0 1.0
1.0 99.0 231.0 1.0
1.0 231.0 51.0 1.0
1.0 82.0 208.0 1.0
1.0 162.0 41.0 1.0
1.0 41.0 61.0 1.0
1.0 61.0 104.0 1.0
1.0 104.0 84.0 1.0
1.0 84.0 57.0 1.0
1.0 57.0 171.0 1.0
1.0 171.0 64.0 1.0
1.0 64.0 22.0 1.0
1.0 22.0 28.0 1.0
1.0 28.0 42.0 1.0
1.0 42.0 40.0 1.0
1.0 40.0 74.0 1.0
1.0 74.0 69.0 1.0
1.0 69.0 50.0 1.0
1.0 50.0 42.0 1.0
1.0 42.0 105.0 1.0
1.0 105.0 158.0 1.0
1.0 158.0 153.0 1.0
1.0 153.0 135.0 1.0
1.0 135.0 201.0 1.0
1.0 201.0 58.0 1.0
1.0 58.0 157.0 1.0
1.0 157.0 102.0 1.0
1.0 133.0 284.0 1.0
1.0 284.0 194.0 1.0
1.0 194.0 88.0 1.0
1.0 88.0 76.0 1.0
1.0 76.0 90.0 1.0
1.0 90.0 218.0 1.0
1.0 218.0 138.0 1.0
1.0 138.0 301.0 1.0
1.0 301.0 669.0 1.0
1.0 115.0 232.0 1.0
1.0 232.0 112.0 1.0
1.0 58.0 45.0 1.0
1.0 173.0 103.0 1.0
1.0 195.0 1456.0 1.0
1.0 119.0 135.0 1.0
1.0 153.0 225.0 1.0
1.0 225.0 159.0 1.0
1.0 159.0 232.0 1.0
1.0 232.0 199.0 1.0
1.0 199.0 254.0 1.0
1.0 187.0 166.0 1.0
1.0 42.0 30.0 1.0
1.0 30.0 17.0 1.0
1.0 17.0 23.0 1.0
1.0 23.0 19.0 1.0
1.0 19.0 153.0 1.0
1.0 153.0 57.0 1.0
1.0 57.0 91.0 1.0
1.0 91.0 90.0 1.0
1.0 90.0 166.0 1.0
1.0 166.0 153.0 1.0
1.0 153.0 233.0 1.0
1.0 233.0 109.0 1.0
1.0 109.0 196.0 1.0
1.0 196.0 151.0 1.0
1.0 151.0 191.0 1.0
1.0 191.0 145.0 1.0
1.0 145.0 142.0 1.0
1.0 142.0 150.0 1.0
1.0 150.0 215.0 1.0
1.0 215.0 270.0 1.0
1.0 270.0 178.0 1.0
1.0 178.0 115.0 1.0
1.0 115.0 158.0 1.0
1.0 158.0 139.0 1.0
1.0 139.0 120.0 1.0
1.0 120.0 158.0 1.0
1.0 135.0 100.0 1.0
1.0 127.0 216.0 1.0
1.0 216.0 158.0 1.0
1.0 158.0 173.0 1.0
1.0 173.0 445.0 1.0
1.0 445.0 220.0 1.0
1.0 220.0 165.0 1.0
1.0 165.0 690.0 1.0
1.0 690.0 79.0 1.0
1.0 79.0 57.0 1.0
1.0 57.0 74.0 1.0
1.0 74.0 74.0 1.0
1.0 74.0 74.0 1.0
1.0 226.0 71.0 1.0
1.0 71.0 39.0 1.0
1.0 39.0 22.0 1.0
1.0 22.0 47.0 1.0
1.0 47.0 43.0 1.0
1.0 43.0 117.0 1.0
1.0 117.0 143.0 1.0
1.0 143.0 60.0 1.0
1.0 34.0 46.0 1.0
1.0 46.0 26.0 1.0
1.0 26.0 65.0 1.0
1.0 65.0 39.0 1.0
1.0 122.0 38.0 1.0
1.0 38.0 98.0 1.0
1.0 98.0 117.0 1.0
1.0 117.0 112.0 1.0
1.0 112.0 142.0 1.0
1.0 142.0 201.0 1.0
1.0 201.0 383.0 1.0
1.0 383.0 27.0 1.0
1.0 122.0 223.0 1.0
1.0 223.0 180.0 1.0
1.0 180.0 156.0 1.0
1.0 156.0 215.0 1.0
1.0 215.0 150.0 1.0
1.0 150.0 145.0 1.0
1.0 145.0 112.0 1.0
1.0 112.0 244.0 1.0
1.0 244.0 166.0 1.0
1.0 203.0 137.0 1.0
1.0 137.0 118.0 1.0
1.0 118.0 85.0 1.0
1.0 105.0 85.0 1.0
1.0 85.0 129.0 1.0
1.0 129.0 166.0 1.0
1.0 166.0 155.0 1.0
1.0 155.0 78.0 1.0
1.0 78.0 115.0 1.0
1.0 115.0 196.0 1.0
1.0 196.0 244.0 1.0
1.0 244.0 87.0 1.0
1.0 87.0 175.0 1.0
1.0 175.0 36.0 1.0
1.0 36.0 86.0 1.0
1.0 86.0 173.0 1.0
1.0 173.0 147.0 1.0
1.0 147.0 109.0 1.0
1.0 109.0 123.0 1.0
1.0 123.0 94.0 1.0
1.0 94.0 88.0 1.0
1.0 88.0 194.0 1.0
1.0 194.0 127.0 1.0
1.0 225.0 112.0 1.0
1.0 112.0 82.0 1.0
1.0 82.0 179.0 1.0
1.0 179.0 160.0 1.0
1.0 79.0 56.0 1.0
1.0 56.0 68.0 1.0
1.0 68.0 73.0 1.0
1.0 73.0 88.0 1.0
1.0 88.0 83.0 1.0
1.0 83.0 72.0 1.0
1.0 72.0 79.0 1.0
1.0 79.0 87.0 1.0
1.0 87.0 145.0 1.0
1.0 145.0 43.0 1.0
1.0 217.0 22.0 1.0
1.0 22.0 23.0 1.0
1.0 80.0 66.0 1.0
1.0 66.0 172.0 1.0
1.0 172.0 65.0 1.0
1.0 69.0 40.0 1.0
1.0 40.0 153.0 1.0
1.0 153.0 57.0 1.0
1.0 57.0 68.0 1.0
1.0 68.0 211.0 1.0
1.0 128.0 168.0 1.0
1.0 168.0 146.0 1.0
1.0 146.0 54.0 1.0
1.0 54.0 39.0 1.0
1.0 39.0 77.0 1.0
1.0 77.0 198.0 1.0
1.0 198.0 81.0 1.0
1.0 93.0 117.0 1.0
1.0 117.0 80.0 1.0
1.0 112.0 107.0 1.0
1.0 107.0 185.0 1.0
1.0 185.0 180.0 1.0
1.0 180.0 150.0 1.0
1.0 150.0 228.0 1.0
1.0 228.0 256.0 1.0
1.0 256.0 329.0 1.0
1.0 329.0 154.0 1.0
1.0 154.0 134.0 1.0
1.0 134.0 150.0 1.0
1.0 150.0 197.0 1.0
1.0 197.0 172.0 1.0
1.0 172.0 77.0 1.0
1.0 77.0 82.0 1.0
1.0 82.0 153.0 1.0
1.0 153.0 109.0 1.0
1.0 109.0 102.0 1.0
1.0 102.0 103.0 1.0
1.0 103.0 99.0 1.0
1.0 99.0 131.0 1.0
1.0 131.0 314.0 1.0
1.0 314.0 157.0 1.0
1.0 157.0 144.0 1.0
1.0 90.0 257.0 1.0
1.0 257.0 76.0 1.0
202.0 277.0 274.0 1.0
1.0 73.0 161.0 1.0
1.0 161.0 138.0 1.0
1.0 138.0 144.0 1.0
1.0 144.0 127.0 1.0
1.0 127.0 131.0 1.0
1.0 131.0 140.0 1.0
1.0 140.0 146.0 1.0
1.0 146.0 116.0 1.0
1.0 116.0 66.0 1.0
1.0 66.0 77.0 1.0
1.0 77.0 158.0 1.0
1.0 158.0 176.0 1.0
1.0 176.0 412.0 1.0
1.0 412.0 278.0 1.0
18.0 0.0 138.0 0.0
1.0 250.0 292.0 0.0
106.0 584.0 306.0 0.0
1.0 133.0 128.0 0.0
1.0 128.0 265.0 0.0
1.0 265.0 149.0 0.0
1.0 149.0 131.0 0.0
1.0 131.0 118.0 0.0
1.0 118.0 103.0 0.0
1.0 103.0 177.0 0.0
1.0 177.0 172.0 0.0
1.0 172.0 116.0 0.0
1.0 116.0 157.0 0.0
1.0 157.0 128.0 0.0
1.0 128.0 198.0 0.0
1.0 117.0 132.0 0.0
1.0 132.0 155.0 0.0
1.0 155.0 141.0 0.0
1.0 434.0 231.0 0.0
1.0 269.0 466.0 0.0
1.0 466.0 131.0 0.0
1.0 125.0 120.0 0.0
1.0 120.0 196.0 0.0
1.0 196.0 127.0 0.0
1.0 127.0 281.0 0.0
1.0 281.0 197.0 0.0
1.0 210.0 188.0 0.0
1.0 188.0 197.0 0.0
264.0 544.0 483.0 0.0
1.0 194.0 329.0 0.0
1.0 130.0 125.0 0.0
1.0 125.0 58.0 0.0
1.0 58.0 75.0 0.0
1.0 72.0 83.0 0.0
1.0 83.0 142.0 0.0
1.0 65.0 101.0 0.0
1.0 101.0 58.0 0.0
1.0 58.0 364.0 0.0
1.0 364.0 125.0 0.0
1.0 125.0 236.0 0.0
1.0 290.0 68.0 0.0
1.0 68.0 874.0 0.0
1.0 410.0 144.0 0.0
1.0 144.0 169.0 0.0
1.0 169.0 174.0 0.0
1.0 174.0 178.0 0.0
1.0 178.0 279.0 0.0
1.0 279.0 345.0 0.0
1.0 367.0 140.0 0.0
1.0 129.0 112.0 0.0
50.0 211.0 91.0 0.0
70.0 145.0 312.0 0.0
1.0 127.0 44.0 0.0
25.0 120.0 194.0 0.0
1.0 253.0 200.0 0.0
1.0 192.0 176.0 0.0
1.0 249.0 147.0 0.0
1.0 121.0 110.0 0.0
1.0 51.0 82.0 0.0
1.0 208.0 162.0 0.0
1.0 102.0 133.0 0.0
1.0 669.0 297.0 0.0
1.0 297.0 257.0 0.0
1.0 257.0 223.0 0.0
1.0 223.0 150.0 0.0
1.0 150.0 115.0 0.0
1.0 112.0 146.0 0.0
1.0 146.0 1138.0 0.0
1.0 1138.0 58.0 0.0
1.0 45.0 173.0 0.0
1.0 103.0 269.0 0.0
2.0 270.0 106.0 0.0
1.0 105.0 86.0 0.0
1.0 86.0 204.0 0.0
1.0 204.0 90.0 0.0
1.0 90.0 195.0 0.0
1.0 195.0 311.0 0.0
1.0 311.0 195.0 0.0
1.0 1456.0 119.0 0.0
1.0 135.0 300.0 0.0
1.0 300.0 114.0 0.0
1.0 114.0 65.0 0.0
1.0 65.0 153.0 0.0
1.0 254.0 187.0 0.0
1.0 166.0 229.0 0.0
1.0 229.0 148.0 0.0
1.0 148.0 42.0 0.0
1.0 158.0 135.0 0.0
1.0 100.0 127.0 0.0
1.0 74.0 226.0 0.0
1.0 60.0 34.0 0.0
1.0 39.0 122.0 0.0
89.0 115.0 210.0 0.0
1.0 166.0 108.0 0.0
1.0 108.0 203.0 0.0
1.0 85.0 105.0 0.0
1.0 127.0 225.0 0.0
1.0 160.0 79.0 0.0
1.0 43.0 217.0 0.0
1.0 23.0 80.0 0.0
1.0 65.0 95.0 0.0
1.0 95.0 46.0 0.0
1.0 46.0 100.0 0.0
1.0 100.0 69.0 0.0
1.0 40.0 45.0 0.0
1.0 45.0 108.0 0.0
1.0 108.0 40.0 0.0
1.0 211.0 128.0 0.0
1.0 81.0 93.0 0.0
1.0 80.0 112.0 0.0
1.0 144.0 90.0 0.0
74.0 351.0 0.0 0.0
68.0 90.0 184.0 1.0
48.0 164.0 109.0 1.0
31.0 92.0 160.0 1.0
41.0 170.0 89.0 1.0
1.0 71.0 58.0 1.0
1.0 74.0 48.0 1.0
1.0 48.0 71.0 1.0
1.0 71.0 50.0 1.0
1.0 50.0 162.0 1.0
1.0 162.0 42.0 1.0
1.0 42.0 43.0 1.0
1.0 44.0 108.0 1.0
31.0 36.0 63.0 1.0
1.0 127.0 51.0 1.0
1.0 51.0 28.0 1.0
1.0 28.0 288.0 1.0
36.0 40.0 53.0 1.0
44.0 61.0 102.0 1.0
35.0 74.0 179.0 1.0
39.0 54.0 76.0 1.0
1.0 107.0 41.0 1.0
1.0 41.0 153.0 1.0
37.0 244.0 51.0 1.0
64.0 158.0 159.0 1.0
138.0 278.0 186.0 1.0
1.0 185.0 51.0 1.0
1.0 51.0 52.0 1.0
1.0 94.0 41.0 1.0
1.0 41.0 61.0 1.0
1.0 61.0 69.0 1.0
1.0 49.0 57.0 1.0
1.0 57.0 140.0 1.0
1.0 33.0 22.0 1.0
1.0 22.0 28.0 1.0
1.0 28.0 42.0 1.0
1.0 42.0 40.0 1.0
1.0 40.0 44.0 1.0
1.0 39.0 50.0 1.0
1.0 50.0 42.0 1.0
1.0 42.0 72.0 1.0
1.0 156.0 58.0 1.0
1.0 58.0 126.0 1.0
38.0 57.0 45.0 1.0
1.0 58.0 45.0 1.0
1.0 42.0 30.0 1.0
1.0 30.0 17.0 1.0
1.0 17.0 23.0 1.0
1.0 23.0 19.0 1.0
1.0 19.0 153.0 1.0
1.0 153.0 57.0 1.0
1.0 57.0 61.0 1.0
31.0 91.0 57.0 1.0
48.0 146.0 84.0 1.0
62.0 98.0 99.0 1.0
61.0 110.0 102.0 1.0
37.0 91.0 180.0 1.0
37.0 180.0 86.0 1.0
76.0 388.0 163.0 1.0
58.0 145.0 109.0 1.0
57.0 108.0 653.0 1.0
1.0 42.0 57.0 1.0
1.0 57.0 38.0 1.0
36.0 38.0 44.0 1.0
1.0 36.0 39.0 1.0
1.0 39.0 22.0 1.0
1.0 22.0 47.0 1.0
1.0 47.0 43.0 1.0
1.0 43.0 67.0 1.0
1.0 93.0 60.0 1.0
1.0 34.0 46.0 1.0
1.0 46.0 26.0 1.0
1.0 26.0 65.0 1.0
1.0 65.0 39.0 1.0
1.0 39.0 122.0 1.0
1.0 122.0 38.0 1.0
1.0 38.0 65.0 1.0
1.0 340.0 27.0 1.0
36.0 69.0 197.0 1.0
45.0 119.0 71.0 1.0
1.0 138.0 36.0 1.0
1.0 36.0 53.0 1.0
1.0 42.0 56.0 1.0
1.0 56.0 37.0 1.0
1.0 104.0 43.0 1.0
1.0 43.0 217.0 1.0
1.0 217.0 22.0 1.0
1.0 22.0 23.0 1.0
1.0 39.0 40.0 1.0
1.0 40.0 153.0 1.0
1.0 153.0 57.0 1.0
1.0 57.0 38.0 1.0
64.0 106.0 146.0 1.0
1.0 83.0 54.0 1.0
1.0 54.0 39.0 1.0
1.0 39.0 45.0 1.0
31.0 166.0 43.0 1.0
33.0 85.0 49.0 1.0
33.0 109.0 99.0 1.0
31.0 131.0 79.0 1.0
51.0 0.0 88.0 0.0
34.0 71.0 91.0 0.0
31.0 88.0 286.0 0.0
125.0 380.0 202.0 0.0
66.0 143.0 189.0 0.0
62.0 185.0 234.0 0.0
59.0 231.0 432.0 0.0
48.0 421.0 165.0 0.0
37.0 154.0 98.0 0.0
36.0 97.0 71.0 0.0
58.0 93.0 233.0 0.0
33.0 208.0 118.0 0.0
32.0 117.0 99.0 0.0
33.0 100.0 82.0 0.0
37.0 86.0 66.0 0.0
38.0 67.0 115.0 0.0
63.0 140.0 123.0 0.0
50.0 110.0 86.0 0.0
31.0 67.0 115.0 0.0
43.0 127.0 72.0 0.0
57.0 86.0 140.0 0.0
59.0 142.0 153.0 0.0
59.0 153.0 81.0 0.0
37.0 85.0 40.0 0.0
36.0 39.0 280.0 0.0
48.0 292.0 120.0 0.0
35.0 107.0 72.0 0.0
37.0 74.0 105.0 0.0
55.0 123.0 71.0 0.0
41.0 57.0 84.0 0.0
34.0 77.0 97.0 0.0
36.0 99.0 101.0 0.0
55.0 120.0 105.0 0.0
37.0 87.0 104.0 0.0
53.0 120.0 157.0 0.0
53.0 157.0 71.0 0.0
69.0 87.0 433.0 0.0
47.0 411.0 122.0 0.0
33.0 108.0 144.0 0.0
60.0 171.0 86.0 0.0
65.0 91.0 97.0 0.0
38.0 70.0 226.0 0.0
127.0 315.0 394.0 0.0
41.0 308.0 131.0 0.0
101.0 191.0 202.0 0.0
68.0 169.0 413.0 0.0
54.0 399.0 89.0 0.0
43.0 78.0 133.0 0.0
35.0 125.0 94.0 0.0
32.0 91.0 69.0 0.0
52.0 89.0 152.0 0.0
45.0 145.0 79.0 0.0
49.0 83.0 241.0 0.0
41.0 233.0 138.0 0.0
60.0 157.0 168.0 0.0
43.0 151.0 110.0 0.0
79.0 146.0 132.0 0.0
66.0 119.0 193.0 0.0
89.0 216.0 144.0 0.0
77.0 132.0 416.0 0.0
41.0 380.0 91.0 0.0
54.0 104.0 119.0 0.0
76.0 141.0 286.0 0.0
44.0 254.0 80.0 0.0
48.0 84.0 95.0 0.0
75.0 122.0 129.0 0.0
72.0 126.0 112.0 0.0
33.0 73.0 71.0 0.0
50.0 88.0 164.0 0.0
52.0 166.0 158.0 0.0
65.0 171.0 93.0 0.0
46.0 74.0 93.0 0.0
41.0 88.0 86.0 0.0
60.0 105.0 76.0 0.0
55.0 71.0 125.0 0.0
1.0 58.0 41.0 0.0
35.0 75.0 42.0 0.0
39.0 46.0 48.0 0.0
32.0 41.0 37.0 0.0
36.0 41.0 48.0 0.0
36.0 48.0 112.0 0.0
31.0 107.0 35.0 0.0
31.0 35.0 101.0 0.0
1.0 71.0 58.0 0.0
1.0 58.0 332.0 0.0
33.0 364.0 75.0 0.0
51.0 93.0 200.0 0.0
37.0 186.0 48.0 0.0
35.0 46.0 260.0 0.0
31.0 256.0 37.0 0.0
32.0 38.0 699.0 0.0
176.0 843.0 577.0 0.0
111.0 512.0 367.0 0.0
44.0 300.0 73.0 0.0
72.0 101.0 108.0 0.0
62.0 98.0 119.0 0.0
56.0 113.0 92.0 0.0
87.0 123.0 167.0 0.0
113.0 193.0 198.0 0.0
148.0 233.0 315.0 0.0
49.0 216.0 166.0 0.0
64.0 181.0 329.0 0.0
39.0 304.0 95.0 0.0
46.0 102.0 84.0 0.0
65.0 103.0 91.0 0.0
39.0 65.0 69.0 0.0
44.0 74.0 63.0 0.0
32.0 51.0 33.0 0.0
32.0 33.0 105.0 0.0
34.0 76.0 205.0 0.0
39.0 210.0 128.0 0.0
47.0 136.0 50.0 0.0
46.0 49.0 127.0 0.0
1.0 82.0 44.0 0.0
36.0 143.0 177.0 0.0
37.0 178.0 324.0 0.0
31.0 318.0 36.0 0.0
51.0 83.0 177.0 0.0
32.0 319.0 36.0 0.0
69.0 127.0 108.0 0.0
80.0 224.0 285.0 0.0
79.0 284.0 194.0 0.0
60.0 175.0 71.0 0.0
64.0 75.0 203.0 0.0
35.0 174.0 50.0 0.0
31.0 68.0 67.0 0.0
52.0 88.0 145.0 0.0
38.0 131.0 86.0 0.0
48.0 96.0 74.0 0.0
55.0 81.0 67.0 0.0
51.0 63.0 157.0 0.0
52.0 204.0 139.0 0.0
31.0 118.0 40.0 0.0
33.0 42.0 240.0 0.0
33.0 47.0 54.0 0.0
45.0 66.0 94.0 0.0
31.0 80.0 46.0 0.0
42.0 57.0 136.0 0.0
95.0 190.0 148.0 0.0
53.0 106.0 130.0 0.0
63.0 140.0 117.0 0.0
60.0 114.0 88.0 0.0
34.0 62.0 148.0 0.0
51.0 165.0 70.0 0.0
40.0 59.0 180.0 0.0
112.0 160.0 167.0 0.0
95.0 150.0 122.0 0.0
108.0 135.0 207.0 0.0
43.0 142.0 113.0 0.0
35.0 105.0 80.0 0.0
42.0 87.0 68.0 0.0
43.0 69.0 56.0 0.0
33.0 46.0 205.0 0.0
48.0 220.0 53.0 0.0
47.0 52.0 231.0 0.0
31.0 82.0 140.0 0.0
69.0 178.0 162.0 0.0
36.0 104.0 84.0 0.0
32.0 171.0 64.0 0.0
31.0 74.0 69.0 0.0
34.0 105.0 105.0 0.0
54.0 125.0 104.0 0.0
50.0 100.0 90.0 0.0
46.0 86.0 201.0 0.0
32.0 157.0 65.0 0.0
38.0 71.0 67.0 0.0
67.0 96.0 244.0 0.0
41.0 218.0 163.0 0.0
32.0 154.0 51.0 0.0
32.0 39.0 48.0 0.0
43.0 59.0 154.0 0.0
65.0 176.0 100.0 0.0
39.0 74.0 255.0 0.0
47.0 263.0 555.0 0.0
115.0 623.0 207.0 0.0
91.0 183.0 157.0 0.0
101.0 167.0 183.0 0.0
41.0 123.0 112.0 0.0
39.0 110.0 69.0 0.0
47.0 77.0 183.0 0.0
50.0 186.0 69.0 0.0
44.0 63.0 103.0 0.0
44.0 103.0 1138.0 0.0
1.0 1095.0 58.0 0.0
1.0 45.0 126.0 0.0
48.0 173.0 67.0 0.0
37.0 56.0 217.0 0.0
53.0 233.0 71.0 0.0
35.0 53.0 50.0 0.0
37.0 52.0 164.0 0.0
41.0 168.0 50.0 0.0
41.0 50.0 118.0 0.0
78.0 155.0 225.0 0.0
87.0 234.0 99.0 0.0
97.0 109.0 1412.0 0.0
45.0 1360.0 86.0 0.0
34.0 75.0 90.0 0.0
46.0 102.0 263.0 0.0
38.0 255.0 84.0 0.0
31.0 77.0 34.0 0.0
32.0 35.0 122.0 0.0
32.0 122.0 158.0 0.0
68.0 194.0 94.0 0.0
66.0 92.0 173.0 0.0
60.0 167.0 141.0 0.0
59.0 140.0 224.0 0.0
31.0 196.0 153.0 0.0
35.0 157.0 91.0 0.0
76.0 132.0 159.0 0.0
71.0 154.0 148.0 0.0
1.0 78.0 42.0 0.0
34.0 60.0 132.0 0.0
35.0 133.0 121.0 0.0
33.0 119.0 193.0 0.0
41.0 201.0 77.0 0.0
33.0 69.0 134.0 0.0
63.0 164.0 106.0 0.0
46.0 89.0 144.0 0.0
44.0 81.0 86.0 0.0
65.0 107.0 169.0 0.0
47.0 151.0 194.0 0.0
77.0 224.0 130.0 0.0
49.0 102.0 67.0 0.0
49.0 67.0 98.0 0.0
38.0 79.0 65.0 0.0
56.0 83.0 98.0 0.0
61.0 103.0 92.0 0.0
44.0 75.0 64.0 0.0
37.0 57.0 91.0 0.0
73.0 122.0 116.0 0.0
58.0 101.0 370.0 0.0
38.0 634.0 79.0 0.0
37.0 74.0 39.0 0.0
31.0 39.0 191.0 0.0
36.0 196.0 71.0 0.0
51.0 117.0 143.0 0.0
1.0 60.0 34.0 0.0
34.0 98.0 86.0 0.0
32.0 84.0 70.0 0.0
43.0 81.0 91.0 0.0
52.0 100.0 158.0 0.0
44.0 150.0 383.0 0.0
1.0 27.0 85.0 0.0
38.0 122.0 181.0 0.0
43.0 186.0 138.0 0.0
43.0 138.0 92.0 0.0
65.0 114.0 157.0 0.0
59.0 151.0 112.0 0.0
39.0 92.0 102.0 0.0
44.0 107.0 77.0 0.0
48.0 209.0 122.0 0.0
38.0 64.0 169.0 0.0
35.0 166.0 93.0 0.0
45.0 103.0 76.0 0.0
43.0 74.0 47.0 0.0
39.0 43.0 74.0 0.0
32.0 67.0 55.0 0.0
31.0 54.0 65.0 0.0
65.0 99.0 136.0 0.0
31.0 102.0 124.0 0.0
32.0 125.0 45.0 0.0
34.0 47.0 80.0 0.0
36.0 82.0 114.0 0.0
83.0 161.0 207.0 0.0
38.0 162.0 50.0 0.0
38.0 50.0 175.0 0.0
34.0 86.0 118.0 0.0
56.0 140.0 116.0 0.0
32.0 92.0 74.0 0.0
36.0 78.0 81.0 0.0
43.0 88.0 64.0 0.0
31.0 52.0 52.0 0.0
37.0 58.0 148.0 0.0
47.0 158.0 68.0 0.0
60.0 81.0 186.0 0.0
40.0 166.0 76.0 0.0
37.0 73.0 44.0 0.0
39.0 46.0 107.0 0.0
73.0 141.0 123.0 0.0
38.0 88.0 79.0 0.0
32.0 68.0 42.0 0.0
32.0 42.0 54.0 0.0
35.0 57.0 52.0 0.0
32.0 49.0 42.0 0.0
31.0 41.0 40.0 0.0
40.0 49.0 46.0 0.0
42.0 48.0 145.0 0.0
1.0 23.0 48.0 0.0
33.0 80.0 36.0 0.0
31.0 34.0 140.0 0.0
33.0 142.0 34.0 0.0
32.0 33.0 95.0 0.0
1.0 64.0 46.0 0.0
1.0 46.0 70.0 0.0
31.0 100.0 69.0 0.0
1.0 40.0 45.0 0.0
1.0 45.0 108.0 0.0
1.0 108.0 40.0 0.0
31.0 68.0 151.0 0.0
61.0 181.0 66.0 0.0
63.0 68.0 105.0 0.0
33.0 77.0 168.0 0.0
39.0 51.0 61.0 0.0
33.0 55.0 85.0 0.0
32.0 48.0 63.0 0.0
50.0 81.0 75.0 0.0
33.0 58.0 112.0 0.0
74.0 153.0 135.0 0.0
46.0 107.0 95.0 0.0
56.0 105.0 183.0 0.0
46.0 173.0 154.0 0.0
103.0 211.0 284.0 0.0
46.0 227.0 122.0 0.0
36.0 102.0 94.0 0.0
57.0 115.0 125.0 0.0
73.0 141.0 134.0 0.0
39.0 100.0 42.0 0.0
36.0 39.0 48.0 0.0
35.0 47.0 117.0 0.0
37.0 119.0 69.0 0.0
41.0 73.0 65.0 0.0
38.0 62.0 65.0 0.0
39.0 66.0 57.0 0.0
43.0 61.0 93.0 0.0
39.0 89.0 242.0 0.0
73.0 276.0 86.0 0.0
72.0 85.0 110.0 0.0
35.0 73.0 53.0 0.0
38.0 56.0 222.0 0.0
36.0 220.0 40.0 0.0
37.0 41.0 43.0 0.0
31.0 37.0 131.0 0.0
60.0 108.0 108.0 0.0
37.0 85.0 93.0 0.0
35.0 91.0 67.0 0.0
65.0 97.0 97.0 0.0
44.0 76.0 100.0 0.0
47.0 103.0 85.0 0.0
32.0 70.0 36.0 0.0
31.0 35.0 42.0 0.0
36.0 47.0 124.0 0.0
35.0 123.0 90.0 0.0
87.0 142.0 351.0 0.0
62.0 326.0 201.0 0.0
78.0 217.0 0.0 0.0
92.0 143.0 145.0 1.0
96.0 127.0 120.0 1.0
102.0 114.0 112.0 1.0
143.0 282.0 208.0 1.0
89.0 113.0 158.0 1.0
75.0 114.0 99.0 1.0
94.0 118.0 119.0 1.0
95.0 197.0 141.0 1.0
224.0 0.0 281.0 0.0
72.0 129.0 101.0 0.0
141.0 170.0 371.0 0.0
217.0 447.0 312.0 0.0
164.0 259.0 254.0 0.0
188.0 278.0 211.0 0.0
177.0 200.0 434.0 0.0
204.0 461.0 286.0 0.0
120.0 202.0 186.0 0.0
76.0 142.0 116.0 0.0
151.0 191.0 214.0 0.0
160.0 223.0 212.0 0.0
96.0 148.0 120.0 0.0
80.0 104.0 117.0 0.0
92.0 129.0 102.0 0.0
126.0 136.0 174.0 0.0
78.0 126.0 134.0 0.0
141.0 197.0 147.0 0.0
129.0 135.0 171.0 0.0
92.0 134.0 111.0 0.0
107.0 126.0 190.0 0.0
139.0 222.0 219.0 0.0
93.0 173.0 169.0 0.0
79.0 155.0 189.0 0.0
131.0 241.0 165.0 0.0
88.0 122.0 189.0 0.0
101.0 202.0 129.0 0.0
91.0 119.0 98.0 0.0
159.0 166.0 258.0 0.0
148.0 247.0 193.0 0.0
99.0 144.0 122.0 0.0
125.0 148.0 179.0 0.0
87.0 141.0 106.0 0.0
70.0 89.0 115.0 0.0
76.0 121.0 127.0 0.0
125.0 178.0 136.0 0.0
100.0 111.0 162.0 0.0
129.0 191.0 185.0 0.0
125.0 181.0 173.0 0.0
248.0 296.0 313.0 0.0
244.0 309.0 292.0 0.0
170.0 218.0 223.0 0.0
92.0 145.0 156.0 0.0
100.0 164.0 120.0 0.0
232.0 252.0 312.0 0.0
305.0 385.0 447.0 0.0
124.0 266.0 246.0 0.0
106.0 228.0 281.0 0.0
192.0 367.0 415.0 0.0
145.0 368.0 194.0 0.0
114.0 163.0 171.0 0.0
87.0 144.0 118.0 0.0
139.0 163.0 166.0 0.0
127.0 154.0 168.0 0.0
101.0 142.0 273.0 0.0
111.0 283.0 146.0 0.0
183.0 218.0 204.0 0.0
181.0 202.0 211.0 0.0
129.0 159.0 220.0 0.0
152.0 243.0 244.0 0.0
132.0 224.0 274.0 0.0
111.0 253.0 439.0 0.0
99.0 427.0 132.0 0.0
109.0 142.0 180.0 0.0
212.0 283.0 285.0 0.0
192.0 265.0 196.0 0.0
125.0 129.0 182.0 0.0
91.0 148.0 215.0 0.0
79.0 203.0 111.0 0.0
115.0 147.0 130.0 0.0
99.0 114.0 196.0 0.0
159.0 256.0 228.0 0.0
127.0 196.0 165.0 0.0
87.0 125.0 143.0 0.0
72.0 128.0 113.0 0.0
99.0 140.0 130.0 0.0
125.0 156.0 138.0 0.0
50.0 63.0 107.0 0.0
33.0 90.0 42.0 0.0
66.0 75.0 78.0 0.0
74.0 86.0 76.0 0.0
73.0 75.0 80.0 0.0
68.0 75.0 78.0 0.0
73.0 83.0 146.0 0.0
63.0 136.0 65.0 0.0
63.0 65.0 95.0 0.0
38.0 70.0 95.0 0.0
176.0 233.0 273.0 0.0
127.0 224.0 181.0 0.0
74.0 128.0 179.0 0.0
125.0 230.0 136.0 0.0
153.0 164.0 282.0 0.0
81.0 210.0 81.0 0.0
131.0 131.0 835.0 0.0
258.0 962.0 594.0 0.0
250.0 586.0 437.0 0.0
181.0 368.0 218.0 0.0
114.0 151.0 158.0 0.0
148.0 192.0 194.0 0.0
109.0 155.0 162.0 0.0
168.0 221.0 264.0 0.0
147.0 243.0 286.0 0.0
233.0 372.0 415.0 0.0
167.0 349.0 284.0 0.0
219.0 336.0 370.0 0.0
80.0 231.0 110.0 0.0
110.0 140.0 146.0 0.0
102.0 138.0 166.0 0.0
81.0 145.0 90.0 0.0
90.0 99.0 115.0 0.0
62.0 87.0 65.0 0.0
63.0 66.0 95.0 0.0
41.0 73.0 88.0 0.0
32.0 79.0 37.0 0.0
35.0 40.0 84.0 0.0
73.0 122.0 115.0 0.0
48.0 90.0 89.0 0.0
34.0 75.0 39.0 0.0
84.0 89.0 181.0 0.0
186.0 283.0 197.0 0.0
114.0 125.0 126.0 0.0
61.0 71.0 104.0 0.0
37.0 80.0 101.0 0.0
128.0 192.0 213.0 0.0
181.0 266.0 276.0 0.0
218.0 313.0 246.0 0.0
125.0 153.0 157.0 0.0
74.0 106.0 124.0 0.0
1.0 51.0 28.0 0.0
46.0 73.0 264.0 0.0
91.0 309.0 93.0 0.0
67.0 69.0 89.0 0.0
83.0 105.0 165.0 0.0
110.0 192.0 145.0 0.0
90.0 125.0 213.0 0.0
164.0 287.0 312.0 0.0
228.0 376.0 326.0 0.0
100.0 198.0 154.0 0.0
146.0 200.0 196.0 0.0
117.0 167.0 143.0 0.0
79.0 105.0 87.0 0.0
81.0 89.0 112.0 0.0
146.0 177.0 203.0 0.0
76.0 133.0 123.0 0.0
107.0 154.0 117.0 0.0
93.0 103.0 128.0 0.0
79.0 114.0 147.0 0.0
56.0 124.0 96.0 0.0
79.0 119.0 153.0 0.0
106.0 180.0 190.0 0.0
67.0 151.0 70.0 0.0
121.0 124.0 178.0 0.0
167.0 224.0 179.0 0.0
80.0 92.0 85.0 0.0
90.0 95.0 132.0 0.0
73.0 115.0 92.0 0.0
134.0 153.0 196.0 0.0
163.0 225.0 253.0 0.0
75.0 165.0 167.0 0.0
162.0 254.0 226.0 0.0
125.0 189.0 150.0 0.0
109.0 134.0 126.0 0.0
95.0 112.0 205.0 0.0
83.0 193.0 113.0 0.0
94.0 124.0 286.0 0.0
116.0 308.0 268.0 0.0
167.0 319.0 251.0 0.0
162.0 246.0 264.0 0.0
143.0 245.0 228.0 0.0
171.0 256.0 182.0 0.0
117.0 128.0 157.0 0.0
75.0 115.0 109.0 0.0
72.0 106.0 80.0 0.0
137.0 145.0 190.0 0.0
141.0 194.0 161.0 0.0
156.0 176.0 215.0 0.0
57.0 116.0 107.0 0.0
36.0 86.0 41.0 0.0
105.0 110.0 189.0 0.0
99.0 183.0 167.0 0.0
56.0 124.0 96.0 0.0
1.0 41.0 61.0 0.0
51.0 111.0 53.0 0.0
89.0 91.0 101.0 0.0
35.0 47.0 91.0 0.0
79.0 135.0 121.0 0.0
81.0 123.0 84.0 0.0
31.0 34.0 52.0 0.0
1.0 22.0 28.0 0.0
1.0 28.0 42.0 0.0
1.0 42.0 40.0 0.0
32.0 71.0 37.0 0.0
72.0 77.0 76.0 0.0
31.0 35.0 80.0 0.0
1.0 50.0 42.0 0.0
47.0 88.0 69.0 0.0
75.0 97.0 148.0 0.0
81.0 154.0 147.0 0.0
106.0 172.0 142.0 0.0
96.0 132.0 180.0 0.0
67.0 151.0 124.0 0.0
65.0 122.0 99.0 0.0
108.0 142.0 121.0 0.0
70.0 83.0 109.0 0.0
198.0 237.0 232.0 0.0
159.0 193.0 241.0 0.0
101.0 183.0 112.0 0.0
76.0 87.0 86.0 0.0
69.0 79.0 91.0 0.0
100.0 122.0 187.0 0.0
108.0 195.0 134.0 0.0
142.0 168.0 248.0 0.0
327.0 433.0 708.0 0.0
222.0 603.0 268.0 0.0
206.0 252.0 305.0 0.0
126.0 225.0 194.0 0.0
128.0 196.0 209.0 0.0
77.0 158.0 98.0 0.0
86.0 107.0 217.0 0.0
106.0 237.0 147.0 0.0
101.0 142.0 138.0 0.0
110.0 147.0 1079.0 0.0
98.0 1067.0 155.0 0.0
1.0 58.0 45.0 0.0
59.0 103.0 96.0 0.0
121.0 158.0 133.0 0.0
79.0 91.0 215.0 0.0
134.0 270.0 173.0 0.0
66.0 105.0 78.0 0.0
76.0 88.0 146.0 0.0
134.0 204.0 148.0 0.0
88.0 102.0 151.0 0.0
155.0 218.0 361.0 0.0
71.0 277.0 154.0 0.0
160.0 243.0 1411.0 0.0
159.0 1410.0 189.0 0.0
104.0 134.0 150.0 0.0
138.0 184.0 207.0 0.0
173.0 242.0 186.0 0.0
90.0 103.0 90.0 0.0
78.0 78.0 146.0 0.0
92.0 160.0 214.0 0.0
82.0 204.0 153.0 0.0
129.0 200.0 236.0 0.0
114.0 221.0 169.0 0.0
133.0 188.0 272.0 0.0
104.0 169.0 177.0 0.0
88.0 161.0 203.0 0.0
111.0 226.0 147.0 0.0
60.0 96.0 101.0 0.0
1.0 42.0 30.0 0.0
1.0 30.0 17.0 0.0
1.0 17.0 23.0 0.0
1.0 23.0 19.0 0.0
45.0 63.0 104.0 0.0
50.0 109.0 106.0 0.0
31.0 87.0 54.0 0.0
80.0 103.0 91.0 0.0
84.0 95.0 151.0 0.0
99.0 166.0 170.0 0.0
147.0 218.0 193.0 0.0
117.0 163.0 137.0 0.0
119.0 139.0 144.0 0.0
136.0 161.0 218.0 0.0
84.0 166.0 159.0 0.0
110.0 185.0 141.0 0.0
104.0 135.0 177.0 0.0
90.0 163.0 114.0 0.0
139.0 163.0 209.0 0.0
182.0 252.0 259.0 0.0
123.0 200.0 201.0 0.0
111.0 189.0 135.0 0.0
100.0 169.0 149.0 0.0
79.0 128.0 122.0 0.0
104.0 147.0 124.0 0.0
118.0 138.0 157.0 0.0
120.0 145.0 222.0 0.0
119.0 165.0 163.0 0.0
206.0 250.0 404.0 0.0
214.0 412.0 266.0 0.0
110.0 162.0 194.0 0.0
239.0 323.0 591.0 0.0
170.0 522.0 180.0 0.0
37.0 47.0 93.0 0.0
37.0 93.0 40.0 0.0
69.0 72.0 78.0 0.0
64.0 73.0 70.0 0.0
139.0 145.0 175.0 0.0
121.0 157.0 122.0 0.0
35.0 36.0 73.0 0.0
1.0 39.0 22.0 0.0
1.0 22.0 47.0 0.0
1.0 47.0 43.0 0.0
45.0 87.0 77.0 0.0
99.0 131.0 125.0 0.0
59.0 85.0 118.0 0.0
1.0 60.0 34.0 0.0
1.0 34.0 46.0 0.0
1.0 46.0 26.0 0.0
31.0 56.0 33.0 0.0
33.0 35.0 71.0 0.0
41.0 79.0 62.0 0.0
61.0 82.0 98.0 0.0
40.0 77.0 66.0 0.0
84.0 110.0 103.0 0.0
96.0 115.0 108.0 0.0
86.0 98.0 141.0 0.0
121.0 176.0 192.0 0.0
141.0 212.0 356.0 0.0
88.0 303.0 114.0 0.0
32.0 58.0 83.0 0.0
101.0 152.0 227.0 0.0
105.0 231.0 155.0 0.0
120.0 170.0 182.0 0.0
138.0 200.0 166.0 0.0
159.0 187.0 191.0 0.0
104.0 136.0 133.0 0.0
92.0 121.0 124.0 0.0
156.0 188.0 238.0 0.0
79.0 161.0 140.0 0.0
267.0 328.0 342.0 0.0
85.0 160.0 136.0 0.0
97.0 148.0 107.0 0.0
93.0 103.0 102.0 0.0
86.0 95.0 112.0 0.0
63.0 89.0 83.0 0.0
72.0 92.0 103.0 0.0
119.0 150.0 144.0 0.0
145.0 170.0 164.0 0.0
112.0 131.0 112.0 0.0
93.0 93.0 113.0 0.0
135.0 155.0 150.0 0.0
187.0 202.0 246.0 0.0
117.0 176.0 134.0 0.0
123.0 140.0 135.0 0.0
78.0 90.0 113.0 0.0
38.0 73.0 49.0 0.0
116.0 127.0 164.0 0.0
117.0 165.0 148.0 0.0
100.0 131.0 116.0 0.0
84.0 100.0 100.0 0.0
106.0 122.0 117.0 0.0
80.0 91.0 95.0 0.0
92.0 107.0 159.0 0.0
118.0 185.0 146.0 0.0
147.0 175.0 202.0 0.0
105.0 160.0 150.0 0.0
66.0 111.0 82.0 0.0
107.0 123.0 157.0 0.0
130.0 180.0 175.0 0.0
71.0 116.0 85.0 0.0
34.0 48.0 89.0 0.0
34.0 89.0 35.0 0.0
68.0 69.0 74.0 0.0
69.0 75.0 83.0 0.0
71.0 85.0 90.0 0.0
64.0 83.0 66.0 0.0
76.0 78.0 79.0 0.0
67.0 70.0 82.0 0.0
96.0 111.0 120.0 0.0
67.0 91.0 109.0 0.0
31.0 73.0 126.0 0.0
92.0 187.0 113.0 0.0
1.0 22.0 23.0 0.0
35.0 57.0 45.0 0.0
179.0 189.0 209.0 0.0
97.0 127.0 97.0 0.0
78.0 78.0 90.0 0.0
38.0 50.0 83.0 0.0
39.0 84.0 63.0 0.0
71.0 95.0 73.0 0.0
34.0 36.0 73.0 0.0
1.0 40.0 45.0 0.0
43.0 87.0 78.0 0.0
31.0 66.0 70.0 0.0
73.0 112.0 102.0 0.0
52.0 81.0 108.0 0.0
32.0 88.0 35.0 0.0
80.0 83.0 155.0 0.0
121.0 196.0 153.0 0.0
132.0 164.0 177.0 0.0
128.0 173.0 135.0 0.0
67.0 74.0 120.0 0.0
1.0 54.0 39.0 0.0
32.0 70.0 47.0 0.0
78.0 93.0 144.0 0.0
117.0 183.0 128.0 0.0
76.0 87.0 99.0 0.0
72.0 95.0 106.0 0.0
80.0 114.0 89.0 0.0
74.0 83.0 105.0 0.0
79.0 110.0 105.0 0.0
133.0 159.0 149.0 0.0
135.0 151.0 175.0 0.0
119.0 159.0 187.0 0.0
79.0 147.0 184.0 0.0
190.0 295.0 221.0 0.0
245.0 276.0 411.0 0.0
115.0 281.0 153.0 0.0
77.0 115.0 144.0 0.0
80.0 147.0 153.0 0.0
64.0 137.0 173.0 0.0
95.0 204.0 158.0 0.0
102.0 165.0 113.0 0.0
74.0 85.0 78.0 0.0
104.0 108.0 153.0 0.0
82.0 131.0 110.0 0.0
78.0 106.0 100.0 0.0
88.0 110.0 106.0 0.0
69.0 87.0 85.0 0.0
99.0 115.0 140.0 0.0
77.0 118.0 297.0 0.0
124.0 344.0 165.0 0.0
105.0 146.0 139.0 0.0
87.0 121.0 108.0 0.0
155.0 176.0 188.0 0.0
137.0 170.0 148.0 0.0
70.0 81.0 71.0 0.0
109.0 110.0 147.0 0.0
87.0 125.0 119.0 0.0
101.0 133.0 146.0 0.0
124.0 169.0 141.0 0.0
87.0 104.0 130.0 0.0
105.0 148.0 131.0 0.0
119.0 145.0 178.0 0.0
76.0 135.0 90.0 0.0
90.0 104.0 92.0 0.0
68.0 70.0 72.0 0.0
75.0 79.0 118.0 0.0
117.0 160.0 194.0 0.0
254.0 331.0 306.0 0.0
272.0 324.0 377.0 0.0
301.0 406.0 0.0 0.0
65.0 101.0 166.0 1.0
95.0 193.0 131.0 1.0
129.0 171.0 233.0 1.0
93.0 197.0 240.0 1.0
97.0 150.0 115.0 1.0
97.0 115.0 146.0 1.0
121.0 170.0 162.0 1.0
111.0 138.0 153.0 1.0
121.0 163.0 152.0 1.0
87.0 118.0 107.0 1.0
73.0 93.0 127.0 1.0
73.0 127.0 216.0 1.0
73.0 216.0 122.0 1.0
145.0 194.0 188.0 1.0
151.0 463.0 238.0 1.0
113.0 164.0 709.0 1.0
91.0 152.0 140.0 1.0
71.0 137.0 129.0 1.0
101.0 0.0 138.0 0.0
67.0 104.0 124.0 0.0
61.0 118.0 316.0 0.0
249.0 504.0 326.0 0.0
131.0 208.0 254.0 0.0
123.0 246.0 295.0 0.0
117.0 289.0 490.0 0.0
95.0 468.0 212.0 0.0
73.0 190.0 134.0 0.0
71.0 132.0 106.0 0.0
115.0 150.0 290.0 0.0
65.0 240.0 150.0 0.0
63.0 148.0 130.0 0.0
65.0 132.0 114.0 0.0
73.0 122.0 102.0 0.0
75.0 104.0 152.0 0.0
125.0 202.0 185.0 0.0
99.0 159.0 135.0 0.0
61.0 97.0 145.0 0.0
85.0 169.0 114.0 0.0
113.0 142.0 196.0 0.0
117.0 200.0 211.0 0.0
117.0 211.0 139.0 0.0
135.0 157.0 251.0 0.0
95.0 211.0 156.0 0.0
61.0 122.0 190.0 0.0
81.0 210.0 129.0 0.0
73.0 121.0 76.0 0.0
71.0 74.0 315.0 0.0
95.0 339.0 167.0 0.0
69.0 141.0 106.0 0.0
73.0 110.0 141.0 0.0
109.0 177.0 125.0 0.0
81.0 97.0 124.0 0.0
67.0 110.0 130.0 0.0
71.0 134.0 136.0 0.0
109.0 174.0 159.0 0.0
73.0 123.0 140.0 0.0
105.0 172.0 209.0 0.0
105.0 209.0 123.0 0.0
137.0 155.0 501.0 0.0
93.0 457.0 168.0 0.0
65.0 140.0 176.0 0.0
119.0 230.0 145.0 0.0
129.0 155.0 161.0 0.0
75.0 107.0 263.0 0.0
253.0 441.0 520.0 0.0
81.0 348.0 171.0 0.0
201.0 291.0 302.0 0.0
135.0 236.0 480.0 0.0
107.0 452.0 142.0 0.0
85.0 120.0 175.0 0.0
69.0 159.0 128.0 0.0
63.0 122.0 100.0 0.0
103.0 140.0 203.0 0.0
89.0 189.0 123.0 0.0
97.0 131.0 289.0 0.0
81.0 273.0 178.0 0.0
119.0 216.0 227.0 0.0
85.0 193.0 152.0 0.0
157.0 224.0 210.0 0.0
131.0 184.0 258.0 0.0
177.0 304.0 232.0 0.0
153.0 208.0 492.0 0.0
81.0 420.0 131.0 0.0
107.0 157.0 172.0 0.0
151.0 216.0 361.0 0.0
87.0 297.0 123.0 0.0
95.0 131.0 142.0 0.0
149.0 196.0 203.0 0.0
143.0 197.0 183.0 0.0
65.0 105.0 103.0 0.0
99.0 137.0 213.0 0.0
103.0 217.0 209.0 0.0
129.0 235.0 157.0 0.0
91.0 119.0 138.0 0.0
81.0 128.0 126.0 0.0
119.0 164.0 135.0 0.0
109.0 125.0 179.0 0.0
1.0 71.0 58.0 0.0
1.0 58.0 41.0 0.0
69.0 109.0 76.0 0.0
77.0 84.0 86.0 0.0
63.0 72.0 68.0 0.0
71.0 76.0 83.0 0.0
71.0 83.0 147.0 0.0
61.0 137.0 65.0 0.0
61.0 65.0 131.0 0.0
1.0 71.0 58.0 0.0
1.0 58.0 332.0 0.0
65.0 396.0 107.0 0.0
101.0 143.0 250.0 0.0
73.0 222.0 84.0 0.0
69.0 80.0 294.0 0.0
61.0 286.0 67.0 0.0
63.0 69.0 730.0 0.0
351.0 1018.0 752.0 0.0
221.0 622.0 477.0 0.0
87.0 343.0 116.0 0.0
143.0 172.0 179.0 0.0
123.0 159.0 180.0 0.0
111.0 168.0 147.0 0.0
173.0 209.0 253.0 0.0
225.0 305.0 310.0 0.0
295.0 380.0 462.0 0.0
97.0 264.0 214.0 0.0
127.0 244.0 392.0 0.0
77.0 342.0 133.0 0.0
91.0 147.0 129.0 0.0
129.0 167.0 155.0 0.0
77.0 103.0 107.0 0.0
87.0 117.0 106.0 0.0
63.0 82.0 64.0 0.0
63.0 64.0 136.0 0.0
1.0 74.0 48.0 0.0
1.0 48.0 71.0 0.0
1.0 71.0 50.0 0.0
1.0 50.0 162.0 0.0
1.0 162.0 42.0 0.0
1.0 42.0 43.0 0.0
67.0 109.0 238.0 0.0
77.0 248.0 166.0 0.0
93.0 182.0 96.0 0.0
91.0 94.0 172.0 0.0
1.0 82.0 44.0 0.0
1.0 44.0 108.0 0.0
71.0 178.0 212.0 0.0
73.0 214.0 360.0 0.0
61.0 348.0 66.0 0.0
61.0 66.0 93.0 0.0
101.0 133.0 227.0 0.0
1.0 127.0 51.0 0.0
1.0 51.0 28.0 0.0
1.0 28.0 288.0 0.0
63.0 350.0 67.0 0.0
71.0 75.0 88.0 0.0
87.0 104.0 145.0 0.0
137.0 195.0 176.0 0.0
69.0 108.0 213.0 0.0
159.0 303.0 364.0 0.0
157.0 362.0 272.0 0.0
119.0 234.0 130.0 0.0
127.0 138.0 266.0 0.0
69.0 208.0 84.0 0.0
77.0 92.0 114.0 0.0
61.0 98.0 97.0 0.0
103.0 139.0 196.0 0.0
75.0 168.0 123.0 0.0
95.0 143.0 121.0 0.0
109.0 135.0 121.0 0.0
101.0 113.0 207.0 0.0
1.0 107.0 41.0 0.0
1.0 41.0 153.0 0.0
103.0 255.0 190.0 0.0
61.0 148.0 70.0 0.0
65.0 74.0 272.0 0.0
73.0 280.0 87.0 0.0
65.0 79.0 86.0 0.0
89.0 110.0 138.0 0.0
61.0 110.0 76.0 0.0
83.0 98.0 177.0 0.0
127.0 221.0 222.0 0.0
189.0 284.0 242.0 0.0
105.0 158.0 182.0 0.0
125.0 202.0 179.0 0.0
119.0 173.0 147.0 0.0
67.0 95.0 181.0 0.0
101.0 215.0 120.0 0.0
79.0 98.0 219.0 0.0
275.0 415.0 323.0 0.0
223.0 271.0 278.0 0.0
189.0 244.0 216.0 0.0
215.0 242.0 314.0 0.0
85.0 184.0 155.0 0.0
69.0 139.0 114.0 0.0
83.0 128.0 109.0 0.0
85.0 111.0 98.0 0.0
65.0 78.0 237.0 0.0
95.0 267.0 100.0 0.0
93.0 98.0 277.0 0.0
1.0 185.0 51.0 0.0
1.0 51.0 52.0 0.0
61.0 112.0 170.0 0.0
137.0 246.0 230.0 0.0
1.0 94.0 41.0 0.0
1.0 41.0 61.0 0.0
1.0 61.0 69.0 0.0
71.0 139.0 119.0 0.0
1.0 49.0 57.0 0.0
1.0 57.0 140.0 0.0
63.0 202.0 95.0 0.0
1.0 33.0 22.0 0.0
1.0 22.0 28.0 0.0
1.0 28.0 42.0 0.0
1.0 42.0 40.0 0.0
1.0 40.0 44.0 0.0
61.0 104.0 99.0 0.0
1.0 39.0 50.0 0.0
1.0 50.0 42.0 0.0
1.0 42.0 72.0 0.0
67.0 138.0 138.0 0.0
107.0 178.0 157.0 0.0
99.0 149.0 139.0 0.0
91.0 131.0 246.0 0.0
1.0 156.0 58.0 0.0
1.0 58.0 126.0 0.0
63.0 188.0 96.0 0.0
75.0 108.0 104.0 0.0
133.0 162.0 310.0 0.0
81.0 258.0 203.0 0.0
63.0 185.0 82.0 0.0
75.0 94.0 82.0 0.0
63.0 70.0 79.0 0.0
85.0 101.0 196.0 0.0
129.0 240.0 164.0 0.0
77.0 112.0 293.0 0.0
93.0 309.0 601.0 0.0
229.0 737.0 321.0 0.0
181.0 273.0 247.0 0.0
201.0 267.0 283.0 0.0
81.0 163.0 152.0 0.0
77.0 148.0 107.0 0.0
93.0 123.0 229.0 0.0
99.0 235.0 118.0 0.0
87.0 106.0 146.0 0.0
87.0 146.0 1181.0 0.0
1.0 1095.0 58.0 0.0
1.0 58.0 45.0 0.0
1.0 45.0 126.0 0.0
95.0 220.0 114.0 0.0
73.0 92.0 253.0 0.0
105.0 285.0 123.0 0.0
69.0 87.0 84.0 0.0
73.0 88.0 200.0 0.0
81.0 208.0 90.0 0.0
81.0 90.0 158.0 0.0
155.0 232.0 302.0 0.0
173.0 320.0 185.0 0.0
193.0 205.0 1508.0 0.0
89.0 1404.0 130.0 0.0
67.0 108.0 123.0 0.0
91.0 147.0 308.0 0.0
75.0 292.0 121.0 0.0
61.0 107.0 64.0 0.0
63.0 66.0 153.0 0.0
63.0 153.0 189.0 0.0
135.0 261.0 161.0 0.0
131.0 157.0 238.0 0.0
119.0 226.0 200.0 0.0
117.0 198.0 282.0 0.0
61.0 226.0 183.0 0.0
69.0 191.0 125.0 0.0
151.0 207.0 234.0 0.0
141.0 224.0 218.0 0.0
1.0 78.0 42.0 0.0
1.0 42.0 30.0 0.0
1.0 30.0 17.0 0.0
1.0 17.0 23.0 0.0
1.0 23.0 19.0 0.0
1.0 19.0 153.0 0.0
1.0 153.0 57.0 0.0
1.0 57.0 61.0 0.0
61.0 121.0 87.0 0.0
67.0 93.0 165.0 0.0
69.0 167.0 155.0 0.0
65.0 151.0 225.0 0.0
81.0 241.0 117.0 0.0
125.0 226.0 168.0 0.0
91.0 134.0 189.0 0.0
123.0 159.0 160.0 0.0
87.0 124.0 129.0 0.0
153.0 300.0 206.0 0.0
75.0 116.0 102.0 0.0
115.0 158.0 427.0 0.0
115.0 202.0 166.0 0.0
75.0 671.0 116.0 0.0
1.0 42.0 57.0 0.0
1.0 57.0 38.0 0.0
73.0 110.0 75.0 0.0
71.0 73.0 79.0 0.0
61.0 69.0 221.0 0.0
71.0 231.0 106.0 0.0
1.0 36.0 39.0 0.0
1.0 39.0 22.0 0.0
1.0 22.0 47.0 0.0
1.0 47.0 43.0 0.0
1.0 43.0 67.0 0.0
101.0 167.0 193.0 0.0
1.0 93.0 60.0 0.0
1.0 60.0 34.0 0.0
1.0 34.0 46.0 0.0
1.0 46.0 26.0 0.0
1.0 26.0 65.0 0.0
1.0 65.0 39.0 0.0
1.0 39.0 122.0 0.0
1.0 122.0 38.0 0.0
1.0 38.0 65.0 0.0
67.0 131.0 119.0 0.0
63.0 115.0 101.0 0.0
85.0 123.0 133.0 0.0
103.0 151.0 209.0 0.0
87.0 193.0 426.0 0.0
1.0 340.0 27.0 0.0
1.0 27.0 85.0 0.0
75.0 159.0 218.0 0.0
85.0 228.0 180.0 0.0
85.0 180.0 134.0 0.0
129.0 178.0 221.0 0.0
117.0 209.0 170.0 0.0
77.0 130.0 140.0 0.0
87.0 150.0 120.0 0.0
71.0 104.0 232.0 0.0
95.0 256.0 169.0 0.0
89.0 163.0 115.0 0.0
75.0 101.0 206.0 0.0
69.0 200.0 127.0 0.0
89.0 147.0 120.0 0.0
85.0 116.0 89.0 0.0
77.0 81.0 112.0 0.0
63.0 98.0 86.0 0.0
61.0 84.0 95.0 0.0
129.0 163.0 200.0 0.0
61.0 132.0 154.0 0.0
63.0 156.0 76.0 0.0
67.0 80.0 113.0 0.0
71.0 117.0 149.0 0.0
165.0 243.0 289.0 0.0
75.0 199.0 87.0 0.0
75.0 87.0 212.0 0.0
1.0 138.0 36.0 0.0
1.0 36.0 53.0 0.0
67.0 119.0 151.0 0.0
111.0 195.0 171.0 0.0
63.0 123.0 105.0 0.0
71.0 113.0 116.0 0.0
85.0 130.0 106.0 0.0
61.0 82.0 82.0 0.0
73.0 94.0 184.0 0.0
93.0 204.0 114.0 0.0
119.0 140.0 245.0 0.0
79.0 205.0 115.0 0.0
73.0 109.0 80.0 0.0
77.0 84.0 145.0 0.0
145.0 213.0 195.0 0.0
75.0 125.0 116.0 0.0
1.0 42.0 56.0 0.0
1.0 56.0 37.0 0.0
63.0 99.0 73.0 0.0
63.0 73.0 85.0 0.0
69.0 91.0 86.0 0.0
63.0 80.0 73.0 0.0
61.0 71.0 70.0 0.0
79.0 88.0 85.0 0.0
83.0 89.0 186.0 0.0
1.0 104.0 43.0 0.0
1.0 43.0 217.0 0.0
1.0 217.0 22.0 0.0
1.0 22.0 23.0 0.0
1.0 23.0 48.0 0.0
65.0 112.0 68.0 0.0
61.0 64.0 170.0 0.0
65.0 174.0 66.0 0.0
63.0 64.0 126.0 0.0
1.0 64.0 46.0 0.0
1.0 46.0 70.0 0.0
61.0 130.0 99.0 0.0
1.0 39.0 40.0 0.0
1.0 40.0 45.0 0.0
1.0 45.0 108.0 0.0
1.0 108.0 40.0 0.0
1.0 40.0 153.0 0.0
1.0 153.0 57.0 0.0
1.0 57.0 38.0 0.0
61.0 98.0 181.0 0.0
121.0 241.0 126.0 0.0
125.0 130.0 167.0 0.0
127.0 169.0 209.0 0.0
1.0 83.0 54.0 0.0
1.0 54.0 39.0 0.0
1.0 39.0 45.0 0.0
65.0 109.0 200.0 0.0
61.0 196.0 73.0 0.0
77.0 89.0 99.0 0.0
65.0 87.0 117.0 0.0
65.0 117.0 81.0 0.0
63.0 79.0 94.0 0.0
99.0 130.0 124.0 0.0
65.0 90.0 144.0 0.0
147.0 226.0 208.0 0.0
111.0 160.0 238.0 0.0
91.0 218.0 199.0 0.0
205.0 313.0 386.0 0.0
91.0 272.0 167.0 0.0
65.0 141.0 131.0 0.0
113.0 171.0 181.0 0.0
145.0 213.0 206.0 0.0
77.0 138.0 80.0 0.0
71.0 74.0 83.0 0.0
69.0 81.0 151.0 0.0
73.0 155.0 105.0 0.0
81.0 113.0 105.0 0.0
75.0 99.0 102.0 0.0
77.0 104.0 95.0 0.0
85.0 103.0 135.0 0.0
77.0 127.0 280.0 0.0
145.0 348.0 158.0 0.0
143.0 156.0 181.0 0.0
69.0 107.0 87.0 0.0
75.0 93.0 259.0 0.0
71.0 255.0 75.0 0.0
73.0 77.0 79.0 0.0
61.0 67.0 161.0 0.0
61.0 161.0 109.0 0.0
119.0 167.0 167.0 0.0
73.0 121.0 129.0 0.0
69.0 125.0 101.0 0.0
129.0 161.0 161.0 0.0
87.0 119.0 143.0 0.0
93.0 149.0 131.0 0.0
63.0 101.0 67.0 0.0
61.0 65.0 72.0 0.0
71.0 82.0 159.0 0.0
69.0 157.0 124.0 0.0
173.0 228.0 437.0 0.0
123.0 387.0 262.0 0.0
155.0 294.0 0.0 0.0
1.0 0.0 808.0 1.0
21.0 828.0 343.0 1.0
25.0 347.0 524.0 1.0
1.0 500.0 323.0 1.0
1.0 198.0 120.0 1.0
1.0 120.0 31.0 1.0
1.0 4.0 125.0 1.0
1.0 125.0 110.0 1.0
1.0 110.0 104.0 1.0
1.0 104.0 103.0 1.0
1.0 103.0 98.0 1.0
1.0 98.0 248.0 1.0
1.0 219.0 128.0 1.0
1.0 449.0 149.0 1.0
1.0 149.0 213.0 1.0
1.0 213.0 389.0 1.0
1.0 389.0 109.0 1.0
1.0 109.0 97.0 1.0
1.0 97.0 104.0 1.0
1.0 104.0 198.0 1.0
1.0 198.0 95.0 1.0
1.0 103.0 108.0 1.0
1.0 108.0 119.0 1.0
1.0 119.0 109.0 1.0
1.0 75.0 101.0 1.0
1.0 58.0 66.0 1.0
1.0 66.0 58.0 1.0
1.0 58.0 57.0 1.0
1.0 57.0 107.0 1.0
1.0 107.0 64.0 1.0
1.0 64.0 86.0 1.0
1.0 86.0 67.0 1.0
1.0 67.0 61.0 1.0
1.0 61.0 55.0 1.0
1.0 55.0 71.0 1.0
1.0 71.0 58.0 1.0
1.0 121.0 66.0 1.0
1.0 66.0 74.0 1.0
1.0 87.0 50.0 1.0
1.0 50.0 52.0 1.0
1.0 129.0 216.0 1.0
1.0 186.0 154.0 1.0
1.0 133.0 81.0 1.0
1.0 81.0 191.0 1.0
1.0 191.0 112.0 1.0
1.0 112.0 97.0 1.0
1.0 97.0 108.0 1.0
1.0 108.0 77.0 1.0
1.0 144.0 68.0 1.0
1.0 68.0 248.0 1.0
1.0 248.0 92.0 1.0
1.0 92.0 170.0 1.0
1.0 170.0 55.0 1.0
1.0 64.0 74.0 1.0
1.0 53.0 82.0 1.0
1.0 82.0 38.0 1.0
1.0 38.0 65.0 1.0
1.0 65.0 17.0 1.0
1.0 17.0 76.0 1.0
1.0 76.0 28.0 1.0
1.0 28.0 60.0 1.0
1.0 60.0 70.0 1.0
1.0 70.0 62.0 1.0
1.0 62.0 77.0 1.0
1.0 77.0 102.0 1.0
1.0 102.0 85.0 1.0
1.0 85.0 114.0 1.0
1.0 114.0 124.0 1.0
1.0 124.0 192.0 1.0
1.0 192.0 363.0 1.0
1.0 184.0 417.0 1.0
1.0 177.0 97.0 1.0
1.0 97.0 112.0 1.0
1.0 104.0 116.0 1.0
1.0 124.0 132.0 1.0
1.0 132.0 112.0 1.0
1.0 112.0 320.0 1.0
1.0 320.0 212.0 1.0
1.0 212.0 200.0 1.0
1.0 200.0 189.0 1.0
1.0 189.0 92.0 1.0
1.0 227.0 141.0 1.0
1.0 141.0 200.0 1.0
1.0 200.0 153.0 1.0
1.0 92.0 114.0 1.0
1.0 44.0 161.0 1.0
1.0 173.0 83.0 1.0
1.0 83.0 99.0 1.0
1.0 136.0 160.0 1.0
1.0 19.0 3.0 1.0
1.0 106.0 366.0 1.0
1.0 554.0 677.0 1.0
1.0 677.0 204.0 1.0
1.0 216.0 515.0 1.0
1.0 376.0 751.0 1.0
1.0 268.0 921.0 1.0
1.0 921.0 376.0 1.0
1.0 376.0 156.0 1.0
1.0 156.0 115.0 1.0
1.0 115.0 198.0 1.0
1.0 129.0 90.0 1.0
1.0 90.0 120.0 1.0
1.0 120.0 262.0 1.0
1.0 269.0 514.0 1.0
1.0 514.0 623.0 1.0
1.0 281.0 506.0 1.0
1.0 448.0 453.0 1.0
1.0 183.0 889.0 1.0
1.0 190.0 175.0 1.0
1.0 199.0 275.0 1.0
1.0 331.0 459.0 1.0
1.0 344.0 264.0 1.0
1.0 264.0 233.0 1.0
1.0 381.0 129.0 1.0
1.0 326.0 410.0 1.0
1.0 410.0 44.0 1.0
1.0 306.0 79.0 1.0
1.0 79.0 117.0 1.0
1.0 117.0 112.0 1.0
1.0 112.0 113.0 1.0
1.0 113.0 101.0 1.0
1.0 101.0 50.0 1.0
1.0 50.0 65.0 1.0
1.0 65.0 173.0 1.0
1.0 173.0 58.0 1.0
1.0 93.0 134.0 1.0
1.0 134.0 67.0 1.0
1.0 67.0 98.0 1.0
1.0 73.0 141.0 1.0
1.0 141.0 99.0 1.0
1.0 99.0 144.0 1.0
1.0 423.0 189.0 1.0
1.0 189.0 278.0 1.0
1.0 168.0 170.0 1.0
1.0 170.0 178.0 1.0
1.0 178.0 233.0 1.0
1.0 233.0 321.0 1.0
1.0 82.0 124.0 1.0
1.0 124.0 171.0 1.0
1.0 163.0 191.0 1.0
1.0 222.0 206.0 1.0
1.0 206.0 106.0 1.0
1.0 105.0 99.0 1.0
1.0 78.0 99.0 1.0
1.0 271.0 83.0 1.0
1.0 83.0 57.0 1.0
1.0 981.0 106.0 1.0
1.0 202.0 178.0 1.0
1.0 323.0 198.0 0.0
68.0 98.0 71.0 0.0
1.0 248.0 219.0 0.0
1.0 128.0 449.0 0.0
1.0 95.0 103.0 0.0
1.0 109.0 75.0 0.0
1.0 101.0 94.0 0.0
1.0 94.0 58.0 0.0
1.0 58.0 35.0 0.0
1.0 35.0 52.0 0.0
1.0 52.0 86.0 0.0
1.0 86.0 121.0 0.0
1.0 74.0 79.0 0.0
1.0 79.0 87.0 0.0
1.0 52.0 44.0 0.0
1.0 44.0 73.0 0.0
1.0 73.0 76.0 0.0
1.0 76.0 129.0 0.0
1.0 216.0 186.0 0.0
1.0 154.0 133.0 0.0
88.0 164.0 231.0 0.0
1.0 55.0 64.0 0.0
1.0 74.0 53.0 0.0
1.0 363.0 225.0 0.0
1.0 225.0 180.0 0.0
1.0 180.0 184.0 0.0
1.0 417.0 126.0 0.0
1.0 126.0 177.0 0.0
1.0 97.0 97.0 0.0
1.0 112.0 117.0 0.0
1.0 117.0 98.0 0.0
1.0 98.0 105.0 0.0
1.0 105.0 104.0 0.0
1.0 116.0 124.0 0.0
1.0 92.0 227.0 0.0
91.0 243.0 182.0 0.0
1.0 114.0 107.0 0.0
1.0 107.0 110.0 0.0
1.0 110.0 151.0 0.0
1.0 151.0 129.0 0.0
1.0 129.0 111.0 0.0
1.0 111.0 132.0 0.0
1.0 132.0 204.0 0.0
1.0 204.0 121.0 0.0
1.0 121.0 26.0 0.0
1.0 26.0 19.0 0.0
1.0 19.0 21.0 0.0
1.0 21.0 19.0 0.0
1.0 19.0 44.0 0.0
1.0 161.0 173.0 0.0
1.0 99.0 168.0 0.0
1.0 168.0 131.0 0.0
1.0 131.0 116.0 0.0
1.0 116.0 136.0 0.0
1.0 160.0 147.0 0.0
1.0 147.0 156.0 0.0
1.0 156.0 139.0 0.0
1.0 139.0 147.0 0.0
1.0 147.0 50.0 0.0
1.0 50.0 171.0 0.0
1.0 171.0 124.0 0.0
1.0 124.0 120.0 0.0
1.0 120.0 60.0 0.0
1.0 60.0 50.0 0.0
1.0 50.0 61.0 0.0
1.0 61.0 153.0 0.0
1.0 153.0 19.0 0.0
1.0 3.0 102.0 0.0
1.0 102.0 46.0 0.0
164.0 209.0 426.0 0.0
1.0 263.0 327.0 0.0
1.0 327.0 301.0 0.0
1.0 301.0 286.0 0.0
1.0 286.0 106.0 0.0
1.0 366.0 142.0 0.0
1.0 142.0 491.0 0.0
1.0 491.0 554.0 0.0
1.0 204.0 216.0 0.0
1.0 515.0 376.0 0.0
1.0 751.0 268.0 0.0
1.0 198.0 129.0 0.0
1.0 262.0 228.0 0.0
1.0 228.0 269.0 0.0
1.0 623.0 281.0 0.0
1.0 506.0 279.0 0.0
1.0 279.0 234.0 0.0
1.0 234.0 309.0 0.0
1.0 309.0 435.0 0.0
1.0 435.0 309.0 0.0
1.0 309.0 187.0 0.0
1.0 187.0 229.0 0.0
1.0 229.0 304.0 0.0
1.0 304.0 265.0 0.0
111.0 375.0 605.0 0.0
95.0 589.0 391.0 0.0
1.0 297.0 448.0 0.0
1.0 453.0 232.0 0.0
1.0 232.0 503.0 0.0
1.0 503.0 263.0 0.0
1.0 263.0 551.0 0.0
1.0 551.0 196.0 0.0
1.0 196.0 84.0 0.0
1.0 84.0 80.0 0.0
1.0 80.0 58.0 0.0
1.0 58.0 100.0 0.0
1.0 100.0 136.0 0.0
1.0 136.0 197.0 0.0
1.0 197.0 190.0 0.0
1.0 190.0 183.0 0.0
1.0 889.0 134.0 0.0
1.0 134.0 273.0 0.0
1.0 273.0 221.0 0.0
1.0 221.0 228.0 0.0
1.0 228.0 111.0 0.0
1.0 111.0 326.0 0.0
1.0 326.0 161.0 0.0
1.0 161.0 132.0 0.0
1.0 132.0 85.0 0.0
1.0 85.0 131.0 0.0
1.0 131.0 69.0 0.0
1.0 69.0 733.0 0.0
1.0 733.0 190.0 0.0
1.0 175.0 199.0 0.0
1.0 275.0 173.0 0.0
1.0 173.0 201.0 0.0
1.0 201.0 246.0 0.0
1.0 246.0 42.0 0.0
1.0 42.0 105.0 0.0
1.0 105.0 62.0 0.0
1.0 62.0 63.0 0.0
1.0 63.0 72.0 0.0
1.0 72.0 38.0 0.0
1.0 38.0 192.0 0.0
1.0 192.0 86.0 0.0
1.0 86.0 134.0 0.0
1.0 134.0 124.0 0.0
1.0 124.0 113.0 0.0
1.0 113.0 109.0 0.0
1.0 109.0 193.0 0.0
1.0 193.0 130.0 0.0
1.0 130.0 74.0 0.0
1.0 74.0 165.0 0.0
1.0 165.0 225.0 0.0
1.0 225.0 100.0 0.0
1.0 100.0 297.0 0.0
1.0 297.0 202.0 0.0
1.0 202.0 257.0 0.0
1.0 257.0 130.0 0.0
1.0 130.0 159.0 0.0
1.0 159.0 113.0 0.0
1.0 113.0 599.0 0.0
1.0 599.0 202.0 0.0
1.0 202.0 381.0 0.0
1.0 381.0 184.0 0.0
1.0 184.0 445.0 0.0
54.0 498.0 384.0 0.0
1.0 459.0 344.0 0.0
1.0 233.0 213.0 0.0
1.0 213.0 153.0 0.0
1.0 153.0 300.0 0.0
1.0 300.0 331.0 0.0
1.0 331.0 127.0 0.0
1.0 127.0 111.0 0.0
1.0 111.0 95.0 0.0
1.0 95.0 126.0 0.0
1.0 126.0 151.0 0.0
1.0 151.0 209.0 0.0
1.0 209.0 377.0 0.0
1.0 377.0 381.0 0.0
1.0 129.0 155.0 0.0
1.0 155.0 148.0 0.0
1.0 148.0 364.0 0.0
1.0 364.0 121.0 0.0
1.0 121.0 218.0 0.0
1.0 218.0 132.0 0.0
1.0 132.0 218.0 0.0
1.0 218.0 326.0 0.0
40.0 83.0 345.0 0.0
1.0 58.0 93.0 0.0
1.0 98.0 73.0 0.0
1.0 144.0 423.0 0.0
86.0 363.0 378.0 0.0
1.0 293.0 300.0 0.0
34.0 333.0 221.0 0.0
36.0 223.0 423.0 0.0
1.0 388.0 159.0 0.0
82.0 240.0 298.0 0.0
42.0 258.0 209.0 0.0
1.0 321.0 179.0 0.0
1.0 179.0 723.0 0.0
1.0 723.0 165.0 0.0
1.0 165.0 126.0 0.0
1.0 126.0 115.0 0.0
1.0 115.0 54.0 0.0
1.0 54.0 103.0 0.0
1.0 103.0 140.0 0.0
1.0 140.0 82.0 0.0
1.0 171.0 94.0 0.0
1.0 94.0 100.0 0.0
1.0 100.0 128.0 0.0
1.0 128.0 112.0 0.0
1.0 112.0 208.0 0.0
1.0 208.0 128.0 0.0
1.0 128.0 190.0 0.0
1.0 190.0 217.0 0.0
1.0 217.0 206.0 0.0
24.0 229.0 84.0 0.0
1.0 61.0 130.0 0.0
1.0 130.0 163.0 0.0
1.0 191.0 222.0 0.0
214.0 319.0 336.0 0.0
1.0 123.0 112.0 0.0
1.0 112.0 109.0 0.0
1.0 109.0 83.0 0.0
1.0 83.0 88.0 0.0
1.0 88.0 105.0 0.0
1.0 99.0 52.0 0.0
1.0 52.0 110.0 0.0
1.0 110.0 99.0 0.0
1.0 99.0 78.0 0.0
1.0 99.0 61.0 0.0
1.0 61.0 63.0 0.0
1.0 63.0 43.0 0.0
1.0 43.0 271.0 0.0
1.0 57.0 65.0 0.0
1.0 65.0 981.0 0.0
1.0 106.0 209.0 0.0
1.0 209.0 186.0 0.0
1.0 186.0 287.0 0.0
1.0 287.0 252.0 0.0
1.0 252.0 127.0 0.0
1.0 127.0 184.0 0.0
1.0 184.0 202.0 0.0
37.0 214.0 0.0 0.0
108.0 358.0 226.0 1.0
1.0 90.0 31.0 1.0
1.0 4.0 74.0 1.0
52.0 125.0 63.0 1.0
37.0 70.0 57.0 1.0
1.0 56.0 58.0 1.0
1.0 58.0 66.0 1.0
1.0 66.0 58.0 1.0
1.0 58.0 57.0 1.0
1.0 57.0 77.0 1.0
1.0 35.0 61.0 1.0
1.0 61.0 55.0 1.0
1.0 55.0 71.0 1.0
1.0 71.0 58.0 1.0
1.0 35.0 52.0 1.0
1.0 52.0 44.0 1.0
1.0 55.0 50.0 1.0
1.0 50.0 52.0 1.0
33.0 39.0 111.0 1.0
34.0 112.0 37.0 1.0
32.0 35.0 217.0 1.0
32.0 217.0 53.0 1.0
1.0 131.0 55.0 1.0
1.0 55.0 33.0 1.0
32.0 64.0 74.0 1.0
1.0 43.0 53.0 1.0
1.0 53.0 82.0 1.0
1.0 82.0 38.0 1.0
1.0 38.0 65.0 1.0
1.0 65.0 17.0 1.0
1.0 17.0 76.0 1.0
1.0 76.0 28.0 1.0
1.0 28.0 60.0 1.0
1.0 60.0 70.0 1.0
1.0 70.0 62.0 1.0
1.0 62.0 47.0 1.0
52.0 81.0 79.0 1.0
46.0 73.0 149.0 1.0
44.0 147.0 288.0 1.0
39.0 87.0 77.0 1.0
36.0 74.0 277.0 1.0
35.0 122.0 144.0 1.0
46.0 155.0 55.0 1.0
1.0 44.0 127.0 1.0
36.0 49.0 53.0 1.0
56.0 122.0 80.0 1.0
52.0 76.0 60.0 1.0
1.0 61.0 153.0 1.0
1.0 153.0 19.0 1.0
1.0 19.0 3.0 1.0
1.0 3.0 102.0 1.0
45.0 109.0 137.0 1.0
31.0 235.0 110.0 1.0
47.0 126.0 60.0 1.0
56.0 69.0 134.0 1.0
66.0 128.0 859.0 1.0
67.0 224.0 165.0 1.0
81.0 100.0 88.0 1.0
1.0 180.0 42.0 1.0
1.0 42.0 105.0 1.0
1.0 62.0 32.0 1.0
1.0 41.0 38.0 1.0
1.0 38.0 161.0 1.0
1.0 266.0 44.0 1.0
1.0 44.0 274.0 1.0
1.0 64.0 50.0 1.0
1.0 50.0 33.0 1.0
1.0 141.0 58.0 1.0
1.0 58.0 55.0 1.0
32.0 34.0 66.0 1.0
1.0 54.0 59.0 1.0
1.0 131.0 61.0 1.0
1.0 69.0 61.0 1.0
1.0 63.0 43.0 1.0
1.0 43.0 235.0 1.0
1.0 47.0 57.0 1.0
1.0 57.0 34.0 1.0
103.0 0.0 738.0 0.0
71.0 706.0 181.0 0.0
143.0 253.0 393.0 0.0
98.0 216.0 168.0 0.0
31.0 101.0 120.0 0.0
1.0 31.0 4.0 0.0
48.0 59.0 65.0 0.0
40.0 57.0 70.0 0.0
34.0 64.0 64.0 0.0
35.0 65.0 185.0 0.0
64.0 214.0 182.0 0.0
38.0 156.0 92.0 0.0
37.0 91.0 384.0 0.0
66.0 413.0 110.0 0.0
40.0 84.0 149.0 0.0
65.0 174.0 350.0 0.0
40.0 325.0 73.0 0.0
41.0 61.0 68.0 0.0
37.0 64.0 160.0 0.0
39.0 162.0 49.0 0.0
47.0 57.0 58.0 0.0
46.0 57.0 70.0 0.0
39.0 63.0 88.0 0.0
32.0 81.0 78.0 0.0
32.0 78.0 39.0 0.0
37.0 44.0 63.0 0.0
39.0 65.0 94.0 0.0
31.0 107.0 34.0 0.0
31.0 34.0 54.0 0.0
33.0 56.0 67.0 0.0
1.0 58.0 35.0 0.0
43.0 86.0 91.0 0.0
31.0 79.0 34.0 0.0
33.0 36.0 42.0 0.0
33.0 42.0 47.0 0.0
33.0 47.0 87.0 0.0
1.0 52.0 44.0 0.0
1.0 44.0 38.0 0.0
36.0 73.0 39.0 0.0
38.0 41.0 72.0 0.0
58.0 92.0 151.0 0.0
66.0 159.0 156.0 0.0
31.0 121.0 117.0 0.0
38.0 124.0 102.0 0.0
32.0 96.0 49.0 0.0
33.0 50.0 144.0 0.0
48.0 159.0 81.0 0.0
32.0 65.0 56.0 0.0
42.0 66.0 70.0 0.0
39.0 67.0 45.0 0.0
40.0 61.0 170.0 0.0
31.0 77.0 67.0 0.0
36.0 72.0 52.0 0.0
34.0 50.0 63.0 0.0
76.0 320.0 146.0 0.0
80.0 150.0 115.0 0.0
66.0 101.0 98.0 0.0
87.0 119.0 361.0 0.0
57.0 331.0 87.0 0.0
40.0 70.0 140.0 0.0
38.0 138.0 62.0 0.0
36.0 60.0 62.0 0.0
36.0 62.0 69.0 0.0
44.0 77.0 87.0 0.0
31.0 74.0 63.0 0.0
36.0 68.0 65.0 0.0
41.0 70.0 61.0 0.0
44.0 64.0 61.0 0.0
56.0 73.0 79.0 0.0
46.0 69.0 94.0 0.0
44.0 285.0 134.0 0.0
79.0 169.0 166.0 0.0
38.0 47.0 185.0 0.0
43.0 190.0 82.0 0.0
60.0 99.0 148.0 0.0
53.0 141.0 114.0 0.0
40.0 101.0 55.0 0.0
38.0 53.0 77.0 0.0
38.0 77.0 77.0 0.0
31.0 70.0 59.0 0.0
52.0 80.0 109.0 0.0
43.0 100.0 87.0 0.0
43.0 87.0 71.0 0.0
41.0 69.0 85.0 0.0
48.0 92.0 147.0 0.0
58.0 157.0 121.0 0.0
1.0 64.0 26.0 0.0
1.0 26.0 19.0 0.0
1.0 19.0 21.0 0.0
1.0 21.0 19.0 0.0
1.0 19.0 44.0 0.0
35.0 161.0 139.0 0.0
35.0 139.0 48.0 0.0
47.0 64.0 113.0 0.0
57.0 65.0 72.0 0.0
65.0 80.0 109.0 0.0
52.0 96.0 116.0 0.0
32.0 96.0 119.0 0.0
38.0 125.0 93.0 0.0
47.0 102.0 147.0 0.0
1.0 101.0 50.0 0.0
1.0 50.0 130.0 0.0
42.0 171.0 76.0 0.0
49.0 83.0 120.0 0.0
1.0 72.0 60.0 0.0
1.0 60.0 50.0 0.0
1.0 50.0 61.0 0.0
1.0 102.0 46.0 0.0
1.0 46.0 200.0 0.0
64.0 263.0 293.0 0.0
35.0 264.0 258.0 0.0
44.0 267.0 237.0 0.0
50.0 243.0 63.0 0.0
44.0 57.0 314.0 0.0
53.0 323.0 92.0 0.0
51.0 90.0 350.0 0.0
142.0 441.0 369.0 0.0
186.0 413.0 582.0 0.0
96.0 492.0 160.0 0.0
80.0 172.0 338.0 0.0
178.0 436.0 298.0 0.0
79.0 199.0 689.0 0.0
63.0 673.0 233.0 0.0
36.0 206.0 780.0 0.0
142.0 886.0 346.0 0.0
65.0 143.0 89.0 0.0
41.0 65.0 49.0 0.0
42.0 50.0 67.0 0.0
54.0 79.0 207.0 0.0
56.0 209.0 152.0 0.0
77.0 173.0 184.0 0.0
86.0 193.0 467.0 0.0
48.0 429.0 508.0 0.0
116.0 576.0 209.0 0.0
73.0 166.0 397.0 0.0
110.0 434.0 209.0 0.0
71.0 170.0 120.0 0.0
115.0 164.0 171.0 0.0
139.0 195.0 390.0 0.0
46.0 297.0 241.0 0.0
69.0 264.0 118.0 0.0
70.0 119.0 147.0 0.0
83.0 160.0 233.0 0.0
72.0 222.0 184.0 0.0
82.0 194.0 376.0 0.0
120.0 414.0 230.0 0.0
68.0 178.0 277.0 0.0
172.0 381.0 407.0 0.0
47.0 282.0 178.0 0.0
55.0 186.0 420.0 0.0
84.0 449.0 148.0 0.0
116.0 180.0 473.0 0.0
79.0 436.0 156.0 0.0
41.0 118.0 52.0 0.0
33.0 44.0 80.0 0.0
1.0 48.0 58.0 0.0
1.0 58.0 51.0 0.0
50.0 100.0 70.0 0.0
67.0 87.0 129.0 0.0
69.0 131.0 135.0 0.0
56.0 122.0 118.0 0.0
31.0 824.0 85.0 0.0
50.0 104.0 207.0 0.0
57.0 155.0 185.0 0.0
44.0 172.0 56.0 0.0
56.0 68.0 259.0 0.0
68.0 271.0 111.0 0.0
51.0 94.0 95.0 0.0
38.0 82.0 48.0 0.0
38.0 48.0 98.0 0.0
34.0 94.0 38.0 0.0
32.0 36.0 643.0 0.0
91.0 702.0 110.0 0.0
88.0 95.0 148.0 0.0
52.0 112.0 203.0 0.0
73.0 224.0 138.0 0.0
36.0 101.0 135.0 0.0
67.0 166.0 246.0 0.0
1.0 105.0 62.0 0.0
32.0 63.0 72.0 0.0
32.0 192.0 44.0 0.0
43.0 55.0 89.0 0.0
46.0 92.0 73.0 0.0
52.0 79.0 74.0 0.0
40.0 62.0 72.0 0.0
38.0 70.0 151.0 0.0
43.0 156.0 99.0 0.0
32.0 88.0 44.0 0.0
31.0 43.0 133.0 0.0
33.0 135.0 188.0 0.0
38.0 193.0 55.0 0.0
46.0 63.0 258.0 0.0
40.0 252.0 114.0 0.0
89.0 163.0 201.0 0.0
57.0 169.0 88.0 0.0
43.0 74.0 107.0 0.0
53.0 117.0 61.0 0.0
53.0 61.0 520.0 0.0
80.0 547.0 109.0 0.0
94.0 123.0 326.0 0.0
56.0 288.0 139.0 0.0
46.0 129.0 378.0 0.0
68.0 400.0 300.0 0.0
32.0 264.0 402.0 0.0
58.0 428.0 215.0 0.0
130.0 287.0 180.0 0.0
85.0 135.0 175.0 0.0
59.0 149.0 172.0 0.0
42.0 155.0 79.0 0.0
75.0 112.0 204.0 0.0
97.0 226.0 272.0 0.0
60.0 235.0 96.0 0.0
32.0 68.0 64.0 0.0
48.0 80.0 58.0 0.0
38.0 48.0 89.0 0.0
38.0 89.0 92.0 0.0
60.0 114.0 162.0 0.0
48.0 150.0 229.0 0.0
149.0 330.0 318.0 0.0
64.0 233.0 79.0 0.0
51.0 66.0 97.0 0.0
59.0 105.0 79.0 0.0
70.0 90.0 308.0 0.0
57.0 295.0 68.0 0.0
54.0 65.0 156.0 0.0
63.0 165.0 75.0 0.0
58.0 70.0 118.0 0.0
101.0 161.0 182.0 0.0
145.0 226.0 410.0 0.0
33.0 306.0 42.0 0.0
38.0 47.0 73.0 0.0
45.0 80.0 74.0 0.0
39.0 68.0 76.0 0.0
38.0 75.0 101.0 0.0
33.0 65.0 173.0 0.0
39.0 93.0 101.0 0.0
34.0 96.0 36.0 0.0
33.0 67.0 40.0 0.0
34.0 41.0 109.0 0.0
33.0 108.0 60.0 0.0
40.0 67.0 99.0 0.0
46.0 105.0 359.0 0.0
65.0 378.0 117.0 0.0
73.0 125.0 208.0 0.0
71.0 206.0 149.0 0.0
145.0 223.0 260.0 0.0
41.0 156.0 141.0 0.0
48.0 148.0 349.0 0.0
40.0 341.0 115.0 0.0
45.0 120.0 163.0 0.0
55.0 173.0 94.0 0.0
75.0 114.0 131.0 0.0
40.0 96.0 103.0 0.0
76.0 139.0 176.0 0.0
58.0 158.0 287.0 0.0
35.0 264.0 123.0 0.0
57.0 145.0 667.0 0.0
57.0 667.0 114.0 0.0
52.0 109.0 79.0 0.0
48.0 75.0 115.0 0.0
1.0 68.0 54.0 0.0
45.0 103.0 104.0 0.0
37.0 96.0 52.0 0.0
31.0 46.0 81.0 0.0
44.0 94.0 128.0 0.0
44.0 128.0 52.0 0.0
43.0 51.0 52.0 0.0
49.0 58.0 76.0 0.0
53.0 80.0 82.0 0.0
31.0 60.0 154.0 0.0
55.0 178.0 68.0 0.0
61.0 74.0 160.0 0.0
31.0 130.0 142.0 0.0
76.0 187.0 206.0 0.0
1.0 61.0 81.0 0.0
50.0 130.0 85.0 0.0
79.0 114.0 112.0 0.0
80.0 113.0 139.0 0.0
84.0 143.0 159.0 0.0
48.0 123.0 59.0 0.0
48.0 59.0 68.0 0.0
56.0 76.0 63.0 0.0
50.0 57.0 76.0 0.0
34.0 60.0 46.0 0.0
38.0 50.0 55.0 0.0
34.0 51.0 67.0 0.0
39.0 72.0 99.0 0.0
1.0 61.0 52.0 0.0
1.0 52.0 67.0 0.0
44.0 110.0 62.0 0.0
38.0 56.0 48.0 0.0
31.0 41.0 99.0 0.0
1.0 61.0 63.0 0.0
37.0 271.0 83.0 0.0
32.0 65.0 930.0 0.0
52.0 950.0 55.0 0.0
52.0 55.0 128.0 0.0
82.0 158.0 131.0 0.0
56.0 105.0 165.0 0.0
123.0 232.0 212.0 0.0
41.0 130.0 68.0 0.0
60.0 87.0 96.0 0.0
89.0 125.0 164.0 0.0
39.0 114.0 109.0 0.0
70.0 140.0 0.0 0.0
71.0 99.0 112.0 1.0
81.0 109.0 100.0 1.0
201.0 452.0 698.0 1.0
105.0 270.0 158.0 1.0
122.0 149.0 184.0 1.0
110.0 282.0 130.0 1.0
87.0 107.0 126.0 1.0
83.0 122.0 96.0 1.0
100.0 115.0 132.0 1.0
120.0 143.0 232.0 1.0
79.0 270.0 87.0 1.0
321.0 0.0 747.0 0.0
370.0 796.0 402.0 0.0
367.0 399.0 408.0 0.0
354.0 395.0 466.0 0.0
140.0 252.0 235.0 0.0
120.0 215.0 143.0 0.0
39.0 62.0 69.0 0.0
1.0 31.0 4.0 0.0
46.0 49.0 67.0 0.0
103.0 124.0 114.0 0.0
104.0 115.0 110.0 0.0
91.0 97.0 100.0 0.0
82.0 91.0 109.0 0.0
112.0 139.0 195.0 0.0
186.0 269.0 259.0 0.0
106.0 179.0 138.0 0.0
161.0 193.0 396.0 0.0
165.0 400.0 198.0 0.0
149.0 182.0 195.0 0.0
228.0 274.0 422.0 0.0
65.0 259.0 105.0 0.0
80.0 120.0 96.0 0.0
85.0 101.0 96.0 0.0
136.0 147.0 183.0 0.0
105.0 152.0 110.0 0.0
78.0 83.0 118.0 0.0
68.0 108.0 99.0 0.0
92.0 123.0 116.0 0.0
82.0 106.0 114.0 0.0
75.0 107.0 77.0 0.0
82.0 84.0 89.0 0.0
91.0 98.0 100.0 0.0
42.0 51.0 99.0 0.0
33.0 90.0 34.0 0.0
33.0 34.0 90.0 0.0
1.0 58.0 57.0 0.0
45.0 101.0 55.0 0.0
84.0 94.0 85.0 0.0
65.0 66.0 83.0 0.0
66.0 84.0 71.0 0.0
31.0 36.0 91.0 0.0
1.0 61.0 55.0 0.0
31.0 85.0 39.0 0.0
33.0 41.0 90.0 0.0
1.0 58.0 35.0 0.0
1.0 35.0 52.0 0.0
39.0 90.0 45.0 0.0
96.0 102.0 102.0 0.0
92.0 98.0 95.0 0.0
69.0 72.0 72.0 0.0
73.0 76.0 78.0 0.0
73.0 78.0 79.0 0.0
43.0 49.0 92.0 0.0
1.0 50.0 52.0 0.0
1.0 52.0 44.0 0.0
33.0 76.0 39.0 0.0
68.0 74.0 79.0 0.0
76.0 87.0 112.0 0.0
101.0 137.0 188.0 0.0
108.0 195.0 194.0 0.0
133.0 219.0 147.0 0.0
123.0 137.0 170.0 0.0
69.0 116.0 89.0 0.0
77.0 97.0 154.0 0.0
122.0 199.0 129.0 0.0
84.0 91.0 102.0 0.0
94.0 112.0 123.0 0.0
68.0 97.0 73.0 0.0
93.0 98.0 118.0 0.0
92.0 117.0 96.0 0.0
95.0 99.0 244.0 0.0
70.0 219.0 83.0 0.0
80.0 93.0 133.0 0.0
83.0 136.0 137.0 0.0
32.0 86.0 33.0 0.0
62.0 63.0 74.0 0.0
32.0 44.0 84.0 0.0
33.0 85.0 50.0 0.0
33.0 50.0 70.0 0.0
32.0 69.0 33.0 0.0
33.0 34.0 49.0 0.0
34.0 50.0 45.0 0.0
32.0 43.0 59.0 0.0
1.0 28.0 60.0 0.0
35.0 94.0 40.0 0.0
61.0 66.0 61.0 0.0
68.0 68.0 70.0 0.0
83.0 85.0 96.0 0.0
84.0 97.0 95.0 0.0
74.0 85.0 105.0 0.0
80.0 111.0 134.0 0.0
91.0 145.0 169.0 0.0
107.0 185.0 322.0 0.0
158.0 373.0 272.0 0.0
116.0 230.0 189.0 0.0
82.0 155.0 191.0 0.0
169.0 278.0 421.0 0.0
91.0 343.0 98.0 0.0
91.0 98.0 187.0 0.0
88.0 184.0 108.0 0.0
82.0 102.0 95.0 0.0
91.0 104.0 119.0 0.0
74.0 115.0 87.0 0.0
82.0 95.0 110.0 0.0
82.0 101.0 113.0 0.0
90.0 121.0 127.0 0.0
81.0 118.0 145.0 0.0
90.0 154.0 111.0 0.0
139.0 160.0 247.0 0.0
154.0 262.0 234.0 0.0
155.0 235.0 197.0 0.0
154.0 196.0 197.0 0.0
127.0 170.0 127.0 0.0
87.0 87.0 187.0 0.0
119.0 219.0 159.0 0.0
140.0 180.0 183.0 0.0
132.0 175.0 170.0 0.0
101.0 139.0 130.0 0.0
82.0 111.0 107.0 0.0
86.0 111.0 96.0 0.0
103.0 113.0 128.0 0.0
78.0 103.0 108.0 0.0
115.0 145.0 170.0 0.0
79.0 134.0 98.0 0.0
93.0 112.0 119.0 0.0
144.0 170.0 209.0 0.0
110.0 175.0 124.0 0.0
51.0 65.0 76.0 0.0
1.0 26.0 19.0 0.0
1.0 19.0 21.0 0.0
1.0 21.0 19.0 0.0
1.0 19.0 44.0 0.0
36.0 79.0 100.0 0.0
114.0 178.0 174.0 0.0
96.0 156.0 107.0 0.0
70.0 81.0 95.0 0.0
81.0 106.0 124.0 0.0
141.0 184.0 164.0 0.0
97.0 120.0 115.0 0.0
108.0 126.0 140.0 0.0
114.0 146.0 130.0 0.0
138.0 154.0 193.0 0.0
83.0 138.0 153.0 0.0
86.0 156.0 128.0 0.0
102.0 144.0 156.0 0.0
38.0 92.0 87.0 0.0
63.0 112.0 86.0 0.0
145.0 168.0 179.0 0.0
62.0 96.0 107.0 0.0
44.0 89.0 103.0 0.0
1.0 60.0 50.0 0.0
1.0 50.0 61.0 0.0
64.0 124.0 111.0 0.0
43.0 90.0 61.0 0.0
1.0 19.0 3.0 0.0
50.0 52.0 61.0 0.0
42.0 53.0 87.0 0.0
94.0 139.0 137.0 0.0
170.0 213.0 310.0 0.0
208.0 348.0 388.0 0.0
103.0 283.0 242.0 0.0
145.0 284.0 167.0 0.0
101.0 123.0 251.0 0.0
225.0 375.0 265.0 0.0
266.0 306.0 337.0 0.0
397.0 468.0 648.0 0.0
102.0 599.0 174.0 0.0
183.0 255.0 216.0 0.0
188.0 221.0 562.0 0.0
202.0 576.0 370.0 0.0
255.0 423.0 750.0 0.0
154.0 649.0 279.0 0.0
154.0 279.0 757.0 0.0
313.0 916.0 429.0 0.0
221.0 337.0 260.0 0.0
94.0 133.0 126.0 0.0
94.0 126.0 155.0 0.0
131.0 192.0 163.0 0.0
87.0 119.0 110.0 0.0
89.0 112.0 116.0 0.0
122.0 149.0 169.0 0.0
226.0 273.0 286.0 0.0
104.0 164.0 278.0 0.0
280.0 454.0 476.0 0.0
347.0 543.0 619.0 0.0
211.0 483.0 282.0 0.0
261.0 332.0 413.0 0.0
286.0 438.0 428.0 0.0
141.0 283.0 185.0 0.0
171.0 215.0 333.0 0.0
244.0 406.0 338.0 0.0
260.0 354.0 402.0 0.0
133.0 275.0 194.0 0.0
175.0 236.0 240.0 0.0
120.0 185.0 285.0 0.0
162.0 327.0 215.0 0.0
241.0 294.0 583.0 0.0
132.0 474.0 213.0 0.0
253.0 334.0 363.0 0.0
410.0 520.0 535.0 0.0
178.0 303.0 247.0 0.0
153.0 222.0 460.0 0.0
251.0 558.0 373.0 0.0
161.0 283.0 416.0 0.0
268.0 523.0 335.0 0.0
81.0 148.0 95.0 0.0
62.0 76.0 74.0 0.0
38.0 50.0 95.0 0.0
44.0 101.0 66.0 0.0
69.0 91.0 131.0 0.0
103.0 165.0 146.0 0.0
171.0 214.0 207.0 0.0
109.0 145.0 185.0 0.0
186.0 262.0 712.0 0.0
303.0 829.0 318.0 0.0
175.0 190.0 267.0 0.0
170.0 262.0 199.0 0.0
202.0 231.0 286.0 0.0
72.0 156.0 113.0 0.0
121.0 162.0 255.0 0.0
139.0 273.0 187.0 0.0
114.0 162.0 152.0 0.0
98.0 136.0 100.0 0.0
101.0 103.0 137.0 0.0
69.0 105.0 74.0 0.0
73.0 78.0 727.0 0.0
75.0 729.0 156.0 0.0
124.0 205.0 198.0 0.0
134.0 208.0 170.0 0.0
139.0 175.0 304.0 0.0
115.0 168.0 211.0 0.0
94.0 190.0 247.0 0.0
53.0 206.0 94.0 0.0
43.0 84.0 56.0 0.0
81.0 94.0 81.0 0.0
61.0 61.0 63.0 0.0
66.0 68.0 69.0 0.0
34.0 37.0 71.0 0.0
89.0 126.0 130.0 0.0
103.0 144.0 114.0 0.0
94.0 105.0 138.0 0.0
71.0 115.0 106.0 0.0
93.0 128.0 129.0 0.0
81.0 117.0 100.0 0.0
126.0 145.0 166.0 0.0
128.0 168.0 152.0 0.0
80.0 104.0 86.0 0.0
95.0 101.0 145.0 0.0
115.0 165.0 236.0 0.0
92.0 213.0 101.0 0.0
146.0 155.0 264.0 0.0
143.0 261.0 210.0 0.0
182.0 249.0 292.0 0.0
80.0 190.0 107.0 0.0
85.0 147.0 92.0 0.0
94.0 101.0 430.0 0.0
287.0 623.0 329.0 0.0
279.0 321.0 386.0 0.0
141.0 248.0 191.0 0.0
274.0 324.0 440.0 0.0
181.0 347.0 339.0 0.0
302.0 460.0 334.0 0.0
258.0 290.0 482.0 0.0
178.0 402.0 219.0 0.0
180.0 221.0 308.0 0.0
70.0 198.0 162.0 0.0
140.0 232.0 172.0 0.0
114.0 146.0 244.0 0.0
229.0 359.0 401.0 0.0
98.0 111.0 107.0 0.0
101.0 110.0 142.0 0.0
125.0 166.0 220.0 0.0
157.0 252.0 275.0 0.0
213.0 331.0 418.0 0.0
151.0 356.0 186.0 0.0
104.0 139.0 175.0 0.0
113.0 184.0 114.0 0.0
246.0 247.0 306.0 0.0
164.0 224.0 211.0 0.0
73.0 120.0 179.0 0.0
145.0 251.0 166.0 0.0
135.0 156.0 219.0 0.0
143.0 227.0 247.0 0.0
252.0 356.0 355.0 0.0
180.0 283.0 223.0 0.0
112.0 155.0 171.0 0.0
167.0 226.0 179.0 0.0
73.0 85.0 101.0 0.0
82.0 110.0 118.0 0.0
93.0 129.0 109.0 0.0
99.0 115.0 110.0 0.0
41.0 52.0 90.0 0.0
33.0 82.0 35.0 0.0
101.0 103.0 169.0 0.0
35.0 103.0 92.0 0.0
40.0 97.0 49.0 0.0
82.0 91.0 122.0 0.0
87.0 127.0 92.0 0.0
71.0 76.0 98.0 0.0
62.0 89.0 71.0 0.0
79.0 88.0 138.0 0.0
71.0 130.0 88.0 0.0
107.0 124.0 137.0 0.0
256.0 286.0 353.0 0.0
174.0 271.0 230.0 0.0
197.0 253.0 278.0 0.0
220.0 301.0 334.0 0.0
151.0 265.0 250.0 0.0
158.0 257.0 198.0 0.0
207.0 247.0 432.0 0.0
97.0 322.0 154.0 0.0
104.0 161.0 174.0 0.0
140.0 210.0 170.0 0.0
158.0 188.0 218.0 0.0
101.0 161.0 161.0 0.0
129.0 189.0 174.0 0.0
244.0 289.0 388.0 0.0
88.0 232.0 177.0 0.0
295.0 384.0 709.0 0.0
121.0 535.0 144.0 0.0
126.0 149.0 173.0 0.0
86.0 133.0 100.0 0.0
51.0 65.0 104.0 0.0
31.0 84.0 54.0 0.0
101.0 124.0 156.0 0.0
66.0 121.0 82.0 0.0
68.0 84.0 114.0 0.0
122.0 168.0 131.0 0.0
120.0 129.0 130.0 0.0
84.0 94.0 99.0 0.0
79.0 111.0 102.0 0.0
69.0 181.0 119.0 0.0
92.0 142.0 167.0 0.0
96.0 171.0 235.0 0.0
76.0 215.0 204.0 0.0
47.0 175.0 107.0 0.0
46.0 106.0 78.0 0.0
103.0 135.0 148.0 0.0
120.0 165.0 226.0 0.0
69.0 175.0 191.0 0.0
147.0 269.0 223.0 0.0
80.0 156.0 106.0 0.0
107.0 133.0 135.0 0.0
89.0 117.0 102.0 0.0
91.0 104.0 112.0 0.0
73.0 94.0 85.0 0.0
78.0 90.0 90.0 0.0
87.0 99.0 105.0 0.0
84.0 102.0 105.0 0.0
32.0 53.0 83.0 0.0
45.0 96.0 71.0 0.0
71.0 97.0 108.0 0.0
67.0 104.0 71.0 0.0
71.0 75.0 93.0 0.0
44.0 66.0 104.0 0.0
32.0 92.0 32.0 0.0
32.0 32.0 74.0 0.0
41.0 83.0 232.0 0.0
36.0 44.0 92.0 0.0
31.0 87.0 35.0 0.0
131.0 135.0 949.0 0.0
113.0 931.0 119.0 0.0
150.0 156.0 154.0 0.0
183.0 187.0 219.0 0.0
169.0 205.0 252.0 0.0
195.0 278.0 291.0 0.0
125.0 221.0 132.0 0.0
143.0 150.0 210.0 0.0
137.0 204.0 194.0 0.0
130.0 187.0 146.0 0.0
162.0 178.0 0.0 0.0
191.0 587.0 255.0 1.0
145.0 296.0 210.0 1.0
119.0 294.0 155.0 1.0
97.0 106.0 124.0 1.0
105.0 132.0 134.0 1.0
103.0 106.0 179.0 1.0
205.0 0.0 840.0 0.0
141.0 776.0 251.0 0.0
285.0 395.0 535.0 0.0
215.0 465.0 333.0 0.0
195.0 313.0 265.0 0.0
61.0 131.0 150.0 0.0
1.0 90.0 31.0 0.0
1.0 31.0 4.0 0.0
1.0 4.0 74.0 0.0
103.0 176.0 114.0 0.0
95.0 106.0 112.0 0.0
79.0 96.0 109.0 0.0
67.0 97.0 97.0 0.0
69.0 99.0 219.0 0.0
127.0 277.0 245.0 0.0
75.0 193.0 129.0 0.0
73.0 127.0 420.0 0.0
131.0 478.0 175.0 0.0
79.0 123.0 188.0 0.0
129.0 238.0 414.0 0.0
79.0 364.0 112.0 0.0
73.0 106.0 93.0 0.0
81.0 101.0 108.0 0.0
73.0 100.0 196.0 0.0
77.0 200.0 87.0 0.0
93.0 103.0 104.0 0.0
91.0 102.0 115.0 0.0
77.0 101.0 126.0 0.0
63.0 112.0 109.0 0.0
63.0 109.0 70.0 0.0
73.0 80.0 99.0 0.0
77.0 103.0 132.0 0.0
1.0 56.0 58.0 0.0
1.0 58.0 66.0 0.0
1.0 66.0 58.0 0.0
1.0 58.0 57.0 0.0
1.0 57.0 77.0 0.0
61.0 137.0 64.0 0.0
61.0 64.0 84.0 0.0
65.0 88.0 99.0 0.0
1.0 35.0 61.0 0.0
1.0 61.0 55.0 0.0
1.0 55.0 71.0 0.0
1.0 71.0 58.0 0.0
1.0 58.0 35.0 0.0
1.0 35.0 52.0 0.0
1.0 52.0 44.0 0.0
85.0 128.0 133.0 0.0
61.0 109.0 64.0 0.0
65.0 68.0 74.0 0.0
65.0 74.0 79.0 0.0
65.0 79.0 119.0 0.0
1.0 55.0 50.0 0.0
1.0 50.0 52.0 0.0
1.0 52.0 44.0 0.0
1.0 44.0 38.0 0.0
71.0 108.0 74.0 0.0
75.0 78.0 109.0 0.0
115.0 149.0 208.0 0.0
131.0 224.0 221.0 0.0
61.0 151.0 147.0 0.0
75.0 161.0 139.0 0.0
63.0 127.0 80.0 0.0
65.0 82.0 176.0 0.0
95.0 206.0 128.0 0.0
63.0 96.0 87.0 0.0
83.0 107.0 111.0 0.0
77.0 105.0 83.0 0.0
65.0 71.0 143.0 0.0
67.0 145.0 70.0 0.0
63.0 66.0 248.0 0.0
63.0 248.0 84.0 0.0
79.0 100.0 209.0 0.0
1.0 131.0 55.0 0.0
1.0 55.0 33.0 0.0
63.0 95.0 105.0 0.0
1.0 43.0 53.0 0.0
1.0 53.0 82.0 0.0
1.0 82.0 38.0 0.0
1.0 38.0 65.0 0.0
1.0 65.0 17.0 0.0
1.0 17.0 76.0 0.0
1.0 76.0 28.0 0.0
1.0 28.0 60.0 0.0
1.0 60.0 70.0 0.0
1.0 70.0 62.0 0.0
1.0 62.0 47.0 0.0
61.0 107.0 97.0 0.0
71.0 107.0 87.0 0.0
67.0 83.0 96.0 0.0
103.0 132.0 130.0 0.0
91.0 118.0 194.0 0.0
87.0 190.0 331.0 0.0
151.0 395.0 221.0 0.0
159.0 229.0 194.0 0.0
131.0 166.0 163.0 0.0
173.0 205.0 447.0 0.0
113.0 387.0 143.0 0.0
79.0 109.0 179.0 0.0
75.0 175.0 99.0 0.0
71.0 95.0 97.0 0.0
71.0 97.0 104.0 0.0
87.0 120.0 130.0 0.0
61.0 104.0 93.0 0.0
71.0 103.0 100.0 0.0
81.0 110.0 101.0 0.0
87.0 107.0 104.0 0.0
111.0 128.0 134.0 0.0
91.0 114.0 139.0 0.0
77.0 125.0 115.0 0.0
71.0 109.0 312.0 0.0
87.0 328.0 177.0 0.0
157.0 247.0 244.0 0.0
69.0 156.0 178.0 0.0
91.0 200.0 100.0 0.0
75.0 84.0 222.0 0.0
85.0 232.0 124.0 0.0
119.0 158.0 207.0 0.0
105.0 193.0 166.0 0.0
79.0 140.0 94.0 0.0
75.0 90.0 114.0 0.0
75.0 114.0 114.0 0.0
61.0 100.0 89.0 0.0
103.0 131.0 160.0 0.0
85.0 142.0 129.0 0.0
85.0 129.0 113.0 0.0
81.0 109.0 125.0 0.0
95.0 139.0 194.0 0.0
115.0 214.0 178.0 0.0
1.0 64.0 26.0 0.0
1.0 26.0 19.0 0.0
1.0 19.0 21.0 0.0
1.0 21.0 19.0 0.0
1.0 19.0 44.0 0.0
1.0 44.0 127.0 0.0
69.0 195.0 173.0 0.0
69.0 173.0 82.0 0.0
71.0 84.0 88.0 0.0
93.0 110.0 159.0 0.0
111.0 177.0 135.0 0.0
103.0 127.0 111.0 0.0
113.0 121.0 128.0 0.0
129.0 144.0 173.0 0.0
103.0 147.0 167.0 0.0
63.0 127.0 150.0 0.0
75.0 162.0 130.0 0.0
93.0 148.0 193.0 0.0
1.0 101.0 50.0 0.0
1.0 50.0 130.0 0.0
83.0 212.0 117.0 0.0
97.0 131.0 168.0 0.0
1.0 72.0 60.0 0.0
1.0 60.0 50.0 0.0
1.0 50.0 61.0 0.0
1.0 61.0 153.0 0.0
1.0 153.0 19.0 0.0
1.0 19.0 3.0 0.0
1.0 3.0 102.0 0.0
1.0 102.0 46.0 0.0
1.0 46.0 200.0 0.0
127.0 326.0 356.0 0.0
69.0 298.0 292.0 0.0
87.0 310.0 280.0 0.0
99.0 292.0 112.0 0.0
87.0 100.0 357.0 0.0
105.0 375.0 144.0 0.0
101.0 140.0 400.0 0.0
283.0 582.0 510.0 0.0
371.0 598.0 767.0 0.0
89.0 153.0 181.0 0.0
159.0 251.0 417.0 0.0
355.0 613.0 475.0 0.0
157.0 277.0 767.0 0.0
125.0 735.0 295.0 0.0
71.0 241.0 815.0 0.0
283.0 1027.0 487.0 0.0
61.0 265.0 140.0 0.0
93.0 172.0 106.0 0.0
111.0 124.0 189.0 0.0
129.0 207.0 153.0 0.0
81.0 105.0 89.0 0.0
83.0 91.0 108.0 0.0
107.0 132.0 260.0 0.0
111.0 264.0 207.0 0.0
153.0 249.0 260.0 0.0
171.0 278.0 552.0 0.0
95.0 476.0 555.0 0.0
231.0 691.0 324.0 0.0
145.0 238.0 469.0 0.0
219.0 543.0 318.0 0.0
141.0 240.0 190.0 0.0
229.0 278.0 285.0 0.0
277.0 333.0 528.0 0.0
91.0 342.0 286.0 0.0
137.0 332.0 186.0 0.0
139.0 188.0 216.0 0.0
165.0 242.0 315.0 0.0
143.0 293.0 255.0 0.0
163.0 275.0 457.0 0.0
239.0 533.0 349.0 0.0
135.0 245.0 344.0 0.0
343.0 552.0 578.0 0.0
93.0 328.0 224.0 0.0
109.0 240.0 474.0 0.0
167.0 532.0 231.0 0.0
231.0 295.0 588.0 0.0
157.0 514.0 234.0 0.0
81.0 158.0 92.0 0.0
65.0 76.0 112.0 0.0
1.0 48.0 58.0 0.0
1.0 58.0 51.0 0.0
99.0 149.0 119.0 0.0
133.0 153.0 195.0 0.0
137.0 199.0 203.0 0.0
111.0 177.0 173.0 0.0
131.0 193.0 924.0 0.0
61.0 854.0 115.0 0.0
99.0 153.0 256.0 0.0
133.0 290.0 231.0 0.0
113.0 211.0 241.0 0.0
87.0 215.0 99.0 0.0
111.0 123.0 314.0 0.0
135.0 338.0 178.0 0.0
101.0 144.0 145.0 0.0
75.0 119.0 85.0 0.0
75.0 85.0 135.0 0.0
67.0 127.0 71.0 0.0
63.0 67.0 674.0 0.0
181.0 792.0 200.0 0.0
161.0 180.0 168.0 0.0
175.0 182.0 235.0 0.0
103.0 163.0 254.0 0.0
71.0 136.0 170.0 0.0
133.0 232.0 312.0 0.0
1.0 180.0 42.0 0.0
1.0 42.0 105.0 0.0
1.0 105.0 62.0 0.0
1.0 62.0 32.0 0.0
63.0 94.0 103.0 0.0
1.0 41.0 38.0 0.0
1.0 38.0 161.0 0.0
63.0 223.0 75.0 0.0
85.0 97.0 131.0 0.0
91.0 137.0 118.0 0.0
103.0 130.0 125.0 0.0
79.0 101.0 111.0 0.0
75.0 107.0 188.0 0.0
85.0 198.0 141.0 0.0
63.0 119.0 75.0 0.0
61.0 73.0 163.0 0.0
65.0 167.0 220.0 0.0
75.0 230.0 92.0 0.0
91.0 108.0 303.0 0.0
79.0 291.0 153.0 0.0
177.0 251.0 289.0 0.0
113.0 225.0 144.0 0.0
85.0 116.0 149.0 0.0
105.0 169.0 113.0 0.0
105.0 113.0 572.0 0.0
159.0 626.0 188.0 0.0
187.0 216.0 419.0 0.0
111.0 343.0 194.0 0.0
91.0 174.0 423.0 0.0
135.0 467.0 367.0 0.0
63.0 295.0 433.0 0.0
115.0 485.0 272.0 0.0
259.0 416.0 309.0 0.0
169.0 219.0 259.0 0.0
117.0 207.0 230.0 0.0
83.0 196.0 120.0 0.0
149.0 186.0 278.0 0.0
193.0 322.0 368.0 0.0
63.0 99.0 95.0 0.0
95.0 127.0 105.0 0.0
75.0 85.0 126.0 0.0
75.0 126.0 129.0 0.0
119.0 173.0 221.0 0.0
95.0 197.0 276.0 0.0
297.0 478.0 466.0 0.0
127.0 296.0 142.0 0.0
101.0 116.0 147.0 0.0
117.0 163.0 137.0 0.0
139.0 159.0 377.0 0.0
113.0 351.0 124.0 0.0
107.0 118.0 209.0 0.0
125.0 227.0 137.0 0.0
115.0 127.0 175.0 0.0
201.0 261.0 282.0 0.0
289.0 370.0 554.0 0.0
1.0 266.0 44.0 0.0
1.0 44.0 274.0 0.0
65.0 338.0 74.0 0.0
75.0 84.0 110.0 0.0
89.0 124.0 118.0 0.0
77.0 106.0 114.0 0.0
75.0 112.0 138.0 0.0
1.0 64.0 50.0 0.0
1.0 50.0 33.0 0.0
65.0 97.0 205.0 0.0
1.0 141.0 58.0 0.0
1.0 58.0 55.0 0.0
77.0 131.0 139.0 0.0
67.0 129.0 69.0 0.0
63.0 65.0 97.0 0.0
65.0 99.0 72.0 0.0
67.0 74.0 142.0 0.0
65.0 140.0 92.0 0.0
79.0 106.0 138.0 0.0
91.0 150.0 404.0 0.0
129.0 442.0 181.0 0.0
145.0 197.0 280.0 0.0
141.0 276.0 219.0 0.0
289.0 367.0 404.0 0.0
81.0 196.0 181.0 0.0
95.0 195.0 396.0 0.0
79.0 380.0 154.0 0.0
89.0 164.0 207.0 0.0
109.0 227.0 148.0 0.0
149.0 188.0 205.0 0.0
79.0 135.0 142.0 0.0
151.0 214.0 251.0 0.0
115.0 215.0 344.0 0.0
69.0 298.0 157.0 0.0
113.0 201.0 723.0 0.0
113.0 723.0 170.0 0.0
103.0 160.0 130.0 0.0
95.0 122.0 162.0 0.0
1.0 68.0 54.0 0.0
1.0 54.0 59.0 0.0
89.0 147.0 148.0 0.0
73.0 132.0 88.0 0.0
61.0 76.0 111.0 0.0
87.0 137.0 171.0 0.0
87.0 171.0 95.0 0.0
85.0 93.0 94.0 0.0
61.0 90.0 184.0 0.0
109.0 232.0 122.0 0.0
121.0 134.0 220.0 0.0
61.0 160.0 172.0 0.0
151.0 262.0 281.0 0.0
1.0 131.0 61.0 0.0
1.0 61.0 81.0 0.0
99.0 179.0 134.0 0.0
157.0 192.0 190.0 0.0
159.0 192.0 218.0 0.0
167.0 226.0 242.0 0.0
95.0 170.0 106.0 0.0
95.0 106.0 115.0 0.0
111.0 131.0 118.0 0.0
99.0 106.0 125.0 0.0
67.0 93.0 79.0 0.0
75.0 87.0 92.0 0.0
67.0 84.0 100.0 0.0
77.0 110.0 137.0 0.0
1.0 61.0 52.0 0.0
1.0 52.0 67.0 0.0
87.0 153.0 105.0 0.0
75.0 93.0 85.0 0.0
61.0 71.0 129.0 0.0
1.0 69.0 61.0 0.0
1.0 61.0 63.0 0.0
1.0 63.0 43.0 0.0
1.0 43.0 235.0 0.0
73.0 307.0 119.0 0.0
1.0 47.0 57.0 0.0
1.0 57.0 34.0 0.0
63.0 96.0 961.0 0.0
103.0 1001.0 106.0 0.0
163.0 239.0 212.0 0.0
111.0 160.0 220.0 0.0
245.0 354.0 334.0 0.0
81.0 170.0 108.0 0.0
119.0 146.0 155.0 0.0
177.0 213.0 252.0 0.0
77.0 152.0 147.0 0.0
139.0 209.0 0.0 0.0
21.0 0.0 1012.0 1.0
19.0 1010.0 462.0 0.0
1.0 444.0 283.0 0.0
1.0 283.0 347.0 0.0
1.0 347.0 172.0 0.0
1.0 172.0 293.0 0.0
1.0 293.0 242.0 0.0
1.0 242.0 249.0 0.0
1.0 249.0 255.0 0.0
1.0 255.0 86.0 0.0
1.0 86.0 67.0 0.0
1.0 67.0 107.0 0.0
1.0 107.0 63.0 0.0
1.0 63.0 80.0 0.0
1.0 80.0 165.0 0.0
1.0 165.0 159.0 0.0
1.0 159.0 80.0 0.0
1.0 80.0 82.0 0.0
1.0 82.0 94.0 0.0
1.0 94.0 112.0 0.0
1.0 112.0 244.0 0.0
1.0 244.0 284.0 0.0
1.0 284.0 165.0 0.0
1.0 165.0 100.0 0.0
1.0 100.0 233.0 0.0
1.0 233.0 101.0 0.0
1.0 101.0 81.0 0.0
1.0 81.0 37.0 0.0
1.0 37.0 107.0 0.0
1.0 107.0 157.0 0.0
1.0 157.0 137.0 0.0
1.0 137.0 158.0 0.0
1.0 158.0 361.0 0.0
1.0 361.0 200.0 0.0
1.0 200.0 241.0 0.0
1.0 241.0 151.0 0.0
1.0 151.0 132.0 0.0
1.0 132.0 144.0 0.0
1.0 144.0 125.0 0.0
1.0 125.0 163.0 0.0
1.0 163.0 113.0 0.0
1.0 113.0 90.0 0.0
1.0 90.0 155.0 0.0
1.0 155.0 45.0 0.0
1.0 45.0 73.0 0.0
1.0 73.0 64.0 0.0
1.0 64.0 128.0 0.0
1.0 128.0 190.0 0.0
1.0 190.0 158.0 0.0
1.0 158.0 167.0 0.0
1.0 167.0 158.0 0.0
1.0 158.0 154.0 0.0
1.0 154.0 55.0 0.0
1.0 55.0 94.0 0.0
1.0 94.0 286.0 0.0
1.0 286.0 35.0 0.0
1.0 35.0 112.0 0.0
1.0 112.0 69.0 0.0
1.0 69.0 154.0 0.0
1.0 154.0 278.0 0.0
1.0 278.0 109.0 0.0
1.0 109.0 379.0 0.0
1.0 379.0 169.0 0.0
1.0 169.0 301.0 0.0
1.0 301.0 518.0 0.0
1.0 518.0 189.0 0.0
1.0 189.0 161.0 0.0
1.0 161.0 207.0 0.0
1.0 207.0 240.0 0.0
1.0 240.0 161.0 0.0
1.0 161.0 105.0 0.0
1.0 105.0 311.0 0.0
1.0 311.0 81.0 0.0
1.0 81.0 177.0 0.0
1.0 177.0 122.0 0.0
1.0 122.0 105.0 0.0
1.0 105.0 80.0 0.0
1.0 80.0 163.0 0.0
1.0 163.0 135.0 0.0
1.0 135.0 84.0 0.0
1.0 84.0 72.0 0.0
1.0 72.0 45.0 0.0
1.0 45.0 358.0 0.0
1.0 358.0 77.0 0.0
1.0 77.0 130.0 0.0
1.0 130.0 228.0 0.0
1.0 228.0 192.0 0.0
1.0 192.0 138.0 0.0
1.0 138.0 32.0 0.0
127.0 158.0 147.0 0.0
1.0 21.0 251.0 0.0
1.0 251.0 349.0 0.0
1.0 349.0 109.0 0.0
1.0 109.0 99.0 0.0
1.0 99.0 103.0 0.0
1.0 103.0 181.0 0.0
1.0 181.0 125.0 0.0
1.0 125.0 163.0 0.0
1.0 163.0 154.0 0.0
1.0 154.0 187.0 0.0
1.0 187.0 160.0 0.0
1.0 160.0 354.0 0.0
1.0 354.0 128.0 0.0
1.0 128.0 79.0 0.0
1.0 79.0 80.0 0.0
1.0 80.0 160.0 0.0
1.0 160.0 78.0 0.0
1.0 78.0 62.0 0.0
1.0 62.0 78.0 0.0
1.0 78.0 69.0 0.0
1.0 69.0 133.0 0.0
1.0 133.0 194.0 0.0
1.0 194.0 181.0 0.0
1.0 181.0 267.0 0.0
1.0 267.0 138.0 0.0
1.0 138.0 212.0 0.0
1.0 212.0 86.0 0.0
1.0 86.0 390.0 0.0
1.0 390.0 82.0 0.0
1.0 82.0 115.0 0.0
1.0 115.0 140.0 0.0
1.0 140.0 168.0 0.0
1.0 168.0 195.0 0.0
1.0 195.0 183.0 0.0
1.0 183.0 156.0 0.0
1.0 156.0 116.0 0.0
1.0 116.0 120.0 0.0
1.0 120.0 96.0 0.0
1.0 96.0 104.0 0.0
1.0 104.0 171.0 0.0
1.0 171.0 120.0 0.0
1.0 120.0 92.0 0.0
1.0 92.0 97.0 0.0
1.0 97.0 116.0 0.0
1.0 116.0 98.0 0.0
1.0 98.0 243.0 0.0
1.0 243.0 71.0 0.0
1.0 71.0 80.0 0.0
1.0 80.0 132.0 0.0
1.0 132.0 182.0 0.0
1.0 182.0 112.0 0.0
1.0 112.0 75.0 0.0
1.0 75.0 83.0 0.0
1.0 83.0 166.0 0.0
1.0 166.0 177.0 0.0
1.0 177.0 156.0 0.0
1.0 156.0 173.0 0.0
1.0 173.0 131.0 0.0
1.0 131.0 100.0 0.0
318.0 417.0 370.0 0.0
1.0 53.0 233.0 0.0
1.0 233.0 282.0 0.0
1.0 282.0 210.0 0.0
1.0 210.0 186.0 0.0
1.0 186.0 99.0 0.0
1.0 99.0 121.0 0.0
1.0 121.0 123.0 0.0
1.0 123.0 211.0 0.0
1.0 211.0 135.0 0.0
1.0 135.0 176.0 0.0
1.0 176.0 129.0 0.0
1.0 129.0 69.0 0.0
1.0 69.0 73.0 0.0
1.0 73.0 158.0 0.0
1.0 158.0 24.0 0.0
1.0 24.0 40.0 0.0
1.0 40.0 64.0 0.0
1.0 64.0 51.0 0.0
1.0 51.0 31.0 0.0
1.0 31.0 60.0 0.0
1.0 60.0 161.0 0.0
1.0 161.0 178.0 0.0
1.0 178.0 132.0 0.0
1.0 132.0 79.0 0.0
1.0 79.0 128.0 0.0
1.0 128.0 90.0 0.0
1.0 90.0 82.0 0.0
1.0 82.0 49.0 0.0
1.0 49.0 24.0 0.0
1.0 24.0 72.0 0.0
1.0 72.0 92.0 0.0
1.0 92.0 193.0 0.0
1.0 193.0 198.0 0.0
1.0 198.0 176.0 0.0
1.0 176.0 79.0 0.0
1.0 79.0 130.0 0.0
1.0 130.0 141.0 0.0
1.0 141.0 100.0 0.0
1.0 100.0 116.0 0.0
1.0 116.0 79.0 0.0
1.0 79.0 81.0 0.0
1.0 81.0 78.0 0.0
1.0 78.0 145.0 0.0
1.0 145.0 77.0 0.0
1.0 77.0 129.0 0.0
1.0 129.0 81.0 0.0
1.0 81.0 85.0 0.0
1.0 85.0 172.0 0.0
1.0 172.0 159.0 0.0
1.0 159.0 111.0 0.0
1.0 111.0 59.0 0.0
1.0 59.0 130.0 0.0
1.0 130.0 242.0 0.0
1.0 242.0 97.0 0.0
1.0 97.0 243.0 0.0
1.0 243.0 122.0 0.0
1.0 122.0 105.0 0.0
1.0 105.0 391.0 0.0
1.0 391.0 52.0 0.0
1.0 52.0 68.0 0.0
1.0 68.0 124.0 0.0
1.0 124.0 56.0 0.0
1.0 56.0 144.0 0.0
1.0 144.0 77.0 0.0
1.0 77.0 50.0 0.0
1.0 50.0 123.0 0.0
1.0 123.0 112.0 0.0
1.0 112.0 131.0 0.0
1.0 131.0 79.0 0.0
1.0 79.0 121.0 0.0
1.0 121.0 190.0 0.0
1.0 190.0 169.0 0.0
1.0 169.0 203.0 0.0
1.0 203.0 225.0 0.0
1.0 225.0 215.0 0.0
1.0 215.0 232.0 0.0
1.0 232.0 169.0 0.0
1.0 169.0 82.0 0.0
1.0 82.0 125.0 0.0
1.0 125.0 141.0 0.0
1.0 141.0 184.0 0.0
1.0 184.0 342.0 0.0
1.0 342.0 344.0 0.0
1.0 344.0 254.0 0.0
1.0 254.0 539.0 0.0
1.0 539.0 94.0 0.0
1.0 94.0 116.0 0.0
1.0 116.0 131.0 0.0
1.0 131.0 341.0 0.0
1.0 341.0 161.0 0.0
1.0 161.0 80.0 0.0
1.0 80.0 79.0 0.0
1.0 79.0 95.0 0.0
1.0 95.0 99.0 0.0
1.0 99.0 118.0 0.0
1.0 118.0 61.0 0.0
1.0 61.0 74.0 0.0
1.0 74.0 84.0 0.0
1.0 84.0 172.0 0.0
1.0 172.0 292.0 0.0
1.0 292.0 370.0 0.0
1.0 370.0 189.0 0.0
1.0 189.0 418.0 0.0
1.0 418.0 262.0 0.0
1.0 262.0 235.0 0.0
1.0 235.0 300.0 0.0
1.0 300.0 44.0 0.0
28.0 71.0 196.0 0.0
1.0 169.0 200.0 0.0
1.0 200.0 93.0 0.0
1.0 93.0 130.0 0.0
1.0 130.0 89.0 0.0
1.0 89.0 123.0 0.0
1.0 123.0 110.0 0.0
1.0 110.0 82.0 0.0
1.0 82.0 113.0 0.0
1.0 113.0 84.0 0.0
1.0 84.0 132.0 0.0
1.0 132.0 182.0 0.0
1.0 182.0 251.0 0.0
1.0 251.0 66.0 0.0
1.0 66.0 47.0 0.0
1.0 47.0 45.0 0.0
1.0 45.0 60.0 0.0
1.0 60.0 87.0 0.0
2.0 88.0 43.0 0.0
1.0 42.0 66.0 0.0
1.0 66.0 109.0 0.0
1.0 109.0 269.0 0.0
1.0 269.0 153.0 0.0
1.0 153.0 311.0 0.0
1.0 311.0 121.0 0.0
1.0 121.0 278.0 0.0
1.0 278.0 84.0 0.0
1.0 84.0 55.0 0.0
1.0 55.0 124.0 0.0
1.0 124.0 170.0 0.0
1.0 170.0 44.0 0.0
1.0 44.0 65.0 0.0
1.0 65.0 212.0 0.0
1.0 212.0 29.0 0.0
1.0 29.0 288.0 0.0
1.0 288.0 276.0 0.0
1.0 276.0 72.0 0.0
12.0 83.0 1545.0 0.0
1.0 1534.0 151.0 0.0
1.0 151.0 382.0 0.0
1.0 382.0 723.0 0.0
1.0 723.0 211.0 0.0
1.0 211.0 234.0 0.0
1.0 234.0 307.0 0.0
1.0 307.0 214.0 0.0
1.0 214.0 239.0 0.0
1.0 239.0 213.0 0.0
1.0 213.0 188.0 0.0
1.0 188.0 167.0 0.0
1.0 167.0 77.0 0.0
1.0 77.0 154.0 0.0
1.0 154.0 146.0 0.0
1.0 146.0 153.0 0.0
1.0 153.0 248.0 0.0
1.0 248.0 155.0 0.0
1.0 155.0 281.0 0.0
1.0 281.0 179.0 0.0
1.0 179.0 271.0 0.0
1.0 271.0 133.0 0.0
1.0 133.0 279.0 0.0
1.0 279.0 127.0 0.0
1.0 127.0 131.0 0.0
1.0 131.0 141.0 0.0
1.0 141.0 200.0 0.0
1.0 200.0 380.0 0.0
1.0 380.0 216.0 0.0
1.0 216.0 264.0 0.0
1.0 264.0 103.0 0.0
1.0 103.0 590.0 0.0
1.0 590.0 179.0 0.0
1.0 179.0 122.0 0.0
1.0 122.0 578.0 0.0
1.0 578.0 99.0 0.0
1.0 99.0 68.0 0.0
1.0 68.0 36.0 0.0
1.0 36.0 33.0 0.0
1.0 33.0 62.0 0.0
1.0 62.0 39.0 0.0
2.0 40.0 188.0 0.0
2.0 188.0 360.0 0.0
1.0 359.0 141.0 0.0
1.0 141.0 108.0 0.0
1.0 108.0 507.0 0.0
1.0 507.0 203.0 0.0
1.0 203.0 383.0 0.0
1.0 383.0 222.0 0.0
1.0 222.0 197.0 0.0
1.0 197.0 657.0 0.0
1.0 657.0 188.0 0.0
1.0 188.0 189.0 0.0
1.0 189.0 256.0 0.0
1.0 256.0 150.0 0.0
1.0 150.0 199.0 0.0
1.0 199.0 117.0 0.0
1.0 117.0 162.0 0.0
1.0 162.0 176.0 0.0
1.0 176.0 124.0 0.0
1.0 124.0 116.0 0.0
1.0 116.0 161.0 0.0
1.0 161.0 112.0 0.0
1.0 112.0 149.0 0.0
1.0 149.0 93.0 0.0
1.0 93.0 122.0 0.0
1.0 122.0 140.0 0.0
1.0 140.0 201.0 0.0
1.0 201.0 251.0 0.0
1.0 251.0 90.0 0.0
1.0 90.0 104.0 0.0
1.0 104.0 184.0 0.0
1.0 184.0 363.0 0.0
1.0 363.0 195.0 0.0
1.0 195.0 151.0 0.0
1.0 151.0 124.0 0.0
1.0 124.0 118.0 0.0
1.0 118.0 149.0 0.0
1.0 149.0 90.0 0.0
1.0 90.0 172.0 0.0
1.0 172.0 107.0 0.0
1.0 107.0 130.0 0.0
1.0 130.0 202.0 0.0
1.0 202.0 213.0 0.0
1.0 213.0 134.0 0.0
1.0 134.0 107.0 0.0
1.0 107.0 92.0 0.0
1.0 92.0 428.0 0.0
1.0 428.0 220.0 0.0
1.0 220.0 76.0 0.0
1.0 76.0 365.0 0.0
1.0 365.0 131.0 0.0
1.0 131.0 117.0 0.0
1.0 117.0 83.0 0.0
1.0 83.0 144.0 0.0
1.0 144.0 66.0 0.0
1.0 66.0 93.0 0.0
1.0 93.0 83.0 0.0
1.0 83.0 148.0 0.0
1.0 148.0 168.0 0.0
1.0 168.0 325.0 0.0
1.0 325.0 693.0 0.0
1.0 693.0 74.0 0.0
1.0 74.0 142.0 0.0
1.0 142.0 147.0 0.0
1.0 147.0 112.0 0.0
1.0 112.0 101.0 0.0
1.0 101.0 98.0 0.0
1.0 98.0 269.0 0.0
1.0 269.0 124.0 0.0
1.0 124.0 128.0 0.0
1.0 128.0 160.0 0.0
1.0 160.0 184.0 0.0
1.0 184.0 169.0 0.0
1.0 169.0 110.0 0.0
1.0 110.0 84.0 0.0
1.0 84.0 118.0 0.0
1.0 118.0 115.0 0.0
1.0 115.0 78.0 0.0
1.0 78.0 247.0 0.0
1.0 247.0 326.0 0.0
1.0 326.0 270.0 0.0
1.0 270.0 349.0 0.0
1.0 349.0 670.0 0.0
1.0 670.0 764.0 0.0
105.0 868.0 0.0 0.0
1.0 37.0 77.0 1.0
31.0 107.0 93.0 1.0
65.0 127.0 104.0 1.0
72.0 203.0 119.0 1.0
1.0 116.0 45.0 1.0
1.0 45.0 43.0 1.0
31.0 34.0 90.0 1.0
1.0 55.0 58.0 1.0
1.0 250.0 35.0 1.0
1.0 35.0 79.0 1.0
1.0 45.0 325.0 1.0
54.0 130.0 91.0 1.0
31.0 109.0 298.0 1.0
1.0 43.0 62.0 1.0
1.0 62.0 45.0 1.0
41.0 78.0 83.0 1.0
1.0 53.0 168.0 1.0
1.0 125.0 24.0 1.0
1.0 51.0 31.0 1.0
1.0 31.0 60.0 1.0
73.0 129.0 137.0 1.0
1.0 339.0 52.0 1.0
1.0 52.0 37.0 1.0
1.0 93.0 56.0 1.0
107.0 128.0 149.0 1.0
37.0 166.0 136.0 1.0
45.0 91.0 88.0 1.0
54.0 97.0 143.0 1.0
42.0 131.0 235.0 1.0
32.0 237.0 134.0 1.0
121.0 223.0 505.0 1.0
32.0 78.0 98.0 1.0
1.0 61.0 40.0 1.0
37.0 209.0 173.0 1.0
1.0 44.0 109.0 1.0
33.0 212.0 66.0 1.0
1.0 34.0 47.0 1.0
1.0 47.0 45.0 1.0
1.0 45.0 60.0 1.0
1.0 60.0 87.0 1.0
1.0 87.0 42.0 1.0
1.0 42.0 35.0 1.0
32.0 66.0 77.0 1.0
1.0 48.0 55.0 1.0
1.0 55.0 80.0 1.0
45.0 124.0 170.0 1.0
1.0 126.0 44.0 1.0
1.0 44.0 33.0 1.0
1.0 180.0 29.0 1.0
1.0 29.0 210.0 1.0
42.0 101.0 88.0 1.0
49.0 219.0 95.0 1.0
1.0 37.0 36.0 1.0
1.0 33.0 62.0 1.0
1.0 62.0 39.0 1.0
1.0 39.0 103.0 1.0
50.0 470.0 139.0 1.0
67.0 120.0 198.0 1.0
59.0 190.0 113.0 1.0
33.0 91.0 116.0 1.0
36.0 49.0 55.0 1.0
34.0 317.0 160.0 1.0
45.0 116.0 73.0 1.0
52.0 80.0 62.0 1.0
57.0 67.0 106.0 1.0
44.0 93.0 51.0 1.0
49.0 133.0 77.0 1.0
31.0 59.0 83.0 1.0
46.0 93.0 63.0 1.0
45.0 62.0 54.0 1.0
38.0 40.0 330.0 1.0
36.0 328.0 86.0 1.0
36.0 72.0 47.0 1.0
37.0 48.0 113.0 1.0
32.0 35.0 53.0 1.0
167.0 0.0 956.0 0.0
37.0 826.0 364.0 0.0
81.0 408.0 178.0 0.0
106.0 203.0 281.0 0.0
67.0 242.0 100.0 0.0
73.0 106.0 260.0 0.0
34.0 221.0 202.0 0.0
41.0 209.0 137.0 0.0
113.0 209.0 219.0 0.0
37.0 143.0 55.0 0.0
32.0 50.0 34.0 0.0
34.0 36.0 77.0 0.0
31.0 74.0 33.0 0.0
31.0 33.0 46.0 0.0
35.0 50.0 111.0 0.0
55.0 131.0 124.0 0.0
36.0 105.0 47.0 0.0
34.0 45.0 45.0 0.0
38.0 49.0 54.0 0.0
41.0 57.0 72.0 0.0
41.0 72.0 166.0 0.0
79.0 204.0 237.0 0.0
48.0 206.0 122.0 0.0
44.0 118.0 62.0 0.0
39.0 57.0 201.0 0.0
33.0 195.0 64.0 0.0
38.0 69.0 81.0 0.0
1.0 44.0 37.0 0.0
34.0 73.0 106.0 0.0
53.0 125.0 303.0 0.0
59.0 309.0 162.0 0.0
39.0 142.0 170.0 0.0
33.0 80.0 101.0 0.0
32.0 100.0 99.0 0.0
46.0 113.0 83.0 0.0
43.0 80.0 107.0 0.0
57.0 121.0 83.0 0.0
31.0 57.0 51.0 0.0
40.0 60.0 155.0 0.0
31.0 73.0 34.0 0.0
39.0 98.0 130.0 0.0
61.0 152.0 86.0 0.0
73.0 98.0 130.0 0.0
38.0 95.0 92.0 0.0
67.0 121.0 154.0 0.0
1.0 88.0 55.0 0.0
37.0 94.0 286.0 0.0
34.0 112.0 37.0 0.0
33.0 36.0 101.0 0.0
54.0 122.0 243.0 0.0
36.0 225.0 60.0 0.0
50.0 74.0 311.0 0.0
69.0 330.0 92.0 0.0
78.0 101.0 180.0 0.0
122.0 224.0 474.0 0.0
45.0 397.0 110.0 0.0
80.0 145.0 121.0 0.0
41.0 82.0 138.0 0.0
70.0 167.0 204.0 0.0
37.0 171.0 113.0 0.0
49.0 125.0 75.0 0.0
31.0 57.0 277.0 0.0
35.0 281.0 42.0 0.0
40.0 47.0 126.0 0.0
52.0 138.0 80.0 0.0
43.0 71.0 69.0 0.0
37.0 63.0 47.0 0.0
34.0 44.0 129.0 0.0
35.0 130.0 96.0 0.0
40.0 101.0 49.0 0.0
36.0 45.0 72.0 0.0
1.0 37.0 45.0 0.0
34.0 358.0 46.0 0.0
32.0 44.0 81.0 0.0
50.0 99.0 183.0 0.0
46.0 179.0 126.0 0.0
67.0 147.0 138.0 0.0
1.0 72.0 32.0 0.0
1.0 32.0 21.0 0.0
1.0 21.0 216.0 0.0
36.0 251.0 308.0 0.0
42.0 314.0 62.0 0.0
48.0 68.0 56.0 0.0
44.0 52.0 52.0 0.0
52.0 60.0 128.0 0.0
35.0 72.0 101.0 0.0
63.0 129.0 83.0 0.0
72.0 92.0 136.0 0.0
52.0 116.0 130.0 0.0
57.0 324.0 91.0 0.0
38.0 72.0 48.0 0.0
32.0 42.0 44.0 0.0
37.0 49.0 125.0 0.0
36.0 124.0 78.0 0.0
34.0 78.0 38.0 0.0
32.0 36.0 76.0 0.0
58.0 102.0 153.0 0.0
42.0 137.0 105.0 0.0
77.0 140.0 204.0 0.0
64.0 191.0 91.0 0.0
48.0 75.0 173.0 0.0
40.0 165.0 44.0 0.0
43.0 47.0 352.0 0.0
39.0 348.0 45.0 0.0
38.0 44.0 71.0 0.0
45.0 78.0 83.0 0.0
58.0 96.0 86.0 0.0
83.0 111.0 119.0 0.0
77.0 113.0 116.0 0.0
68.0 107.0 118.0 0.0
39.0 89.0 76.0 0.0
38.0 80.0 64.0 0.0
33.0 59.0 66.0 0.0
39.0 72.0 113.0 0.0
59.0 133.0 76.0 0.0
45.0 62.0 55.0 0.0
38.0 48.0 53.0 0.0
45.0 60.0 68.0 0.0
49.0 72.0 56.0 0.0
43.0 50.0 211.0 0.0
33.0 201.0 41.0 0.0
31.0 39.0 43.0 0.0
38.0 50.0 82.0 0.0
51.0 95.0 147.0 0.0
36.0 132.0 75.0 0.0
38.0 77.0 42.0 0.0
34.0 38.0 48.0 0.0
36.0 50.0 85.0 0.0
82.0 131.0 131.0 0.0
47.0 96.0 105.0 0.0
52.0 110.0 126.0 0.0
48.0 122.0 82.0 0.0
50.0 84.0 100.0 0.0
1.0 51.0 53.0 0.0
66.0 233.0 181.0 0.0
102.0 217.0 180.0 0.0
31.0 109.0 140.0 0.0
47.0 156.0 63.0 0.0
37.0 53.0 89.0 0.0
33.0 85.0 78.0 0.0
46.0 91.0 155.0 0.0
57.0 166.0 74.0 0.0
62.0 79.0 131.0 0.0
46.0 115.0 96.0 0.0
34.0 84.0 36.0 0.0
34.0 36.0 40.0 0.0
34.0 40.0 158.0 0.0
1.0 24.0 40.0 0.0
1.0 40.0 64.0 0.0
1.0 64.0 51.0 0.0
1.0 60.0 81.0 0.0
81.0 161.0 147.0 0.0
32.0 98.0 101.0 0.0
32.0 101.0 45.0 0.0
35.0 48.0 95.0 0.0
34.0 94.0 54.0 0.0
37.0 57.0 82.0 0.0
1.0 46.0 49.0 0.0
1.0 49.0 24.0 0.0
1.0 24.0 37.0 0.0
36.0 72.0 55.0 0.0
38.0 57.0 124.0 0.0
70.0 156.0 126.0 0.0
40.0 104.0 44.0 0.0
36.0 40.0 70.0 0.0
61.0 95.0 94.0 0.0
48.0 81.0 54.0 0.0
47.0 53.0 81.0 0.0
36.0 70.0 43.0 0.0
37.0 44.0 43.0 0.0
39.0 45.0 43.0 0.0
36.0 40.0 110.0 0.0
36.0 110.0 40.0 0.0
38.0 42.0 95.0 0.0
35.0 92.0 47.0 0.0
35.0 47.0 51.0 0.0
35.0 51.0 128.0 0.0
45.0 138.0 126.0 0.0
34.0 115.0 111.0 0.0
1.0 78.0 59.0 0.0
1.0 59.0 88.0 0.0
43.0 130.0 202.0 0.0
41.0 200.0 64.0 0.0
34.0 57.0 190.0 0.0
54.0 210.0 75.0 0.0
48.0 69.0 53.0 0.0
53.0 58.0 391.0 0.0
32.0 68.0 124.0 0.0
1.0 56.0 111.0 0.0
34.0 144.0 77.0 0.0
1.0 44.0 50.0 0.0
1.0 50.0 87.0 0.0
37.0 123.0 59.0 0.0
54.0 76.0 94.0 0.0
38.0 78.0 45.0 0.0
35.0 42.0 68.0 0.0
54.0 87.0 123.0 0.0
68.0 137.0 91.0 0.0
79.0 102.0 106.0 0.0
98.0 125.0 119.0 0.0
67.0 109.0 196.0 0.0
34.0 133.0 48.0 0.0
35.0 49.0 81.0 0.0
108.0 301.0 313.0 0.0
35.0 419.0 56.0 0.0
39.0 60.0 85.0 0.0
34.0 100.0 276.0 0.0
66.0 308.0 127.0 0.0
35.0 96.0 48.0 0.0
33.0 46.0 42.0 0.0
38.0 47.0 62.0 0.0
34.0 58.0 69.0 0.0
31.0 66.0 118.0 0.0
1.0 88.0 61.0 0.0
35.0 74.0 50.0 0.0
35.0 50.0 112.0 0.0
61.0 138.0 201.0 0.0
92.0 232.0 284.0 0.0
87.0 279.0 116.0 0.0
74.0 103.0 365.0 0.0
54.0 345.0 226.0 0.0
63.0 199.0 300.0 0.0
1.0 238.0 44.0 0.0
61.0 169.0 167.0 0.0
34.0 140.0 61.0 0.0
33.0 60.0 94.0 0.0
37.0 98.0 52.0 0.0
38.0 53.0 91.0 0.0
33.0 86.0 71.0 0.0
40.0 78.0 42.0 0.0
41.0 43.0 73.0 0.0
41.0 73.0 54.0 0.0
31.0 44.0 93.0 0.0
40.0 102.0 143.0 0.0
40.0 143.0 219.0 0.0
33.0 78.0 224.0 0.0
46.0 237.0 116.0 0.0
38.0 108.0 264.0 0.0
48.0 274.0 67.0 0.0
55.0 74.0 242.0 0.0
37.0 224.0 84.0 0.0
33.0 65.0 212.0 0.0
79.0 288.0 243.0 0.0
34.0 198.0 39.0 0.0
34.0 39.0 1485.0 0.0
50.0 1501.0 84.0 0.0
68.0 102.0 243.0 0.0
140.0 315.0 654.0 0.0
70.0 584.0 109.0 0.0
103.0 142.0 125.0 0.0
110.0 132.0 270.0 0.0
38.0 198.0 172.0 0.0
43.0 177.0 183.0 0.0
57.0 197.0 156.0 0.0
58.0 157.0 142.0 0.0
47.0 131.0 136.0 0.0
32.0 121.0 45.0 0.0
33.0 46.0 109.0 0.0
46.0 122.0 105.0 0.0
66.0 112.0 214.0 0.0
35.0 183.0 115.0 0.0
41.0 121.0 251.0 0.0
31.0 241.0 123.0 0.0
57.0 149.0 213.0 0.0
59.0 215.0 73.0 0.0
61.0 75.0 231.0 0.0
33.0 79.0 87.0 0.0
45.0 99.0 93.0 0.0
49.0 97.0 134.0 0.0
67.0 152.0 292.0 0.0
89.0 314.0 177.0 0.0
40.0 128.0 213.0 0.0
52.0 225.0 66.0 0.0
38.0 52.0 501.0 0.0
90.0 553.0 141.0 0.0
39.0 90.0 67.0 0.0
56.0 84.0 530.0 0.0
49.0 523.0 68.0 0.0
32.0 51.0 68.0 0.0
1.0 36.0 33.0 0.0
85.0 187.0 322.0 0.0
38.0 275.0 94.0 0.0
48.0 104.0 71.0 0.0
38.0 61.0 458.0 0.0
65.0 154.0 335.0 0.0
49.0 319.0 183.0 0.0
40.0 174.0 160.0 0.0
38.0 158.0 606.0 0.0
52.0 620.0 119.0 0.0
70.0 137.0 123.0 0.0
38.0 92.0 155.0 0.0
45.0 162.0 65.0 0.0
53.0 73.0 113.0 0.0
50.0 110.0 121.0 0.0
56.0 127.0 86.0 0.0
39.0 69.0 70.0 0.0
47.0 78.0 114.0 0.0
48.0 115.0 67.0 0.0
46.0 65.0 105.0 0.0
45.0 104.0 61.0 0.0
33.0 49.0 73.0 0.0
50.0 90.0 108.0 0.0
86.0 169.0 210.0 0.0
42.0 166.0 55.0 0.0
50.0 69.0 138.0 0.0
47.0 135.0 330.0 0.0
36.0 162.0 107.0 0.0
40.0 47.0 124.0 0.0
48.0 100.0 167.0 0.0
36.0 155.0 172.0 0.0
42.0 178.0 89.0 0.0
39.0 48.0 375.0 0.0
54.0 390.0 184.0 0.0
37.0 167.0 39.0 0.0
46.0 96.0 82.0 0.0
32.0 108.0 35.0 0.0
41.0 62.0 52.0 0.0
32.0 43.0 108.0 0.0
41.0 117.0 117.0 0.0
52.0 128.0 190.0 0.0
136.0 274.0 658.0 0.0
36.0 558.0 41.0 0.0
34.0 39.0 94.0 0.0
49.0 109.0 96.0 0.0
52.0 99.0 70.0 0.0
43.0 61.0 54.0 0.0
48.0 59.0 67.0 0.0
32.0 51.0 210.0 0.0
60.0 238.0 89.0 0.0
36.0 65.0 78.0 0.0
51.0 93.0 114.0 0.0
47.0 110.0 134.0 0.0
51.0 138.0 136.0 0.0
34.0 119.0 74.0 0.0
37.0 77.0 46.0 0.0
39.0 48.0 62.0 0.0
57.0 80.0 85.0 0.0
31.0 59.0 40.0 0.0
39.0 48.0 158.0 0.0
90.0 209.0 244.0 0.0
83.0 237.0 234.0 0.0
37.0 188.0 271.0 0.0
79.0 313.0 508.0 0.0
163.0 592.0 642.0 0.0
123.0 602.0 0.0 0.0
137.0 154.0 199.0 1.0
113.0 122.0 125.0 1.0
229.0 0.0 987.0 0.0
262.0 1020.0 454.0 0.0
224.0 416.0 283.0 0.0
272.0 331.0 350.0 0.0
169.0 247.0 228.0 0.0
161.0 220.0 299.0 0.0
186.0 324.0 242.0 0.0
148.0 204.0 257.0 0.0
180.0 289.0 268.0 0.0
81.0 169.0 98.0 0.0
68.0 85.0 74.0 0.0
74.0 80.0 105.0 0.0
64.0 95.0 65.0 0.0
69.0 70.0 78.0 0.0
100.0 109.0 164.0 0.0
99.0 163.0 127.0 0.0
106.0 134.0 110.0 0.0
72.0 76.0 86.0 0.0
75.0 89.0 84.0 0.0
73.0 82.0 100.0 0.0
160.0 187.0 231.0 0.0
142.0 213.0 281.0 0.0
136.0 275.0 198.0 0.0
73.0 135.0 90.0 0.0
161.0 178.0 230.0 0.0
87.0 156.0 105.0 0.0
81.0 99.0 95.0 0.0
32.0 46.0 68.0 0.0
42.0 78.0 60.0 0.0
126.0 144.0 167.0 0.0
104.0 145.0 127.0 0.0
105.0 128.0 161.0 0.0
217.0 273.0 232.0 0.0
238.0 253.0 340.0 0.0
87.0 189.0 241.0 0.0
108.0 262.0 137.0 0.0
99.0 128.0 130.0 0.0
80.0 111.0 141.0 0.0
92.0 153.0 136.0 0.0
114.0 158.0 138.0 0.0
99.0 123.0 137.0 0.0
73.0 111.0 98.0 0.0
112.0 137.0 154.0 0.0
36.0 78.0 80.0 0.0
32.0 76.0 39.0 0.0
66.0 73.0 67.0 0.0
83.0 84.0 100.0 0.0
127.0 189.0 159.0 0.0
129.0 161.0 166.0 0.0
119.0 156.0 142.0 0.0
100.0 123.0 185.0 0.0
36.0 121.0 90.0 0.0
36.0 90.0 60.0 0.0
144.0 168.0 194.0 0.0
127.0 177.0 161.0 0.0
52.0 86.0 81.0 0.0
64.0 93.0 70.0 0.0
103.0 109.0 126.0 0.0
151.0 174.0 252.0 0.0
129.0 230.0 144.0 0.0
149.0 164.0 292.0 0.0
215.0 358.0 262.0 0.0
88.0 135.0 249.0 0.0
236.0 397.0 495.0 0.0
185.0 444.0 263.0 0.0
118.0 196.0 132.0 0.0
171.0 185.0 188.0 0.0
162.0 179.0 217.0 0.0
160.0 215.0 244.0 0.0
82.0 166.0 95.0 0.0
73.0 86.0 316.0 0.0
72.0 315.0 85.0 0.0
113.0 126.0 167.0 0.0
90.0 144.0 127.0 0.0
79.0 116.0 104.0 0.0
70.0 95.0 88.0 0.0
109.0 127.0 133.0 0.0
103.0 127.0 139.0 0.0
94.0 130.0 109.0 0.0
68.0 83.0 70.0 0.0
35.0 37.0 79.0 0.0
159.0 203.0 270.0 0.0
124.0 235.0 127.0 0.0
94.0 97.0 134.0 0.0
120.0 160.0 227.0 0.0
124.0 231.0 195.0 0.0
83.0 154.0 136.0 0.0
35.0 88.0 66.0 0.0
1.0 32.0 21.0 0.0
85.0 105.0 148.0 0.0
240.0 303.0 319.0 0.0
167.0 246.0 203.0 0.0
70.0 106.0 96.0 0.0
78.0 104.0 105.0 0.0
131.0 158.0 140.0 0.0
135.0 144.0 147.0 0.0
117.0 129.0 187.0 0.0
81.0 151.0 153.0 0.0
118.0 190.0 138.0 0.0
121.0 141.0 182.0 0.0
173.0 234.0 286.0 0.0
176.0 289.0 208.0 0.0
84.0 116.0 95.0 0.0
74.0 85.0 84.0 0.0
69.0 79.0 121.0 0.0
109.0 161.0 110.0 0.0
70.0 71.0 70.0 0.0
63.0 63.0 73.0 0.0
66.0 76.0 73.0 0.0
78.0 85.0 125.0 0.0
92.0 139.0 178.0 0.0
95.0 181.0 168.0 0.0
196.0 269.0 208.0 0.0
169.0 181.0 231.0 0.0
124.0 186.0 153.0 0.0
133.0 162.0 137.0 0.0
187.0 191.0 254.0 0.0
218.0 285.0 220.0 0.0
91.0 93.0 105.0 0.0
101.0 115.0 121.0 0.0
120.0 140.0 167.0 0.0
157.0 204.0 216.0 0.0
110.0 169.0 198.0 0.0
105.0 193.0 132.0 0.0
114.0 141.0 135.0 0.0
88.0 109.0 121.0 0.0
80.0 113.0 103.0 0.0
64.0 87.0 89.0 0.0
106.0 131.0 168.0 0.0
81.0 143.0 125.0 0.0
86.0 130.0 105.0 0.0
64.0 83.0 89.0 0.0
97.0 122.0 105.0 0.0
100.0 108.0 116.0 0.0
127.0 143.0 169.0 0.0
140.0 182.0 144.0 0.0
72.0 76.0 74.0 0.0
98.0 100.0 139.0 0.0
114.0 155.0 126.0 0.0
139.0 151.0 152.0 0.0
84.0 97.0 90.0 0.0
71.0 77.0 77.0 0.0
79.0 85.0 143.0 0.0
121.0 185.0 206.0 0.0
85.0 170.0 153.0 0.0
72.0 140.0 134.0 0.0
117.0 179.0 144.0 0.0
100.0 127.0 131.0 0.0
32.0 63.0 84.0 0.0
87.0 139.0 147.0 0.0
183.0 243.0 271.0 0.0
174.0 262.0 257.0 0.0
117.0 200.0 159.0 0.0
121.0 163.0 134.0 0.0
83.0 96.0 109.0 0.0
106.0 132.0 144.0 0.0
106.0 144.0 206.0 0.0
104.0 204.0 137.0 0.0
91.0 124.0 139.0 0.0
120.0 168.0 154.0 0.0
80.0 114.0 83.0 0.0
65.0 68.0 75.0 0.0
105.0 115.0 123.0 0.0
68.0 86.0 91.0 0.0
1.0 24.0 40.0 0.0
32.0 71.0 34.0 0.0
31.0 33.0 81.0 0.0
1.0 51.0 31.0 0.0
1.0 31.0 60.0 0.0
72.0 131.0 112.0 0.0
122.0 162.0 153.0 0.0
113.0 144.0 151.0 0.0
87.0 125.0 95.0 0.0
94.0 102.0 118.0 0.0
84.0 108.0 99.0 0.0
82.0 97.0 82.0 0.0
41.0 41.0 89.0 0.0
1.0 49.0 24.0 0.0
36.0 59.0 36.0 0.0
69.0 69.0 82.0 0.0
142.0 155.0 155.0 0.0
117.0 130.0 206.0 0.0
126.0 215.0 199.0 0.0
87.0 160.0 100.0 0.0
94.0 107.0 111.0 0.0
96.0 113.0 150.0 0.0
77.0 131.0 108.0 0.0
74.0 105.0 118.0 0.0
71.0 115.0 80.0 0.0
70.0 79.0 74.0 0.0
74.0 78.0 86.0 0.0
69.0 81.0 106.0 0.0
102.0 139.0 110.0 0.0
78.0 86.0 125.0 0.0
73.0 120.0 82.0 0.0
77.0 86.0 83.0 0.0
98.0 104.0 181.0 0.0
106.0 189.0 138.0 0.0
91.0 123.0 111.0 0.0
54.0 74.0 112.0 0.0
49.0 107.0 72.0 0.0
118.0 141.0 213.0 0.0
125.0 220.0 137.0 0.0
138.0 150.0 221.0 0.0
123.0 206.0 149.0 0.0
91.0 117.0 96.0 0.0
200.0 205.0 300.0 0.0
143.0 243.0 194.0 0.0
34.0 85.0 36.0 0.0
89.0 91.0 94.0 0.0
63.0 68.0 118.0 0.0
43.0 98.0 104.0 0.0
75.0 136.0 85.0 0.0
33.0 43.0 82.0 0.0
61.0 110.0 90.0 0.0
81.0 110.0 104.0 0.0
105.0 128.0 136.0 0.0
71.0 102.0 84.0 0.0
86.0 99.0 120.0 0.0
97.0 131.0 172.0 0.0
113.0 188.0 161.0 0.0
144.0 192.0 213.0 0.0
107.0 176.0 232.0 0.0
116.0 241.0 169.0 0.0
171.0 224.0 286.0 0.0
89.0 204.0 169.0 0.0
69.0 149.0 77.0 0.0
93.0 101.0 118.0 0.0
99.0 124.0 151.0 0.0
67.0 119.0 175.0 0.0
100.0 208.0 275.0 0.0
179.0 354.0 340.0 0.0
150.0 311.0 322.0 0.0
290.0 462.0 483.0 0.0
138.0 331.0 152.0 0.0
98.0 112.0 107.0 0.0
111.0 123.0 370.0 0.0
78.0 337.0 161.0 0.0
64.0 147.0 78.0 0.0
73.0 87.0 74.0 0.0
82.0 83.0 87.0 0.0
86.0 91.0 112.0 0.0
73.0 99.0 114.0 0.0
38.0 79.0 98.0 0.0
31.0 91.0 43.0 0.0
68.0 80.0 82.0 0.0
114.0 128.0 135.0 0.0
159.0 180.0 253.0 0.0
168.0 262.0 433.0 0.0
79.0 344.0 142.0 0.0
255.0 318.0 320.0 0.0
252.0 317.0 350.0 0.0
171.0 269.0 290.0 0.0
79.0 198.0 264.0 0.0
85.0 270.0 128.0 0.0
53.0 96.0 100.0 0.0
153.0 200.0 209.0 0.0
93.0 149.0 118.0 0.0
89.0 114.0 102.0 0.0
102.0 115.0 121.0 0.0
86.0 105.0 123.0 0.0
63.0 100.0 96.0 0.0
82.0 115.0 87.0 0.0
79.0 84.0 112.0 0.0
72.0 105.0 84.0 0.0
76.0 88.0 121.0 0.0
98.0 143.0 182.0 0.0
167.0 251.0 180.0 0.0
156.0 169.0 159.0 0.0
31.0 34.0 77.0 0.0
1.0 47.0 45.0 0.0
1.0 45.0 60.0 0.0
31.0 90.0 55.0 0.0
33.0 57.0 74.0 0.0
33.0 74.0 34.0 0.0
68.0 69.0 91.0 0.0
168.0 191.0 190.0 0.0
204.0 226.0 223.0 0.0
170.0 189.0 279.0 0.0
147.0 256.0 177.0 0.0
74.0 104.0 266.0 0.0
90.0 282.0 90.0 0.0
42.0 42.0 96.0 0.0
33.0 87.0 65.0 0.0
102.0 134.0 181.0 0.0
49.0 128.0 92.0 0.0
31.0 74.0 35.0 0.0
101.0 105.0 207.0 0.0
36.0 142.0 64.0 0.0
96.0 124.0 219.0 0.0
204.0 327.0 265.0 0.0
114.0 175.0 118.0 0.0
74.0 78.0 1474.0 0.0
137.0 1537.0 174.0 0.0
193.0 230.0 350.0 0.0
333.0 490.0 576.0 0.0
323.0 566.0 425.0 0.0
82.0 184.0 206.0 0.0
142.0 266.0 239.0 0.0
214.0 311.0 261.0 0.0
165.0 212.0 238.0 0.0
140.0 213.0 226.0 0.0
167.0 253.0 168.0 0.0
175.0 176.0 207.0 0.0
88.0 120.0 92.0 0.0
115.0 119.0 157.0 0.0
71.0 113.0 124.0 0.0
126.0 179.0 153.0 0.0
157.0 184.0 252.0 0.0
104.0 199.0 160.0 0.0
89.0 145.0 286.0 0.0
116.0 313.0 172.0 0.0
120.0 176.0 254.0 0.0
125.0 259.0 142.0 0.0
177.0 194.0 286.0 0.0
104.0 213.0 120.0 0.0
91.0 107.0 131.0 0.0
128.0 168.0 147.0 0.0
118.0 137.0 167.0 0.0
135.0 184.0 421.0 0.0
121.0 407.0 179.0 0.0
214.0 272.0 250.0 0.0
131.0 167.0 147.0 0.0
118.0 134.0 604.0 0.0
106.0 592.0 132.0 0.0
117.0 143.0 148.0 0.0
106.0 137.0 574.0 0.0
104.0 572.0 124.0 0.0
71.0 91.0 73.0 0.0
33.0 35.0 68.0 0.0
1.0 36.0 33.0 0.0
31.0 63.0 32.0 0.0
31.0 32.0 69.0 0.0
78.0 116.0 100.0 0.0
231.0 253.0 321.0 0.0
192.0 282.0 232.0 0.0
81.0 121.0 108.0 0.0
166.0 193.0 418.0 0.0
189.0 441.0 256.0 0.0
130.0 197.0 360.0 0.0
147.0 377.0 282.0 0.0
130.0 265.0 137.0 0.0
267.0 274.0 621.0 0.0
193.0 547.0 272.0 0.0
133.0 212.0 171.0 0.0
172.0 210.0 262.0 0.0
132.0 222.0 159.0 0.0
104.0 131.0 155.0 0.0
127.0 178.0 176.0 0.0
92.0 141.0 161.0 0.0
122.0 191.0 169.0 0.0
77.0 124.0 107.0 0.0
110.0 140.0 119.0 0.0
128.0 137.0 166.0 0.0
103.0 141.0 121.0 0.0
107.0 125.0 156.0 0.0
74.0 123.0 88.0 0.0
81.0 95.0 121.0 0.0
103.0 143.0 127.0 0.0
99.0 123.0 196.0 0.0
106.0 203.0 254.0 0.0
101.0 249.0 108.0 0.0
79.0 86.0 111.0 0.0
97.0 129.0 149.0 0.0
215.0 267.0 304.0 0.0
166.0 255.0 273.0 0.0
96.0 203.0 163.0 0.0
95.0 162.0 103.0 0.0
99.0 107.0 127.0 0.0
113.0 141.0 139.0 0.0
91.0 117.0 114.0 0.0
104.0 127.0 154.0 0.0
95.0 145.0 125.0 0.0
96.0 126.0 103.0 0.0
106.0 113.0 187.0 0.0
180.0 261.0 187.0 0.0
139.0 146.0 193.0 0.0
88.0 142.0 105.0 0.0
77.0 94.0 104.0 0.0
101.0 128.0 297.0 0.0
214.0 410.0 314.0 0.0
104.0 204.0 112.0 0.0
151.0 159.0 310.0 0.0
136.0 295.0 155.0 0.0
96.0 115.0 123.0 0.0
91.0 118.0 106.0 0.0
100.0 115.0 108.0 0.0
102.0 110.0 104.0 0.0
65.0 67.0 86.0 0.0
80.0 101.0 84.0 0.0
106.0 110.0 146.0 0.0
80.0 120.0 141.0 0.0
184.0 245.0 319.0 0.0
248.0 383.0 521.0 0.0
276.0 549.0 289.0 0.0
63.0 76.0 137.0 0.0
102.0 176.0 111.0 0.0
122.0 131.0 145.0 0.0
87.0 110.0 103.0 0.0
86.0 102.0 91.0 0.0
77.0 82.0 201.0 0.0
160.0 284.0 174.0 0.0
122.0 136.0 140.0 0.0
123.0 141.0 164.0 0.0
95.0 136.0 174.0 0.0
90.0 169.0 165.0 0.0
91.0 166.0 117.0 0.0
90.0 116.0 104.0 0.0
78.0 92.0 107.0 0.0
80.0 109.0 114.0 0.0
84.0 118.0 87.0 0.0
106.0 109.0 234.0 0.0
167.0 295.0 263.0 0.0
158.0 254.0 300.0 0.0
243.0 385.0 306.0 0.0
182.0 245.0 621.0 0.0
265.0 704.0 826.0 0.0
261.0 822.0 0.0 0.0
67.0 145.0 70.0 1.0
65.0 68.0 133.0 1.0
107.0 175.0 296.0 1.0
77.0 98.0 123.0 1.0
173.0 365.0 202.0 1.0
125.0 261.0 362.0 1.0
333.0 0.0 1122.0 0.0
73.0 862.0 400.0 0.0
161.0 488.0 258.0 0.0
211.0 308.0 386.0 0.0
133.0 308.0 166.0 0.0
145.0 178.0 332.0 0.0
67.0 254.0 235.0 0.0
81.0 249.0 177.0 0.0
225.0 321.0 331.0 0.0
73.0 179.0 91.0 0.0
63.0 81.0 65.0 0.0
67.0 69.0 110.0 0.0
61.0 104.0 63.0 0.0
61.0 63.0 76.0 0.0
69.0 84.0 145.0 0.0
109.0 185.0 178.0 0.0
71.0 140.0 82.0 0.0
67.0 78.0 78.0 0.0
75.0 86.0 91.0 0.0
81.0 97.0 112.0 0.0
81.0 112.0 206.0 0.0
157.0 282.0 315.0 0.0
95.0 253.0 169.0 0.0
87.0 161.0 105.0 0.0
77.0 95.0 239.0 0.0
65.0 227.0 96.0 0.0
75.0 106.0 118.0 0.0
1.0 44.0 37.0 0.0
1.0 37.0 77.0 0.0
61.0 137.0 123.0 0.0
129.0 191.0 168.0 0.0
67.0 106.0 139.0 0.0
105.0 177.0 355.0 0.0
117.0 367.0 220.0 0.0
77.0 180.0 208.0 0.0
143.0 274.0 190.0 0.0
65.0 112.0 133.0 0.0
63.0 131.0 130.0 0.0
91.0 158.0 128.0 0.0
85.0 122.0 149.0 0.0
113.0 177.0 139.0 0.0
61.0 87.0 81.0 0.0
79.0 99.0 194.0 0.0
1.0 116.0 45.0 0.0
1.0 45.0 43.0 0.0
61.0 103.0 64.0 0.0
61.0 64.0 120.0 0.0
77.0 136.0 168.0 0.0
121.0 212.0 146.0 0.0
145.0 170.0 202.0 0.0
75.0 132.0 129.0 0.0
133.0 187.0 220.0 0.0
1.0 88.0 55.0 0.0
1.0 55.0 58.0 0.0
73.0 130.0 322.0 0.0
1.0 250.0 35.0 0.0
1.0 35.0 79.0 0.0
71.0 260.0 95.0 0.0
99.0 123.0 360.0 0.0
137.0 398.0 160.0 0.0
155.0 178.0 257.0 0.0
243.0 345.0 595.0 0.0
89.0 441.0 154.0 0.0
159.0 224.0 200.0 0.0
81.0 122.0 178.0 0.0
139.0 236.0 273.0 0.0
73.0 207.0 149.0 0.0
97.0 173.0 123.0 0.0
61.0 87.0 307.0 0.0
69.0 315.0 76.0 0.0
79.0 86.0 165.0 0.0
103.0 189.0 131.0 0.0
85.0 113.0 111.0 0.0
73.0 99.0 83.0 0.0
67.0 77.0 162.0 0.0
69.0 164.0 130.0 0.0
79.0 140.0 88.0 0.0
71.0 80.0 107.0 0.0
1.0 37.0 45.0 0.0
1.0 45.0 325.0 0.0
67.0 391.0 79.0 0.0
63.0 75.0 112.0 0.0
99.0 148.0 232.0 0.0
91.0 224.0 171.0 0.0
133.0 213.0 204.0 0.0
1.0 72.0 32.0 0.0
1.0 32.0 21.0 0.0
1.0 21.0 216.0 0.0
71.0 286.0 343.0 0.0
83.0 355.0 103.0 0.0
95.0 115.0 103.0 0.0
87.0 95.0 95.0 0.0
103.0 111.0 179.0 0.0
107.0 183.0 144.0 0.0
69.0 106.0 135.0 0.0
125.0 191.0 145.0 0.0
143.0 163.0 207.0 0.0
103.0 167.0 181.0 0.0
61.0 139.0 328.0 0.0
113.0 380.0 147.0 0.0
75.0 109.0 85.0 0.0
63.0 73.0 75.0 0.0
73.0 85.0 161.0 0.0
71.0 159.0 113.0 0.0
1.0 43.0 62.0 0.0
1.0 62.0 45.0 0.0
67.0 111.0 71.0 0.0
63.0 67.0 107.0 0.0
115.0 159.0 210.0 0.0
83.0 178.0 146.0 0.0
153.0 216.0 280.0 0.0
127.0 254.0 154.0 0.0
95.0 122.0 220.0 0.0
79.0 204.0 83.0 0.0
85.0 89.0 394.0 0.0
77.0 386.0 83.0 0.0
75.0 81.0 108.0 0.0
89.0 122.0 127.0 0.0
115.0 153.0 143.0 0.0
165.0 193.0 201.0 0.0
153.0 189.0 192.0 0.0
135.0 174.0 185.0 0.0
77.0 127.0 114.0 0.0
81.0 118.0 123.0 0.0
75.0 117.0 101.0 0.0
65.0 91.0 98.0 0.0
77.0 110.0 151.0 0.0
117.0 191.0 134.0 0.0
89.0 106.0 99.0 0.0
75.0 85.0 90.0 0.0
89.0 104.0 112.0 0.0
97.0 120.0 104.0 0.0
85.0 92.0 253.0 0.0
65.0 233.0 73.0 0.0
61.0 69.0 73.0 0.0
75.0 87.0 119.0 0.0
101.0 145.0 197.0 0.0
71.0 167.0 110.0 0.0
75.0 114.0 79.0 0.0
67.0 71.0 81.0 0.0
71.0 85.0 120.0 0.0
163.0 212.0 212.0 0.0
93.0 142.0 151.0 0.0
103.0 161.0 177.0 0.0
95.0 169.0 129.0 0.0
99.0 133.0 149.0 0.0
1.0 51.0 53.0 0.0
1.0 53.0 168.0 0.0
131.0 298.0 246.0 0.0
203.0 318.0 281.0 0.0
61.0 139.0 170.0 0.0
93.0 202.0 109.0 0.0
73.0 89.0 125.0 0.0
65.0 117.0 110.0 0.0
91.0 136.0 200.0 0.0
113.0 222.0 130.0 0.0
123.0 140.0 192.0 0.0
91.0 160.0 141.0 0.0
67.0 117.0 69.0 0.0
67.0 69.0 73.0 0.0
67.0 73.0 191.0 0.0
1.0 125.0 24.0 0.0
1.0 24.0 40.0 0.0
1.0 40.0 64.0 0.0
1.0 64.0 51.0 0.0
1.0 51.0 31.0 0.0
1.0 31.0 60.0 0.0
1.0 60.0 81.0 0.0
161.0 241.0 227.0 0.0
63.0 129.0 132.0 0.0
63.0 132.0 76.0 0.0
69.0 82.0 129.0 0.0
67.0 127.0 87.0 0.0
73.0 93.0 118.0 0.0
1.0 46.0 49.0 0.0
1.0 49.0 24.0 0.0
1.0 24.0 37.0 0.0
71.0 107.0 90.0 0.0
75.0 94.0 161.0 0.0
139.0 225.0 195.0 0.0
145.0 201.0 209.0 0.0
79.0 143.0 83.0 0.0
71.0 75.0 105.0 0.0
121.0 155.0 154.0 0.0
95.0 128.0 101.0 0.0
93.0 99.0 127.0 0.0
71.0 105.0 78.0 0.0
73.0 80.0 79.0 0.0
77.0 83.0 81.0 0.0
71.0 75.0 145.0 0.0
71.0 145.0 75.0 0.0
75.0 79.0 132.0 0.0
69.0 126.0 81.0 0.0
69.0 81.0 85.0 0.0
69.0 85.0 162.0 0.0
89.0 182.0 170.0 0.0
67.0 148.0 144.0 0.0
1.0 78.0 59.0 0.0
1.0 59.0 88.0 0.0
85.0 172.0 244.0 0.0
81.0 240.0 104.0 0.0
67.0 90.0 223.0 0.0
107.0 263.0 128.0 0.0
95.0 116.0 100.0 0.0
105.0 110.0 443.0 0.0
1.0 339.0 52.0 0.0
1.0 52.0 37.0 0.0
63.0 99.0 155.0 0.0
1.0 93.0 56.0 0.0
1.0 56.0 111.0 0.0
67.0 177.0 110.0 0.0
1.0 44.0 50.0 0.0
1.0 50.0 87.0 0.0
73.0 159.0 95.0 0.0
107.0 129.0 147.0 0.0
75.0 115.0 82.0 0.0
69.0 76.0 102.0 0.0
107.0 140.0 176.0 0.0
135.0 204.0 158.0 0.0
157.0 180.0 184.0 0.0
195.0 222.0 216.0 0.0
213.0 234.0 255.0 0.0
133.0 175.0 262.0 0.0
73.0 202.0 172.0 0.0
67.0 166.0 81.0 0.0
69.0 83.0 115.0 0.0
89.0 135.0 132.0 0.0
107.0 150.0 196.0 0.0
83.0 172.0 276.0 0.0
215.0 408.0 420.0 0.0
63.0 268.0 165.0 0.0
241.0 343.0 625.0 0.0
69.0 453.0 90.0 0.0
63.0 109.0 129.0 0.0
67.0 133.0 309.0 0.0
131.0 373.0 192.0 0.0
69.0 130.0 82.0 0.0
65.0 78.0 74.0 0.0
75.0 84.0 99.0 0.0
67.0 91.0 102.0 0.0
61.0 96.0 148.0 0.0
1.0 88.0 61.0 0.0
1.0 61.0 40.0 0.0
69.0 108.0 84.0 0.0
69.0 84.0 146.0 0.0
121.0 198.0 261.0 0.0
183.0 323.0 375.0 0.0
147.0 176.0 438.0 0.0
107.0 398.0 279.0 0.0
73.0 245.0 209.0 0.0
1.0 238.0 44.0 0.0
1.0 44.0 109.0 0.0
121.0 229.0 227.0 0.0
67.0 173.0 94.0 0.0
65.0 92.0 126.0 0.0
73.0 134.0 88.0 0.0
75.0 90.0 128.0 0.0
65.0 118.0 103.0 0.0
79.0 117.0 81.0 0.0
81.0 83.0 113.0 0.0
81.0 113.0 94.0 0.0
61.0 74.0 123.0 0.0
79.0 141.0 182.0 0.0
79.0 182.0 258.0 0.0
65.0 244.0 98.0 0.0
1.0 34.0 47.0 0.0
1.0 47.0 45.0 0.0
1.0 45.0 60.0 0.0
1.0 60.0 87.0 0.0
1.0 87.0 42.0 0.0
1.0 42.0 35.0 0.0
63.0 97.0 108.0 0.0
65.0 110.0 256.0 0.0
91.0 282.0 161.0 0.0
75.0 145.0 301.0 0.0
95.0 321.0 114.0 0.0
109.0 128.0 296.0 0.0
73.0 260.0 120.0 0.0
1.0 48.0 55.0 0.0
1.0 55.0 80.0 0.0
89.0 168.0 214.0 0.0
1.0 126.0 44.0 0.0
1.0 44.0 33.0 0.0
65.0 97.0 244.0 0.0
1.0 180.0 29.0 0.0
1.0 29.0 210.0 0.0
157.0 366.0 321.0 0.0
67.0 231.0 72.0 0.0
67.0 72.0 1518.0 0.0
99.0 1550.0 133.0 0.0
135.0 169.0 310.0 0.0
279.0 454.0 793.0 0.0
139.0 653.0 178.0 0.0
205.0 244.0 227.0 0.0
219.0 241.0 379.0 0.0
75.0 235.0 209.0 0.0
85.0 219.0 225.0 0.0
113.0 253.0 212.0 0.0
115.0 214.0 199.0 0.0
93.0 177.0 182.0 0.0
63.0 152.0 76.0 0.0
65.0 78.0 141.0 0.0
91.0 167.0 150.0 0.0
83.0 142.0 129.0 0.0
131.0 177.0 279.0 0.0
69.0 217.0 149.0 0.0
81.0 161.0 291.0 0.0
61.0 271.0 153.0 0.0
113.0 205.0 269.0 0.0
117.0 273.0 131.0 0.0
121.0 135.0 291.0 0.0
97.0 267.0 143.0 0.0
65.0 111.0 119.0 0.0
89.0 143.0 137.0 0.0
97.0 145.0 182.0 0.0
133.0 218.0 358.0 0.0
177.0 402.0 265.0 0.0
79.0 167.0 252.0 0.0
103.0 276.0 117.0 0.0
75.0 89.0 538.0 0.0
179.0 642.0 230.0 0.0
77.0 128.0 105.0 0.0
111.0 139.0 585.0 0.0
97.0 571.0 116.0 0.0
63.0 82.0 99.0 0.0
1.0 37.0 36.0 0.0
1.0 36.0 33.0 0.0
1.0 33.0 62.0 0.0
1.0 62.0 39.0 0.0
1.0 39.0 103.0 0.0
169.0 271.0 406.0 0.0
75.0 312.0 131.0 0.0
95.0 151.0 118.0 0.0
75.0 98.0 495.0 0.0
99.0 519.0 188.0 0.0
129.0 218.0 399.0 0.0
97.0 367.0 231.0 0.0
79.0 213.0 199.0 0.0
75.0 195.0 643.0 0.0
103.0 671.0 170.0 0.0
139.0 206.0 192.0 0.0
133.0 186.0 264.0 0.0
117.0 248.0 171.0 0.0
75.0 129.0 192.0 0.0
89.0 206.0 109.0 0.0
105.0 125.0 165.0 0.0
99.0 159.0 170.0 0.0
111.0 182.0 141.0 0.0
77.0 107.0 108.0 0.0
93.0 124.0 160.0 0.0
95.0 162.0 114.0 0.0
91.0 110.0 150.0 0.0
89.0 148.0 105.0 0.0
65.0 81.0 105.0 0.0
99.0 139.0 157.0 0.0
65.0 123.0 148.0 0.0
171.0 254.0 295.0 0.0
83.0 207.0 96.0 0.0
71.0 84.0 90.0 0.0
99.0 118.0 187.0 0.0
93.0 181.0 376.0 0.0
67.0 350.0 193.0 0.0
71.0 197.0 142.0 0.0
89.0 160.0 117.0 0.0
103.0 131.0 113.0 0.0
113.0 123.0 162.0 0.0
87.0 136.0 94.0 0.0
79.0 86.0 163.0 0.0
97.0 181.0 125.0 0.0
61.0 89.0 113.0 0.0
95.0 147.0 214.0 0.0
71.0 190.0 207.0 0.0
83.0 219.0 130.0 0.0
91.0 138.0 108.0 0.0
89.0 106.0 98.0 0.0
77.0 86.0 413.0 0.0
107.0 443.0 237.0 0.0
73.0 203.0 75.0 0.0
75.0 77.0 367.0 0.0
71.0 363.0 121.0 0.0
91.0 141.0 127.0 0.0
71.0 107.0 82.0 0.0
73.0 84.0 149.0 0.0
63.0 139.0 66.0 0.0
63.0 66.0 84.0 0.0
81.0 102.0 92.0 0.0
63.0 74.0 139.0 0.0
81.0 157.0 157.0 0.0
103.0 179.0 241.0 0.0
271.0 409.0 793.0 0.0
71.0 593.0 76.0 0.0
67.0 72.0 127.0 0.0
97.0 157.0 144.0 0.0
103.0 150.0 121.0 0.0
85.0 103.0 96.0 0.0
95.0 106.0 114.0 0.0
63.0 82.0 241.0 0.0
119.0 297.0 148.0 0.0
71.0 100.0 113.0 0.0
101.0 143.0 164.0 0.0
93.0 156.0 180.0 0.0
101.0 188.0 186.0 0.0
67.0 152.0 107.0 0.0
73.0 113.0 82.0 0.0
77.0 86.0 100.0 0.0
113.0 136.0 141.0 0.0
61.0 89.0 70.0 0.0
77.0 86.0 196.0 0.0
179.0 298.0 333.0 0.0
165.0 319.0 316.0 0.0
73.0 224.0 307.0 0.0
157.0 391.0 586.0 0.0
325.0 754.0 804.0 0.0
245.0 724.0 0.0 0.0
1.0 0.0 343.0 1.0
1.0 343.0 290.0 1.0
1.0 290.0 387.0 1.0
1.0 387.0 234.0 1.0
1.0 100.0 317.0 1.0
1.0 274.0 145.0 1.0
2.0 146.0 175.0 1.0
1.0 174.0 119.0 1.0
1.0 119.0 308.0 1.0
1.0 201.0 105.0 1.0
1.0 124.0 128.0 1.0
1.0 128.0 190.0 1.0
1.0 190.0 140.0 1.0
1.0 264.0 111.0 1.0
1.0 111.0 191.0 1.0
1.0 74.0 152.0 1.0
1.0 152.0 194.0 1.0
1.0 194.0 129.0 1.0
1.0 108.0 96.0 1.0
1.0 96.0 19.0 1.0
1.0 19.0 72.0 1.0
1.0 72.0 28.0 1.0
1.0 28.0 70.0 1.0
1.0 70.0 44.0 1.0
1.0 44.0 97.0 1.0
1.0 97.0 88.0 1.0
1.0 88.0 69.0 1.0
1.0 103.0 95.0 1.0
1.0 95.0 151.0 1.0
1.0 151.0 85.0 1.0
1.0 85.0 127.0 1.0
1.0 127.0 152.0 1.0
1.0 152.0 92.0 1.0
1.0 92.0 137.0 1.0
1.0 137.0 335.0 1.0
1.0 100.0 151.0 1.0
1.0 151.0 190.0 1.0
1.0 136.0 107.0 1.0
1.0 107.0 211.0 1.0
1.0 211.0 159.0 1.0
1.0 159.0 147.0 1.0
1.0 147.0 199.0 1.0
1.0 199.0 194.0 1.0
1.0 194.0 131.0 1.0
1.0 131.0 148.0 1.0
1.0 112.0 105.0 1.0
1.0 105.0 257.0 1.0
1.0 257.0 182.0 1.0
1.0 92.0 122.0 1.0
1.0 122.0 253.0 1.0
1.0 253.0 245.0 1.0
1.0 245.0 167.0 1.0
1.0 167.0 169.0 1.0
1.0 169.0 189.0 1.0
1.0 189.0 166.0 1.0
1.0 166.0 164.0 1.0
1.0 164.0 101.0 1.0
1.0 373.0 388.0 1.0
1.0 388.0 385.0 1.0
1.0 385.0 280.0 1.0
1.0 280.0 188.0 1.0
1.0 188.0 168.0 1.0
1.0 168.0 157.0 1.0
1.0 157.0 159.0 1.0
1.0 159.0 556.0 1.0
1.0 176.0 226.0 1.0
1.0 226.0 81.0 1.0
1.0 81.0 217.0 1.0
1.0 121.0 50.0 1.0
1.0 50.0 51.0 1.0
1.0 142.0 50.0 1.0
1.0 50.0 33.0 1.0
1.0 33.0 545.0 1.0
1.0 545.0 147.0 1.0
1.0 147.0 73.0 1.0
1.0 73.0 100.0 1.0
2.0 101.0 107.0 1.0
1.0 106.0 154.0 1.0
1.0 154.0 107.0 1.0
1.0 107.0 118.0 1.0
1.0 118.0 143.0 1.0
1.0 143.0 159.0 1.0
1.0 159.0 164.0 1.0
1.0 164.0 113.0 1.0
1.0 113.0 117.0 1.0
1.0 117.0 119.0 1.0
1.0 76.0 76.0 1.0
1.0 135.0 120.0 1.0
1.0 120.0 273.0 1.0
1.0 273.0 59.0 1.0
1.0 59.0 26.0 1.0
1.0 26.0 68.0 1.0
1.0 66.0 136.0 1.0
1.0 136.0 31.0 1.0
1.0 31.0 367.0 1.0
1.0 367.0 75.0 1.0
1.0 75.0 127.0 1.0
1.0 127.0 83.0 1.0
1.0 83.0 294.0 1.0
1.0 294.0 259.0 1.0
1.0 128.0 648.0 1.0
1.0 648.0 250.0 1.0
1.0 250.0 256.0 1.0
1.0 256.0 153.0 1.0
1.0 153.0 168.0 1.0
1.0 168.0 309.0 1.0
1.0 309.0 66.0 1.0
1.0 66.0 194.0 1.0
1.0 194.0 84.0 1.0
1.0 138.0 111.0 1.0
1.0 111.0 86.0 1.0
1.0 86.0 91.0 1.0
1.0 91.0 259.0 1.0
1.0 259.0 223.0 1.0
1.0 223.0 142.0 1.0
1.0 142.0 124.0 1.0
1.0 249.0 67.0 1.0
1.0 67.0 133.0 1.0
1.0 133.0 76.0 1.0
1.0 76.0 224.0 1.0
1.0 266.0 75.0 1.0
1.0 75.0 342.0 1.0
1.0 342.0 142.0 1.0
1.0 142.0 124.0 1.0
1.0 180.0 90.0 1.0
1.0 90.0 153.0 1.0
1.0 153.0 150.0 1.0
1.0 150.0 89.0 1.0
1.0 89.0 480.0 1.0
1.0 480.0 36.0 1.0
1.0 36.0 62.0 1.0
1.0 62.0 240.0 1.0
1.0 240.0 126.0 1.0
1.0 126.0 78.0 1.0
1.0 78.0 99.0 1.0
1.0 99.0 127.0 1.0
1.0 127.0 108.0 1.0
1.0 108.0 73.0 1.0
1.0 73.0 233.0 1.0
1.0 121.0 101.0 1.0
1.0 101.0 145.0 1.0
1.0 145.0 167.0 1.0
1.0 167.0 192.0 1.0
1.0 192.0 123.0 1.0
1.0 123.0 98.0 1.0
1.0 98.0 118.0 1.0
1.0 118.0 168.0 1.0
1.0 168.0 99.0 1.0
1.0 99.0 156.0 1.0
1.0 156.0 141.0 1.0
1.0 141.0 552.0 1.0
1.0 552.0 194.0 1.0
1.0 194.0 213.0 1.0
1.0 213.0 481.0 1.0
1.0 481.0 200.0 1.0
1.0 200.0 147.0 1.0
1.0 147.0 254.0 1.0
1.0 254.0 76.0 1.0
1.0 76.0 237.0 1.0
1.0 237.0 66.0 1.0
1.0 66.0 71.0 1.0
1.0 71.0 102.0 1.0
1.0 102.0 55.0 1.0
1.0 55.0 119.0 1.0
1.0 119.0 177.0 1.0
1.0 177.0 75.0 1.0
1.0 75.0 128.0 1.0
1.0 128.0 99.0 1.0
1.0 99.0 51.0 1.0
1.0 51.0 193.0 1.0
1.0 193.0 157.0 1.0
1.0 157.0 214.0 1.0
1.0 214.0 124.0 1.0
1.0 124.0 160.0 1.0
1.0 86.0 106.0 1.0
1.0 106.0 77.0 1.0
1.0 77.0 170.0 1.0
1.0 170.0 234.0 1.0
1.0 234.0 81.0 1.0
1.0 81.0 123.0 1.0
1.0 123.0 122.0 1.0
1.0 122.0 312.0 1.0
1.0 312.0 322.0 1.0
1.0 322.0 109.0 1.0
1.0 109.0 175.0 1.0
1.0 175.0 128.0 1.0
1.0 128.0 64.0 1.0
1.0 175.0 109.0 1.0
1.0 109.0 50.0 1.0
1.0 50.0 103.0 1.0
1.0 103.0 83.0 1.0
1.0 83.0 120.0 1.0
1.0 122.0 146.0 1.0
1.0 146.0 143.0 1.0
1.0 143.0 161.0 1.0
1.0 333.0 147.0 1.0
1.0 147.0 154.0 1.0
1.0 154.0 190.0 1.0
1.0 190.0 158.0 1.0
1.0 158.0 102.0 1.0
1.0 102.0 102.0 1.0
1.0 102.0 126.0 1.0
1.0 126.0 243.0 1.0
1.0 243.0 110.0 1.0
1.0 110.0 218.0 1.0
1.0 218.0 240.0 1.0
1.0 240.0 94.0 1.0
1.0 94.0 205.0 1.0
1.0 205.0 135.0 1.0
1.0 135.0 113.0 1.0
1.0 113.0 212.0 1.0
1.0 212.0 230.0 1.0
1.0 230.0 168.0 1.0
1.0 168.0 145.0 1.0
1.0 145.0 156.0 1.0
1.0 156.0 179.0 1.0
1.0 179.0 186.0 1.0
1.0 186.0 154.0 1.0
1.0 154.0 114.0 1.0
1.0 114.0 133.0 1.0
1.0 133.0 149.0 1.0
1.0 149.0 113.0 1.0
1.0 113.0 200.0 1.0
1.0 200.0 33.0 1.0
1.0 33.0 98.0 1.0
1.0 98.0 53.0 1.0
1.0 53.0 124.0 1.0
1.0 124.0 111.0 1.0
1.0 111.0 66.0 1.0
1.0 66.0 61.0 1.0
1.0 61.0 20.0 1.0
1.0 20.0 24.0 1.0
1.0 24.0 90.0 1.0
1.0 90.0 76.0 1.0
1.0 76.0 144.0 1.0
1.0 144.0 73.0 1.0
1.0 73.0 98.0 1.0
1.0 98.0 43.0 1.0
2.0 44.0 274.0 1.0
1.0 273.0 69.0 1.0
1.0 69.0 196.0 1.0
1.0 196.0 35.0 1.0
1.0 35.0 64.0 1.0
1.0 64.0 30.0 1.0
1.0 30.0 103.0 1.0
1.0 103.0 155.0 1.0
1.0 155.0 45.0 1.0
1.0 45.0 57.0 1.0
1.0 57.0 35.0 1.0
1.0 35.0 40.0 1.0
1.0 40.0 29.0 1.0
1.0 29.0 13.0 1.0
1.0 13.0 15.0 1.0
1.0 15.0 26.0 1.0
1.0 26.0 92.0 1.0
1.0 92.0 101.0 1.0
1.0 101.0 383.0 1.0
1.0 383.0 101.0 1.0
1.0 101.0 194.0 1.0
1.0 194.0 195.0 1.0
1.0 195.0 384.0 1.0
1.0 384.0 424.0 1.0
1.0 424.0 100.0 1.0
1.0 165.0 179.0 1.0
1.0 179.0 182.0 1.0
1.0 148.0 95.0 1.0
1.0 151.0 45.0 1.0
1.0 66.0 59.0 1.0
1.0 48.0 61.0 1.0
1.0 61.0 43.0 1.0
1.0 43.0 91.0 1.0
1.0 91.0 50.0 1.0
1.0 50.0 66.0 1.0
1.0 66.0 231.0 1.0
1.0 231.0 159.0 1.0
1.0 159.0 73.0 1.0
1.0 132.0 87.0 1.0
1.0 87.0 58.0 1.0
1.0 91.0 106.0 1.0
1.0 477.0 77.0 1.0
1.0 77.0 117.0 1.0
1.0 83.0 227.0 1.0
1.0 227.0 232.0 1.0
1.0 232.0 152.0 1.0
1.0 152.0 261.0 1.0
1.0 261.0 247.0 1.0
1.0 247.0 179.0 1.0
1.0 179.0 148.0 1.0
1.0 148.0 166.0 1.0
1.0 153.0 238.0 1.0
1.0 206.0 102.0 1.0
1.0 102.0 144.0 1.0
1.0 144.0 150.0 1.0
1.0 150.0 152.0 1.0
1.0 152.0 145.0 1.0
1.0 145.0 162.0 1.0
1.0 162.0 104.0 1.0
1.0 104.0 118.0 1.0
1.0 118.0 100.0 1.0
1.0 100.0 119.0 1.0
1.0 119.0 86.0 1.0
1.0 86.0 83.0 1.0
1.0 83.0 119.0 1.0
1.0 119.0 131.0 1.0
1.0 131.0 90.0 1.0
1.0 203.0 159.0 1.0
1.0 208.0 73.0 1.0
1.0 73.0 150.0 1.0
1.0 150.0 84.0 1.0
1.0 117.0 93.0 1.0
1.0 108.0 104.0 1.0
1.0 104.0 75.0 1.0
1.0 75.0 106.0 1.0
1.0 119.0 136.0 1.0
1.0 113.0 168.0 1.0
1.0 92.0 84.0 1.0
1.0 84.0 190.0 1.0
1.0 120.0 86.0 1.0
1.0 541.0 26.0 1.0
1.0 106.0 80.0 1.0
1.0 101.0 150.0 1.0
1.0 21.0 140.0 1.0
1.0 140.0 141.0 1.0
1.0 141.0 120.0 1.0
1.0 147.0 90.0 1.0
1.0 74.0 94.0 1.0
1.0 208.0 300.0 1.0
1.0 300.0 425.0 1.0
1.0 425.0 855.0 1.0
1.0 855.0 183.0 1.0
1.0 183.0 323.0 1.0
1.0 323.0 229.0 1.0
1.0 229.0 204.0 1.0
1.0 204.0 254.0 1.0
1.0 254.0 193.0 1.0
1.0 193.0 191.0 1.0
1.0 191.0 99.0 1.0
1.0 99.0 107.0 1.0
1.0 107.0 106.0 1.0
1.0 106.0 226.0 1.0
1.0 226.0 204.0 1.0
1.0 178.0 139.0 1.0
1.0 139.0 119.0 1.0
1.0 119.0 198.0 1.0
1.0 198.0 48.0 1.0
1.0 48.0 230.0 1.0
1.0 230.0 202.0 1.0
1.0 261.0 85.0 1.0
1.0 85.0 182.0 1.0
1.0 182.0 113.0 1.0
1.0 113.0 82.0 1.0
1.0 82.0 87.0 1.0
1.0 131.0 112.0 1.0
1.0 112.0 243.0 1.0
1.0 243.0 450.0 1.0
1.0 450.0 0.0 1.0
86.0 319.0 185.0 0.0
1.0 317.0 274.0 0.0
1.0 308.0 241.0 0.0
1.0 241.0 201.0 0.0
1.0 105.0 124.0 0.0
1.0 140.0 264.0 0.0
1.0 191.0 74.0 0.0
1.0 129.0 108.0 0.0
1.0 69.0 234.0 0.0
1.0 234.0 94.0 0.0
1.0 94.0 163.0 0.0
1.0 163.0 240.0 0.0
1.0 240.0 68.0 0.0
34.0 101.0 195.0 0.0
1.0 162.0 103.0 0.0
1.0 335.0 100.0 0.0
1.0 190.0 136.0 0.0
1.0 148.0 112.0 0.0
1.0 182.0 92.0 0.0
1.0 101.0 135.0 0.0
1.0 135.0 131.0 0.0
1.0 131.0 283.0 0.0
1.0 283.0 373.0 0.0
1.0 556.0 177.0 0.0
1.0 177.0 176.0 0.0
1.0 217.0 121.0 0.0
1.0 51.0 35.0 0.0
1.0 35.0 162.0 0.0
1.0 162.0 142.0 0.0
1.0 119.0 107.0 0.0
1.0 107.0 76.0 0.0
1.0 76.0 135.0 0.0
1.0 68.0 91.0 0.0
1.0 91.0 66.0 0.0
1.0 259.0 128.0 0.0
1.0 84.0 138.0 0.0
1.0 124.0 249.0 0.0
1.0 224.0 79.0 0.0
1.0 79.0 266.0 0.0
1.0 124.0 180.0 0.0
1.0 233.0 121.0 0.0
1.0 160.0 131.0 0.0
1.0 131.0 86.0 0.0
1.0 64.0 175.0 0.0
1.0 120.0 116.0 0.0
1.0 116.0 146.0 0.0
1.0 146.0 92.0 0.0
1.0 92.0 132.0 0.0
1.0 132.0 122.0 0.0
1.0 161.0 210.0 0.0
1.0 210.0 333.0 0.0
1.0 100.0 165.0 0.0
1.0 182.0 148.0 0.0
1.0 95.0 151.0 0.0
1.0 45.0 66.0 0.0
1.0 59.0 48.0 0.0
1.0 73.0 123.0 0.0
1.0 123.0 132.0 0.0
1.0 58.0 186.0 0.0
1.0 186.0 91.0 0.0
1.0 106.0 68.0 0.0
1.0 68.0 477.0 0.0
1.0 117.0 83.0 0.0
1.0 166.0 153.0 0.0
1.0 238.0 206.0 0.0
2.0 91.0 45.0 0.0
1.0 44.0 123.0 0.0
1.0 123.0 203.0 0.0
1.0 159.0 167.0 0.0
1.0 167.0 136.0 0.0
1.0 136.0 87.0 0.0
1.0 87.0 103.0 0.0
1.0 103.0 151.0 0.0
1.0 151.0 208.0 0.0
1.0 84.0 117.0 0.0
1.0 93.0 197.0 0.0
1.0 197.0 253.0 0.0
1.0 253.0 101.0 0.0
1.0 101.0 108.0 0.0
1.0 106.0 119.0 0.0
1.0 136.0 127.0 0.0
1.0 127.0 274.0 0.0
1.0 274.0 116.0 0.0
1.0 116.0 113.0 0.0
1.0 168.0 82.0 0.0
1.0 82.0 134.0 0.0
1.0 134.0 75.0 0.0
1.0 75.0 90.0 0.0
1.0 90.0 92.0 0.0
1.0 190.0 120.0 0.0
1.0 86.0 235.0 0.0
1.0 235.0 396.0 0.0
1.0 396.0 541.0 0.0
1.0 26.0 106.0 0.0
1.0 106.0 106.0 0.0
1.0 80.0 172.0 0.0
1.0 172.0 106.0 0.0
1.0 106.0 191.0 0.0
1.0 191.0 125.0 0.0
1.0 125.0 101.0 0.0
1.0 101.0 101.0 0.0
1.0 150.0 21.0 0.0
1.0 120.0 74.0 0.0
1.0 74.0 118.0 0.0
1.0 118.0 119.0 0.0
1.0 119.0 121.0 0.0
1.0 121.0 141.0 0.0
1.0 141.0 147.0 0.0
1.0 90.0 106.0 0.0
1.0 106.0 74.0 0.0
1.0 94.0 208.0 0.0
1.0 204.0 178.0 0.0
1.0 202.0 66.0 0.0
1.0 66.0 261.0 0.0
1.0 87.0 131.0 0.0
39.0 174.0 97.0 1.0
59.0 75.0 189.0 1.0
46.0 94.0 88.0 1.0
50.0 150.0 75.0 1.0
48.0 81.0 158.0 1.0
45.0 122.0 157.0 1.0
1.0 63.0 19.0 1.0
1.0 19.0 72.0 1.0
1.0 72.0 28.0 1.0
1.0 28.0 70.0 1.0
1.0 70.0 44.0 1.0
1.0 44.0 57.0 1.0
41.0 97.0 57.0 1.0
48.0 156.0 93.0 1.0
55.0 93.0 103.0 1.0
1.0 61.0 50.0 1.0
1.0 50.0 51.0 1.0
1.0 110.0 50.0 1.0
1.0 33.0 507.0 1.0
1.0 235.0 59.0 1.0
1.0 59.0 26.0 1.0
1.0 26.0 36.0 1.0
1.0 104.0 31.0 1.0
1.0 31.0 331.0 1.0
1.0 440.0 36.0 1.0
1.0 36.0 62.0 1.0
1.0 62.0 199.0 1.0
33.0 67.0 78.0 1.0
34.0 37.0 184.0 1.0
50.0 200.0 84.0 1.0
1.0 71.0 55.0 1.0
1.0 55.0 77.0 1.0
1.0 62.0 51.0 1.0
1.0 51.0 139.0 1.0
1.0 60.0 50.0 1.0
1.0 50.0 68.0 1.0
51.0 87.0 190.0 1.0
54.0 193.0 67.0 1.0
47.0 72.0 118.0 1.0
48.0 136.0 128.0 1.0
41.0 121.0 99.0 1.0
41.0 61.0 96.0 1.0
33.0 69.0 200.0 1.0
1.0 168.0 33.0 1.0
1.0 33.0 98.0 1.0
1.0 98.0 53.0 1.0
1.0 53.0 90.0 1.0
35.0 124.0 81.0 1.0
31.0 77.0 66.0 1.0
1.0 36.0 61.0 1.0
1.0 61.0 20.0 1.0
1.0 20.0 24.0 1.0
1.0 24.0 54.0 1.0
36.0 40.0 114.0 1.0
31.0 109.0 37.0 1.0
37.0 43.0 98.0 1.0
1.0 62.0 43.0 1.0
1.0 43.0 240.0 1.0
31.0 36.0 196.0 1.0
1.0 166.0 35.0 1.0
1.0 35.0 64.0 1.0
1.0 64.0 30.0 1.0
1.0 30.0 65.0 1.0
39.0 103.0 155.0 1.0
1.0 117.0 45.0 1.0
1.0 45.0 57.0 1.0
1.0 57.0 35.0 1.0
1.0 35.0 40.0 1.0
1.0 40.0 29.0 1.0
1.0 29.0 13.0 1.0
1.0 13.0 15.0 1.0
1.0 15.0 26.0 1.0
1.0 26.0 59.0 1.0
42.0 339.0 63.0 1.0
1.0 114.0 45.0 1.0
1.0 66.0 59.0 1.0
1.0 48.0 61.0 1.0
1.0 61.0 43.0 1.0
1.0 43.0 91.0 1.0
32.0 38.0 447.0 1.0
31.0 81.0 45.0 1.0
42.0 56.0 48.0 1.0
36.0 42.0 83.0 1.0
1.0 373.0 26.0 1.0
1.0 21.0 73.0 1.0
68.0 140.0 101.0 1.0
57.0 107.0 109.0 1.0
1.0 156.0 48.0 1.0
1.0 48.0 146.0 1.0
158.0 0.0 233.0 0.0
111.0 186.0 204.0 0.0
87.0 180.0 351.0 0.0
37.0 301.0 198.0 0.0
37.0 198.0 62.0 0.0
39.0 64.0 217.0 0.0
101.0 279.0 236.0 0.0
49.0 107.0 130.0 0.0
45.0 126.0 61.0 0.0
120.0 250.0 149.0 0.0
93.0 122.0 168.0 0.0
34.0 109.0 75.0 0.0
31.0 72.0 79.0 0.0
41.0 83.0 141.0 0.0
66.0 91.0 234.0 0.0
31.0 199.0 64.0 0.0
34.0 144.0 44.0 0.0
31.0 41.0 108.0 0.0
38.0 150.0 85.0 0.0
45.0 92.0 75.0 0.0
34.0 64.0 96.0 0.0
32.0 48.0 36.0 0.0
34.0 38.0 195.0 0.0
40.0 201.0 48.0 0.0
47.0 55.0 88.0 0.0
76.0 117.0 208.0 0.0
33.0 165.0 35.0 0.0
34.0 36.0 117.0 0.0
46.0 129.0 58.0 0.0
46.0 58.0 58.0 0.0
38.0 50.0 114.0 0.0
38.0 114.0 47.0 0.0
39.0 48.0 88.0 0.0
40.0 89.0 110.0 0.0
43.0 113.0 56.0 0.0
37.0 50.0 69.0 0.0
69.0 101.0 289.0 0.0
47.0 267.0 66.0 0.0
35.0 54.0 117.0 0.0
35.0 117.0 143.0 0.0
44.0 89.0 67.0 0.0
41.0 64.0 149.0 0.0
63.0 171.0 112.0 0.0
48.0 97.0 117.0 0.0
31.0 100.0 133.0 0.0
67.0 169.0 145.0 0.0
50.0 128.0 70.0 0.0
62.0 82.0 114.0 0.0
35.0 87.0 68.0 0.0
45.0 78.0 58.0 0.0
48.0 61.0 197.0 0.0
61.0 210.0 141.0 0.0
42.0 122.0 52.0 0.0
41.0 51.0 75.0 0.0
48.0 82.0 154.0 0.0
100.0 206.0 191.0 0.0
55.0 146.0 108.0 0.0
60.0 113.0 119.0 0.0
51.0 110.0 147.0 0.0
43.0 139.0 92.0 0.0
75.0 124.0 127.0 0.0
38.0 90.0 53.0 0.0
49.0 64.0 81.0 0.0
55.0 87.0 87.0 0.0
45.0 77.0 144.0 0.0
140.0 239.0 238.0 0.0
136.0 234.0 347.0 0.0
42.0 253.0 315.0 0.0
71.0 344.0 190.0 0.0
91.0 210.0 113.0 0.0
76.0 98.0 114.0 0.0
55.0 103.0 87.0 0.0
73.0 105.0 476.0 0.0
81.0 484.0 95.0 0.0
83.0 97.0 105.0 0.0
72.0 94.0 194.0 0.0
33.0 155.0 44.0 0.0
38.0 49.0 157.0 0.0
61.0 180.0 121.0 0.0
1.0 51.0 35.0 0.0
1.0 35.0 130.0 0.0
33.0 162.0 142.0 0.0
1.0 50.0 33.0 0.0
39.0 545.0 113.0 0.0
35.0 109.0 39.0 0.0
35.0 39.0 60.0 0.0
41.0 66.0 73.0 0.0
34.0 66.0 110.0 0.0
45.0 121.0 74.0 0.0
34.0 63.0 72.0 0.0
47.0 85.0 84.0 0.0
60.0 97.0 129.0 0.0
31.0 100.0 111.0 0.0
54.0 134.0 79.0 0.0
35.0 60.0 74.0 0.0
44.0 83.0 69.0 0.0
51.0 76.0 75.0 0.0
33.0 57.0 45.0 0.0
32.0 44.0 39.0 0.0
38.0 45.0 80.0 0.0
56.0 98.0 82.0 0.0
39.0 65.0 273.0 0.0
33.0 68.0 59.0 0.0
33.0 59.0 34.0 0.0
33.0 34.0 136.0 0.0
37.0 367.0 44.0 0.0
32.0 39.0 92.0 0.0
36.0 96.0 43.0 0.0
41.0 48.0 196.0 0.0
99.0 254.0 205.0 0.0
55.0 161.0 78.0 0.0
51.0 74.0 538.0 0.0
111.0 598.0 129.0 0.0
122.0 140.0 195.0 0.0
62.0 135.0 89.0 0.0
65.0 92.0 136.0 0.0
33.0 104.0 277.0 0.0
33.0 277.0 36.0 0.0
31.0 34.0 161.0 0.0
34.0 164.0 44.0 0.0
41.0 51.0 87.0 0.0
52.0 98.0 77.0 0.0
35.0 60.0 53.0 0.0
34.0 52.0 59.0 0.0
33.0 58.0 174.0 0.0
86.0 227.0 187.0 0.0
37.0 138.0 106.0 0.0
37.0 106.0 66.0 0.0
59.0 88.0 218.0 0.0
32.0 191.0 35.0 0.0
33.0 36.0 103.0 0.0
31.0 101.0 46.0 0.0
31.0 46.0 189.0 0.0
36.0 194.0 49.0 0.0
31.0 44.0 232.0 0.0
35.0 236.0 40.0 0.0
36.0 41.0 289.0 0.0
54.0 307.0 85.0 0.0
58.0 89.0 85.0 0.0
40.0 67.0 147.0 0.0
34.0 141.0 52.0 0.0
39.0 57.0 97.0 0.0
57.0 115.0 111.0 0.0
40.0 94.0 49.0 0.0
41.0 50.0 480.0 0.0
42.0 240.0 94.0 0.0
33.0 85.0 46.0 0.0
33.0 46.0 67.0 0.0
50.0 95.0 72.0 0.0
37.0 59.0 40.0 0.0
38.0 72.0 56.0 0.0
46.0 64.0 78.0 0.0
68.0 100.0 128.0 0.0
40.0 100.0 148.0 0.0
45.0 153.0 79.0 0.0
45.0 79.0 60.0 0.0
39.0 54.0 74.0 0.0
45.0 80.0 130.0 0.0
39.0 124.0 69.0 0.0
31.0 61.0 97.0 0.0
60.0 126.0 93.0 0.0
49.0 82.0 502.0 0.0
51.0 504.0 155.0 0.0
40.0 144.0 127.0 0.0
87.0 174.0 407.0 0.0
75.0 395.0 133.0 0.0
68.0 126.0 98.0 0.0
50.0 80.0 218.0 0.0
37.0 205.0 42.0 0.0
35.0 40.0 206.0 0.0
32.0 203.0 35.0 0.0
32.0 35.0 40.0 0.0
32.0 40.0 102.0 0.0
43.0 119.0 140.0 0.0
38.0 135.0 44.0 0.0
32.0 38.0 91.0 0.0
38.0 97.0 99.0 0.0
55.0 193.0 91.0 0.0
67.0 103.0 162.0 0.0
53.0 148.0 76.0 0.0
49.0 72.0 112.0 0.0
49.0 112.0 101.0 0.0
31.0 83.0 46.0 0.0
41.0 56.0 70.0 0.0
37.0 66.0 43.0 0.0
35.0 41.0 140.0 0.0
31.0 136.0 195.0 0.0
40.0 204.0 41.0 0.0
41.0 42.0 69.0 0.0
55.0 83.0 69.0 0.0
54.0 68.0 158.0 0.0
155.0 259.0 291.0 0.0
32.0 168.0 60.0 0.0
50.0 78.0 114.0 0.0
62.0 126.0 97.0 0.0
32.0 67.0 34.0 0.0
31.0 33.0 126.0 0.0
50.0 145.0 109.0 0.0
36.0 103.0 50.0 0.0
34.0 48.0 70.0 0.0
51.0 87.0 80.0 0.0
37.0 66.0 108.0 0.0
39.0 110.0 58.0 0.0
35.0 54.0 82.0 0.0
51.0 98.0 89.0 0.0
34.0 72.0 76.0 0.0
71.0 113.0 72.0 0.0
72.0 73.0 129.0 0.0
33.0 90.0 141.0 0.0
70.0 178.0 275.0 0.0
59.0 264.0 115.0 0.0
33.0 89.0 87.0 0.0
68.0 122.0 137.0 0.0
54.0 123.0 124.0 0.0
35.0 105.0 70.0 0.0
33.0 68.0 63.0 0.0
40.0 70.0 76.0 0.0
44.0 57.0 166.0 0.0
53.0 175.0 204.0 0.0
37.0 188.0 60.0 0.0
35.0 58.0 141.0 0.0
65.0 171.0 94.0 0.0
42.0 71.0 67.0 0.0
95.0 166.0 183.0 0.0
47.0 105.0 96.0 0.0
61.0 110.0 98.0 0.0
82.0 119.0 138.0 0.0
49.0 105.0 101.0 0.0
54.0 106.0 74.0 0.0
38.0 93.0 105.0 0.0
45.0 112.0 81.0 0.0
37.0 90.0 41.0 0.0
34.0 273.0 39.0 0.0
34.0 92.0 57.0 0.0
45.0 68.0 342.0 0.0
39.0 60.0 116.0 0.0
79.0 156.0 118.0 0.0
78.0 117.0 327.0 0.0
58.0 307.0 387.0 0.0
38.0 367.0 55.0 0.0
46.0 63.0 134.0 0.0
32.0 120.0 110.0 0.0
70.0 148.0 117.0 0.0
66.0 113.0 108.0 0.0
41.0 83.0 58.0 0.0
38.0 55.0 151.0 0.0
1.0 45.0 66.0 0.0
1.0 59.0 48.0 0.0
1.0 91.0 50.0 0.0
1.0 50.0 34.0 0.0
33.0 66.0 197.0 0.0
35.0 199.0 124.0 0.0
36.0 125.0 37.0 0.0
37.0 38.0 64.0 0.0
60.0 87.0 91.0 0.0
42.0 73.0 87.0 0.0
1.0 46.0 58.0 0.0
1.0 58.0 147.0 0.0
40.0 186.0 48.0 0.0
44.0 52.0 76.0 0.0
31.0 63.0 37.0 0.0
31.0 446.0 47.0 0.0
31.0 47.0 83.0 0.0
35.0 87.0 46.0 0.0
38.0 49.0 183.0 0.0
45.0 190.0 196.0 0.0
37.0 188.0 107.0 0.0
46.0 116.0 163.0 0.0
99.0 216.0 209.0 0.0
39.0 149.0 125.0 0.0
55.0 141.0 89.0 0.0
60.0 94.0 113.0 0.0
54.0 107.0 81.0 0.0
73.0 100.0 139.0 0.0
100.0 166.0 163.0 0.0
44.0 107.0 54.0 0.0
49.0 59.0 105.0 0.0
40.0 96.0 94.0 0.0
57.0 111.0 81.0 0.0
72.0 96.0 109.0 0.0
37.0 74.0 117.0 0.0
46.0 126.0 55.0 0.0
50.0 59.0 75.0 0.0
44.0 69.0 62.0 0.0
39.0 57.0 89.0 0.0
37.0 84.0 94.0 0.0
38.0 95.0 90.0 0.0
1.0 53.0 44.0 0.0
1.0 44.0 65.0 0.0
59.0 123.0 158.0 0.0
46.0 145.0 106.0 0.0
54.0 114.0 131.0 0.0
37.0 114.0 96.0 0.0
41.0 100.0 52.0 0.0
36.0 47.0 56.0 0.0
48.0 68.0 80.0 0.0
72.0 104.0 176.0 0.0
33.0 137.0 43.0 0.0
31.0 41.0 114.0 0.0
37.0 120.0 50.0 0.0
35.0 48.0 81.0 0.0
37.0 83.0 60.0 0.0
34.0 57.0 109.0 0.0
89.0 164.0 221.0 0.0
33.0 165.0 65.0 0.0
37.0 69.0 58.0 0.0
51.0 72.0 74.0 0.0
31.0 54.0 45.0 0.0
31.0 45.0 66.0 0.0
41.0 76.0 82.0 0.0
38.0 79.0 98.0 0.0
39.0 99.0 84.0 0.0
44.0 89.0 242.0 0.0
33.0 231.0 60.0 0.0
57.0 84.0 59.0 0.0
55.0 57.0 130.0 0.0
39.0 114.0 49.0 0.0
34.0 44.0 101.0 0.0
34.0 101.0 42.0 0.0
34.0 42.0 55.0 0.0
36.0 57.0 60.0 0.0
33.0 57.0 45.0 0.0
40.0 52.0 160.0 0.0
31.0 151.0 86.0 0.0
35.0 90.0 54.0 0.0
33.0 52.0 189.0 0.0
47.0 203.0 228.0 0.0
169.0 350.0 541.0 0.0
1.0 26.0 68.0 0.0
39.0 106.0 74.0 0.0
33.0 68.0 49.0 0.0
32.0 48.0 121.0 0.0
52.0 141.0 76.0 0.0
31.0 55.0 153.0 0.0
39.0 161.0 95.0 0.0
31.0 87.0 60.0 0.0
42.0 71.0 64.0 0.0
38.0 60.0 150.0 0.0
1.0 113.0 21.0 0.0
41.0 74.0 90.0 0.0
31.0 80.0 43.0 0.0
32.0 44.0 80.0 0.0
39.0 87.0 88.0 0.0
32.0 81.0 87.0 0.0
35.0 90.0 85.0 0.0
39.0 91.0 59.0 0.0
32.0 52.0 71.0 0.0
36.0 75.0 44.0 0.0
31.0 39.0 49.0 0.0
46.0 64.0 121.0 0.0
88.0 163.0 171.0 0.0
130.0 213.0 303.0 0.0
123.0 296.0 793.0 0.0
63.0 733.0 116.0 0.0
68.0 121.0 280.0 0.0
44.0 256.0 142.0 0.0
88.0 186.0 110.0 0.0
95.0 117.0 196.0 0.0
59.0 160.0 158.0 0.0
36.0 135.0 145.0 0.0
47.0 156.0 60.0 0.0
40.0 53.0 63.0 0.0
45.0 68.0 56.0 0.0
51.0 62.0 193.0 0.0
34.0 176.0 171.0 0.0
34.0 171.0 118.0 0.0
61.0 145.0 82.0 0.0
58.0 79.0 77.0 0.0
43.0 62.0 198.0 0.0
85.0 230.0 170.0 0.0
33.0 118.0 36.0 0.0
31.0 34.0 224.0 0.0
38.0 231.0 44.0 0.0
42.0 48.0 138.0 0.0
45.0 141.0 82.0 0.0
32.0 69.0 51.0 0.0
32.0 51.0 52.0 0.0
36.0 56.0 82.0 0.0
50.0 96.0 78.0 0.0
35.0 63.0 205.0 0.0
39.0 209.0 388.0 0.0
63.0 412.0 0.0 0.0
96.0 114.0 116.0 1.0
85.0 133.0 115.0 1.0
162.0 184.0 216.0 1.0
89.0 122.0 141.0 1.0
207.0 0.0 306.0 0.0
147.0 246.0 327.0 0.0
104.0 284.0 394.0 0.0
134.0 424.0 221.0 0.0
111.0 198.0 118.0 0.0
120.0 127.0 273.0 0.0
165.0 318.0 233.0 0.0
185.0 253.0 213.0 0.0
145.0 173.0 198.0 0.0
88.0 141.0 126.0 0.0
125.0 163.0 248.0 0.0
165.0 288.0 243.0 0.0
126.0 204.0 201.0 0.0
136.0 211.0 166.0 0.0
92.0 122.0 94.0 0.0
106.0 108.0 145.0 0.0
82.0 121.0 160.0 0.0
124.0 202.0 182.0 0.0
140.0 198.0 204.0 0.0
145.0 209.0 154.0 0.0
117.0 126.0 151.0 0.0
122.0 156.0 134.0 0.0
69.0 81.0 125.0 0.0
134.0 190.0 188.0 0.0
117.0 171.0 137.0 0.0
98.0 118.0 132.0 0.0
80.0 114.0 96.0 0.0
32.0 48.0 50.0 0.0
32.0 50.0 38.0 0.0
35.0 41.0 62.0 0.0
35.0 62.0 38.0 0.0
33.0 36.0 76.0 0.0
33.0 76.0 58.0 0.0
78.0 103.0 91.0 0.0
71.0 84.0 72.0 0.0
143.0 144.0 202.0 0.0
100.0 159.0 126.0 0.0
89.0 115.0 160.0 0.0
110.0 181.0 199.0 0.0
110.0 199.0 111.0 0.0
74.0 75.0 118.0 0.0
128.0 172.0 145.0 0.0
79.0 96.0 85.0 0.0
79.0 85.0 135.0 0.0
93.0 149.0 117.0 0.0
82.0 106.0 119.0 0.0
102.0 139.0 130.0 0.0
95.0 123.0 108.0 0.0
107.0 120.0 113.0 0.0
182.0 188.0 338.0 0.0
106.0 262.0 116.0 0.0
105.0 115.0 160.0 0.0
114.0 169.0 162.0 0.0
131.0 179.0 142.0 0.0
108.0 119.0 122.0 0.0
116.0 130.0 156.0 0.0
134.0 174.0 201.0 0.0
112.0 179.0 154.0 0.0
137.0 179.0 208.0 0.0
78.0 149.0 169.0 0.0
116.0 207.0 140.0 0.0
128.0 152.0 137.0 0.0
109.0 118.0 135.0 0.0
97.0 123.0 122.0 0.0
83.0 108.0 197.0 0.0
162.0 276.0 210.0 0.0
98.0 146.0 113.0 0.0
75.0 90.0 119.0 0.0
165.0 209.0 195.0 0.0
158.0 188.0 304.0 0.0
103.0 249.0 180.0 0.0
88.0 165.0 150.0 0.0
133.0 195.0 190.0 0.0
93.0 150.0 141.0 0.0
137.0 185.0 182.0 0.0
102.0 147.0 108.0 0.0
88.0 94.0 151.0 0.0
77.0 140.0 101.0 0.0
135.0 159.0 245.0 0.0
266.0 376.0 322.0 0.0
263.0 319.0 414.0 0.0
274.0 425.0 437.0 0.0
148.0 311.0 256.0 0.0
162.0 270.0 211.0 0.0
136.0 185.0 174.0 0.0
115.0 153.0 184.0 0.0
108.0 177.0 154.0 0.0
135.0 181.0 497.0 0.0
186.0 548.0 234.0 0.0
125.0 173.0 177.0 0.0
141.0 193.0 218.0 0.0
94.0 171.0 102.0 0.0
137.0 145.0 178.0 0.0
134.0 175.0 136.0 0.0
60.0 62.0 109.0 0.0
1.0 50.0 51.0 0.0
1.0 51.0 35.0 0.0
77.0 111.0 82.0 0.0
129.0 134.0 175.0 0.0
48.0 94.0 97.0 0.0
1.0 50.0 33.0 0.0
177.0 209.0 484.0 0.0
126.0 433.0 135.0 0.0
107.0 116.0 113.0 0.0
68.0 74.0 92.0 0.0
73.0 97.0 108.0 0.0
115.0 150.0 145.0 0.0
90.0 120.0 123.0 0.0
77.0 110.0 91.0 0.0
106.0 120.0 131.0 0.0
132.0 157.0 153.0 0.0
120.0 141.0 198.0 0.0
91.0 169.0 100.0 0.0
104.0 113.0 135.0 0.0
77.0 108.0 105.0 0.0
86.0 114.0 125.0 0.0
68.0 107.0 77.0 0.0
72.0 81.0 79.0 0.0
75.0 82.0 121.0 0.0
78.0 124.0 133.0 0.0
104.0 159.0 222.0 0.0
83.0 201.0 141.0 0.0
1.0 59.0 26.0 0.0
31.0 56.0 35.0 0.0
64.0 68.0 90.0 0.0
68.0 94.0 69.0 0.0
92.0 93.0 107.0 0.0
61.0 76.0 91.0 0.0
104.0 134.0 286.0 0.0
116.0 298.0 121.0 0.0
71.0 76.0 129.0 0.0
73.0 131.0 76.0 0.0
139.0 142.0 275.0 0.0
182.0 318.0 194.0 0.0
166.0 178.0 220.0 0.0
277.0 331.0 544.0 0.0
171.0 438.0 334.0 0.0
146.0 309.0 228.0 0.0
129.0 211.0 192.0 0.0
72.0 135.0 177.0 0.0
135.0 240.0 273.0 0.0
101.0 239.0 104.0 0.0
119.0 122.0 158.0 0.0
105.0 144.0 110.0 0.0
102.0 107.0 115.0 0.0
110.0 123.0 140.0 0.0
69.0 99.0 83.0 0.0
71.0 85.0 92.0 0.0
87.0 108.0 223.0 0.0
135.0 271.0 207.0 0.0
119.0 191.0 189.0 0.0
90.0 160.0 114.0 0.0
168.0 192.0 198.0 0.0
134.0 164.0 138.0 0.0
89.0 93.0 109.0 0.0
91.0 111.0 93.0 0.0
120.0 122.0 221.0 0.0
74.0 175.0 89.0 0.0
123.0 138.0 250.0 0.0
81.0 208.0 87.0 0.0
132.0 138.0 346.0 0.0
77.0 291.0 119.0 0.0
102.0 144.0 120.0 0.0
108.0 126.0 187.0 0.0
90.0 169.0 111.0 0.0
84.0 105.0 112.0 0.0
117.0 145.0 147.0 0.0
115.0 145.0 133.0 0.0
180.0 198.0 450.0 0.0
61.0 331.0 96.0 0.0
31.0 66.0 31.0 0.0
149.0 149.0 190.0 0.0
131.0 172.0 145.0 0.0
97.0 111.0 109.0 0.0
81.0 93.0 89.0 0.0
86.0 94.0 124.0 0.0
90.0 128.0 118.0 0.0
68.0 96.0 76.0 0.0
109.0 117.0 157.0 0.0
160.0 208.0 185.0 0.0
89.0 114.0 97.0 0.0
120.0 128.0 128.0 0.0
108.0 116.0 149.0 0.0
123.0 164.0 213.0 0.0
115.0 205.0 126.0 0.0
107.0 118.0 124.0 0.0
64.0 81.0 117.0 0.0
99.0 152.0 118.0 0.0
120.0 139.0 136.0 0.0
111.0 127.0 136.0 0.0
107.0 132.0 168.0 0.0
288.0 349.0 478.0 0.0
200.0 390.0 211.0 0.0
153.0 164.0 265.0 0.0
224.0 336.0 312.0 0.0
255.0 343.0 321.0 0.0
151.0 217.0 177.0 0.0
151.0 177.0 279.0 0.0
76.0 204.0 81.0 0.0
121.0 126.0 186.0 0.0
117.0 182.0 119.0 0.0
63.0 65.0 66.0 0.0
78.0 81.0 107.0 0.0
31.0 60.0 85.0 0.0
57.0 111.0 81.0 0.0
116.0 140.0 185.0 0.0
62.0 131.0 72.0 0.0
91.0 101.0 129.0 0.0
65.0 103.0 90.0 0.0
42.0 67.0 92.0 0.0
39.0 89.0 156.0 0.0
70.0 187.0 134.0 0.0
143.0 207.0 208.0 0.0
105.0 170.0 149.0 0.0
113.0 157.0 122.0 0.0
133.0 142.0 154.0 0.0
94.0 115.0 106.0 0.0
79.0 91.0 100.0 0.0
81.0 102.0 88.0 0.0
103.0 110.0 163.0 0.0
84.0 144.0 198.0 0.0
113.0 227.0 123.0 0.0
71.0 81.0 100.0 0.0
86.0 115.0 133.0 0.0
77.0 124.0 230.0 0.0
275.0 428.0 342.0 0.0
160.0 227.0 164.0 0.0
109.0 113.0 162.0 0.0
119.0 172.0 128.0 0.0
95.0 104.0 98.0 0.0
83.0 86.0 146.0 0.0
98.0 161.0 134.0 0.0
35.0 71.0 84.0 0.0
34.0 83.0 67.0 0.0
77.0 110.0 89.0 0.0
80.0 92.0 107.0 0.0
102.0 129.0 105.0 0.0
100.0 103.0 169.0 0.0
64.0 133.0 87.0 0.0
69.0 92.0 132.0 0.0
70.0 133.0 100.0 0.0
91.0 121.0 159.0 0.0
104.0 172.0 133.0 0.0
120.0 149.0 172.0 0.0
82.0 134.0 197.0 0.0
216.0 331.0 325.0 0.0
110.0 219.0 164.0 0.0
115.0 169.0 126.0 0.0
148.0 159.0 196.0 0.0
120.0 168.0 183.0 0.0
97.0 160.0 113.0 0.0
72.0 88.0 90.0 0.0
94.0 114.0 234.0 0.0
114.0 254.0 128.0 0.0
132.0 146.0 213.0 0.0
146.0 227.0 191.0 0.0
143.0 188.0 164.0 0.0
129.0 150.0 158.0 0.0
135.0 164.0 163.0 0.0
85.0 113.0 120.0 0.0
122.0 157.0 187.0 0.0
167.0 232.0 245.0 0.0
99.0 177.0 161.0 0.0
110.0 172.0 161.0 0.0
84.0 135.0 125.0 0.0
135.0 176.0 173.0 0.0
164.0 202.0 230.0 0.0
103.0 169.0 135.0 0.0
91.0 123.0 124.0 0.0
92.0 125.0 125.0 0.0
98.0 131.0 157.0 0.0
97.0 156.0 119.0 0.0
128.0 150.0 200.0 0.0
41.0 113.0 73.0 0.0
33.0 65.0 57.0 0.0
42.0 66.0 94.0 0.0
34.0 86.0 82.0 0.0
69.0 99.0 74.0 0.0
31.0 36.0 91.0 0.0
1.0 61.0 20.0 0.0
1.0 20.0 24.0 0.0
37.0 60.0 54.0 0.0
70.0 87.0 75.0 0.0
87.0 92.0 130.0 0.0
83.0 126.0 94.0 0.0
64.0 75.0 92.0 0.0
37.0 65.0 79.0 0.0
127.0 169.0 148.0 0.0
157.0 178.0 161.0 0.0
114.0 118.0 173.0 0.0
57.0 116.0 91.0 0.0
33.0 67.0 34.0 0.0
31.0 32.0 60.0 0.0
40.0 69.0 63.0 0.0
100.0 123.0 141.0 0.0
55.0 96.0 99.0 0.0
1.0 45.0 57.0 0.0
1.0 57.0 35.0 0.0
1.0 35.0 40.0 0.0
1.0 40.0 29.0 0.0
1.0 29.0 13.0 0.0
1.0 13.0 15.0 0.0
1.0 15.0 26.0 0.0
40.0 65.0 51.0 0.0
83.0 94.0 104.0 0.0
196.0 217.0 260.0 0.0
195.0 259.0 218.0 0.0
115.0 138.0 148.0 0.0
168.0 201.0 229.0 0.0
192.0 253.0 330.0 0.0
285.0 423.0 493.0 0.0
76.0 284.0 104.0 0.0
84.0 112.0 171.0 0.0
121.0 208.0 145.0 0.0
133.0 157.0 180.0 0.0
116.0 163.0 159.0 0.0
93.0 136.0 117.0 0.0
79.0 103.0 134.0 0.0
52.0 107.0 96.0 0.0
32.0 76.0 33.0 0.0
34.0 35.0 92.0 0.0
1.0 59.0 48.0 0.0
1.0 48.0 61.0 0.0
1.0 61.0 43.0 0.0
41.0 83.0 46.0 0.0
46.0 51.0 95.0 0.0
34.0 83.0 34.0 0.0
125.0 125.0 151.0 0.0
153.0 179.0 212.0 0.0
96.0 155.0 97.0 0.0
76.0 77.0 106.0 0.0
117.0 147.0 146.0 0.0
71.0 100.0 88.0 0.0
38.0 55.0 95.0 0.0
35.0 92.0 149.0 0.0
69.0 183.0 96.0 0.0
76.0 103.0 108.0 0.0
62.0 94.0 67.0 0.0
243.0 248.0 461.0 0.0
78.0 296.0 92.0 0.0
79.0 93.0 113.0 0.0
72.0 106.0 82.0 0.0
147.0 157.0 227.0 0.0
153.0 233.0 158.0 0.0
172.0 177.0 194.0 0.0
145.0 199.0 329.0 0.0
98.0 282.0 147.0 0.0
95.0 144.0 156.0 0.0
120.0 181.0 191.0 0.0
79.0 150.0 108.0 0.0
143.0 172.0 216.0 0.0
193.0 266.0 272.0 0.0
76.0 155.0 83.0 0.0
88.0 95.0 154.0 0.0
105.0 171.0 155.0 0.0
82.0 132.0 149.0 0.0
109.0 176.0 142.0 0.0
102.0 154.0 126.0 0.0
84.0 108.0 104.0 0.0
97.0 117.0 123.0 0.0
77.0 103.0 109.0 0.0
76.0 108.0 89.0 0.0
73.0 86.0 81.0 0.0
93.0 101.0 121.0 0.0
72.0 100.0 135.0 0.0
78.0 141.0 93.0 0.0
33.0 48.0 76.0 0.0
55.0 98.0 69.0 0.0
145.0 159.0 157.0 0.0
171.0 183.0 226.0 0.0
108.0 163.0 170.0 0.0
66.0 128.0 126.0 0.0
84.0 144.0 90.0 0.0
88.0 94.0 97.0 0.0
110.0 119.0 143.0 0.0
149.0 182.0 217.0 0.0
74.0 142.0 85.0 0.0
105.0 116.0 137.0 0.0
81.0 113.0 88.0 0.0
71.0 78.0 118.0 0.0
77.0 124.0 99.0 0.0
85.0 107.0 195.0 0.0
67.0 177.0 217.0 0.0
119.0 269.0 135.0 0.0
91.0 107.0 110.0 0.0
77.0 96.0 86.0 0.0
87.0 96.0 96.0 0.0
80.0 89.0 102.0 0.0
84.0 106.0 117.0 0.0
102.0 135.0 119.0 0.0
109.0 126.0 130.0 0.0
176.0 197.0 199.0 0.0
182.0 205.0 208.0 0.0
88.0 114.0 95.0 0.0
115.0 122.0 185.0 0.0
71.0 141.0 76.0 0.0
78.0 83.0 142.0 0.0
67.0 131.0 72.0 0.0
77.0 82.0 94.0 0.0
73.0 90.0 82.0 0.0
83.0 92.0 96.0 0.0
118.0 131.0 156.0 0.0
102.0 140.0 139.0 0.0
84.0 121.0 96.0 0.0
121.0 133.0 192.0 0.0
258.0 329.0 397.0 0.0
205.0 344.0 419.0 0.0
200.0 414.0 225.0 0.0
50.0 75.0 74.0 0.0
70.0 94.0 99.0 0.0
71.0 100.0 88.0 0.0
71.0 88.0 156.0 0.0
100.0 185.0 111.0 0.0
122.0 133.0 184.0 0.0
103.0 165.0 124.0 0.0
83.0 104.0 118.0 0.0
73.0 108.0 104.0 0.0
84.0 115.0 122.0 0.0
59.0 97.0 79.0 0.0
37.0 57.0 93.0 0.0
83.0 139.0 150.0 0.0
82.0 149.0 123.0 0.0
72.0 113.0 72.0 0.0
68.0 68.0 122.0 0.0
75.0 129.0 120.0 0.0
65.0 110.0 106.0 0.0
116.0 157.0 120.0 0.0
123.0 127.0 165.0 0.0
90.0 132.0 110.0 0.0
73.0 93.0 93.0 0.0
77.0 97.0 86.0 0.0
67.0 76.0 79.0 0.0
98.0 110.0 176.0 0.0
143.0 221.0 331.0 0.0
146.0 334.0 365.0 0.0
175.0 394.0 806.0 0.0
197.0 828.0 305.0 0.0
135.0 243.0 216.0 0.0
210.0 291.0 287.0 0.0
123.0 200.0 196.0 0.0
154.0 227.0 269.0 0.0
170.0 285.0 208.0 0.0
150.0 188.0 197.0 0.0
90.0 137.0 121.0 0.0
64.0 95.0 101.0 0.0
80.0 117.0 103.0 0.0
121.0 144.0 159.0 0.0
196.0 234.0 241.0 0.0
130.0 175.0 199.0 0.0
90.0 159.0 122.0 0.0
109.0 141.0 148.0 0.0
131.0 170.0 182.0 0.0
56.0 107.0 103.0 0.0
53.0 100.0 160.0 0.0
141.0 248.0 192.0 0.0
114.0 165.0 114.0 0.0
163.0 163.0 190.0 0.0
139.0 166.0 155.0 0.0
81.0 97.0 161.0 0.0
110.0 190.0 111.0 0.0
92.0 93.0 102.0 0.0
76.0 86.0 92.0 0.0
96.0 112.0 120.0 0.0
94.0 118.0 119.0 0.0
69.0 94.0 178.0 0.0
249.0 358.0 334.0 0.0
428.0 513.0 0.0 0.0
95.0 183.0 175.0 1.0
113.0 167.0 137.0 1.0
315.0 0.0 390.0 0.0
221.0 296.0 314.0 0.0
173.0 266.0 437.0 0.0
73.0 337.0 234.0 0.0
73.0 234.0 98.0 0.0
77.0 102.0 255.0 0.0
201.0 379.0 336.0 0.0
77.0 212.0 135.0 0.0
97.0 155.0 178.0 0.0
89.0 170.0 105.0 0.0
117.0 133.0 247.0 0.0
239.0 369.0 268.0 0.0
185.0 214.0 260.0 0.0
67.0 142.0 108.0 0.0
61.0 102.0 109.0 0.0
91.0 139.0 133.0 0.0
81.0 123.0 181.0 0.0
99.0 199.0 124.0 0.0
131.0 156.0 299.0 0.0
61.0 229.0 94.0 0.0
95.0 128.0 205.0 0.0
67.0 177.0 77.0 0.0
61.0 71.0 138.0 0.0
89.0 166.0 201.0 0.0
75.0 187.0 122.0 0.0
89.0 136.0 119.0 0.0
67.0 97.0 129.0 0.0
1.0 63.0 19.0 0.0
1.0 19.0 72.0 0.0
1.0 72.0 28.0 0.0
1.0 28.0 70.0 0.0
1.0 70.0 44.0 0.0
1.0 44.0 57.0 0.0
81.0 137.0 97.0 0.0
63.0 79.0 67.0 0.0
67.0 71.0 228.0 0.0
79.0 240.0 87.0 0.0
93.0 101.0 134.0 0.0
151.0 192.0 283.0 0.0
65.0 197.0 67.0 0.0
67.0 69.0 150.0 0.0
91.0 174.0 103.0 0.0
91.0 103.0 103.0 0.0
75.0 87.0 151.0 0.0
75.0 151.0 84.0 0.0
77.0 86.0 126.0 0.0
79.0 128.0 149.0 0.0
85.0 155.0 98.0 0.0
73.0 86.0 105.0 0.0
137.0 169.0 357.0 0.0
93.0 313.0 112.0 0.0
69.0 88.0 151.0 0.0
69.0 151.0 177.0 0.0
95.0 203.0 140.0 0.0
87.0 132.0 110.0 0.0
81.0 104.0 189.0 0.0
125.0 233.0 174.0 0.0
95.0 144.0 164.0 0.0
61.0 130.0 163.0 0.0
133.0 235.0 211.0 0.0
99.0 177.0 119.0 0.0
123.0 143.0 175.0 0.0
69.0 121.0 102.0 0.0
89.0 122.0 102.0 0.0
95.0 108.0 244.0 0.0
121.0 270.0 201.0 0.0
83.0 163.0 93.0 0.0
81.0 91.0 115.0 0.0
95.0 129.0 201.0 0.0
199.0 305.0 290.0 0.0
109.0 200.0 162.0 0.0
119.0 172.0 178.0 0.0
101.0 160.0 197.0 0.0
85.0 181.0 134.0 0.0
149.0 198.0 201.0 0.0
75.0 127.0 90.0 0.0
97.0 112.0 129.0 0.0
109.0 141.0 141.0 0.0
89.0 121.0 188.0 0.0
279.0 378.0 377.0 0.0
271.0 369.0 482.0 0.0
83.0 294.0 356.0 0.0
141.0 414.0 260.0 0.0
181.0 300.0 203.0 0.0
151.0 173.0 189.0 0.0
109.0 147.0 157.0 0.0
109.0 157.0 141.0 0.0
145.0 177.0 548.0 0.0
161.0 564.0 175.0 0.0
165.0 179.0 187.0 0.0
143.0 165.0 265.0 0.0
65.0 187.0 76.0 0.0
75.0 86.0 194.0 0.0
121.0 240.0 181.0 0.0
1.0 61.0 50.0 0.0
1.0 50.0 51.0 0.0
1.0 51.0 35.0 0.0
1.0 35.0 130.0 0.0
65.0 194.0 174.0 0.0
1.0 110.0 50.0 0.0
1.0 50.0 33.0 0.0
1.0 33.0 507.0 0.0
77.0 583.0 151.0 0.0
69.0 143.0 73.0 0.0
69.0 73.0 94.0 0.0
81.0 106.0 113.0 0.0
67.0 99.0 143.0 0.0
89.0 165.0 118.0 0.0
67.0 96.0 105.0 0.0
93.0 131.0 130.0 0.0
119.0 156.0 188.0 0.0
61.0 130.0 141.0 0.0
107.0 187.0 132.0 0.0
69.0 94.0 108.0 0.0
87.0 126.0 112.0 0.0
101.0 126.0 125.0 0.0
65.0 89.0 77.0 0.0
63.0 75.0 70.0 0.0
75.0 82.0 117.0 0.0
111.0 153.0 137.0 0.0
77.0 103.0 311.0 0.0
1.0 235.0 59.0 0.0
1.0 59.0 26.0 0.0
1.0 26.0 36.0 0.0
65.0 100.0 91.0 0.0
65.0 91.0 66.0 0.0
65.0 66.0 168.0 0.0
1.0 104.0 31.0 0.0
1.0 31.0 331.0 0.0
73.0 403.0 80.0 0.0
63.0 70.0 123.0 0.0
71.0 131.0 78.0 0.0
81.0 88.0 236.0 0.0
197.0 352.0 303.0 0.0
109.0 215.0 132.0 0.0
101.0 124.0 588.0 0.0
221.0 708.0 239.0 0.0
243.0 261.0 316.0 0.0
123.0 196.0 150.0 0.0
129.0 156.0 200.0 0.0
65.0 136.0 309.0 0.0
65.0 309.0 68.0 0.0
61.0 64.0 191.0 0.0
67.0 197.0 77.0 0.0
81.0 91.0 127.0 0.0
103.0 149.0 128.0 0.0
69.0 94.0 87.0 0.0
67.0 85.0 92.0 0.0
65.0 90.0 206.0 0.0
171.0 312.0 272.0 0.0
73.0 174.0 142.0 0.0
73.0 142.0 102.0 0.0
117.0 146.0 276.0 0.0
63.0 222.0 66.0 0.0
65.0 68.0 135.0 0.0
61.0 131.0 76.0 0.0
61.0 76.0 219.0 0.0
71.0 229.0 84.0 0.0
61.0 74.0 262.0 0.0
69.0 270.0 74.0 0.0
71.0 76.0 324.0 0.0
107.0 360.0 138.0 0.0
115.0 146.0 142.0 0.0
79.0 106.0 186.0 0.0
67.0 174.0 85.0 0.0
77.0 95.0 135.0 0.0
113.0 171.0 167.0 0.0
79.0 133.0 88.0 0.0
81.0 90.0 520.0 0.0
1.0 440.0 36.0 0.0
1.0 36.0 62.0 0.0
1.0 62.0 199.0 0.0
83.0 281.0 135.0 0.0
65.0 117.0 78.0 0.0
65.0 78.0 99.0 0.0
65.0 99.0 110.0 0.0
99.0 144.0 121.0 0.0
73.0 95.0 76.0 0.0
67.0 70.0 217.0 0.0
99.0 249.0 133.0 0.0
75.0 109.0 93.0 0.0
91.0 109.0 123.0 0.0
135.0 167.0 195.0 0.0
79.0 139.0 187.0 0.0
89.0 197.0 123.0 0.0
89.0 123.0 104.0 0.0
77.0 92.0 112.0 0.0
89.0 124.0 174.0 0.0
77.0 162.0 107.0 0.0
61.0 91.0 127.0 0.0
119.0 185.0 152.0 0.0
97.0 130.0 550.0 0.0
101.0 554.0 205.0 0.0
79.0 183.0 166.0 0.0
173.0 260.0 493.0 0.0
149.0 469.0 207.0 0.0
135.0 193.0 165.0 0.0
99.0 129.0 267.0 0.0
73.0 241.0 78.0 0.0
69.0 74.0 240.0 0.0
63.0 234.0 66.0 0.0
63.0 66.0 71.0 0.0
63.0 71.0 133.0 0.0
1.0 71.0 55.0 0.0
1.0 55.0 77.0 0.0
85.0 161.0 182.0 0.0
75.0 172.0 81.0 0.0
63.0 69.0 122.0 0.0
75.0 134.0 136.0 0.0
1.0 62.0 51.0 0.0
1.0 51.0 139.0 0.0
109.0 247.0 145.0 0.0
133.0 169.0 228.0 0.0
105.0 200.0 128.0 0.0
97.0 120.0 160.0 0.0
97.0 160.0 149.0 0.0
61.0 113.0 76.0 0.0
81.0 96.0 110.0 0.0
73.0 102.0 79.0 0.0
69.0 75.0 174.0 0.0
61.0 166.0 225.0 0.0
79.0 243.0 80.0 0.0
81.0 82.0 109.0 0.0
109.0 137.0 123.0 0.0
107.0 121.0 211.0 0.0
309.0 413.0 445.0 0.0
63.0 199.0 91.0 0.0
99.0 127.0 163.0 0.0
123.0 187.0 158.0 0.0
63.0 98.0 65.0 0.0
61.0 63.0 156.0 0.0
99.0 194.0 158.0 0.0
1.0 60.0 50.0 0.0
1.0 50.0 68.0 0.0
71.0 138.0 85.0 0.0
67.0 81.0 103.0 0.0
101.0 137.0 130.0 0.0
73.0 102.0 144.0 0.0
77.0 148.0 96.0 0.0
69.0 88.0 116.0 0.0
101.0 148.0 139.0 0.0
67.0 105.0 109.0 0.0
141.0 183.0 142.0 0.0
143.0 144.0 200.0 0.0
65.0 122.0 173.0 0.0
139.0 247.0 344.0 0.0
117.0 322.0 173.0 0.0
65.0 121.0 119.0 0.0
135.0 189.0 204.0 0.0
107.0 176.0 177.0 0.0
69.0 139.0 104.0 0.0
65.0 100.0 95.0 0.0
79.0 109.0 115.0 0.0
101.0 137.0 240.0 0.0
107.0 246.0 120.0 0.0
87.0 100.0 209.0 0.0
105.0 227.0 256.0 0.0
73.0 224.0 96.0 0.0
69.0 92.0 175.0 0.0
129.0 235.0 158.0 0.0
83.0 112.0 108.0 0.0
93.0 118.0 164.0 0.0
189.0 260.0 277.0 0.0
81.0 161.0 139.0 0.0
93.0 151.0 142.0 0.0
121.0 170.0 158.0 0.0
163.0 200.0 219.0 0.0
97.0 153.0 149.0 0.0
107.0 159.0 127.0 0.0
81.0 101.0 136.0 0.0
75.0 130.0 142.0 0.0
89.0 156.0 125.0 0.0
65.0 101.0 232.0 0.0
1.0 168.0 33.0 0.0
1.0 33.0 98.0 0.0
1.0 98.0 53.0 0.0
1.0 53.0 90.0 0.0
69.0 158.0 115.0 0.0
61.0 107.0 96.0 0.0
1.0 36.0 61.0 0.0
1.0 61.0 20.0 0.0
1.0 20.0 24.0 0.0
1.0 24.0 54.0 0.0
73.0 126.0 77.0 0.0
71.0 75.0 149.0 0.0
61.0 139.0 67.0 0.0
73.0 79.0 134.0 0.0
1.0 62.0 43.0 0.0
1.0 43.0 240.0 0.0
67.0 306.0 72.0 0.0
61.0 66.0 226.0 0.0
1.0 166.0 35.0 0.0
1.0 35.0 64.0 0.0
1.0 64.0 30.0 0.0
1.0 30.0 65.0 0.0
77.0 141.0 193.0 0.0
1.0 117.0 45.0 0.0
1.0 45.0 57.0 0.0
1.0 57.0 35.0 0.0
1.0 35.0 40.0 0.0
1.0 40.0 29.0 0.0
1.0 29.0 13.0 0.0
1.0 13.0 15.0 0.0
1.0 15.0 26.0 0.0
1.0 26.0 59.0 0.0
67.0 125.0 90.0 0.0
89.0 112.0 386.0 0.0
83.0 380.0 104.0 0.0
77.0 98.0 154.0 0.0
157.0 234.0 196.0 0.0
155.0 194.0 404.0 0.0
115.0 364.0 444.0 0.0
75.0 404.0 92.0 0.0
91.0 108.0 179.0 0.0
63.0 151.0 141.0 0.0
139.0 217.0 186.0 0.0
131.0 178.0 173.0 0.0
81.0 123.0 98.0 0.0
75.0 92.0 188.0 0.0
1.0 114.0 45.0 0.0
1.0 45.0 66.0 0.0
1.0 66.0 59.0 0.0
1.0 59.0 48.0 0.0
1.0 48.0 61.0 0.0
1.0 61.0 43.0 0.0
1.0 43.0 91.0 0.0
1.0 91.0 50.0 0.0
1.0 50.0 34.0 0.0
65.0 98.0 229.0 0.0
69.0 233.0 158.0 0.0
71.0 160.0 72.0 0.0
73.0 74.0 100.0 0.0
119.0 146.0 150.0 0.0
83.0 114.0 128.0 0.0
1.0 46.0 58.0 0.0
1.0 58.0 147.0 0.0
79.0 225.0 87.0 0.0
87.0 95.0 119.0 0.0
61.0 93.0 67.0 0.0
63.0 69.0 478.0 0.0
61.0 476.0 77.0 0.0
61.0 77.0 113.0 0.0
69.0 121.0 80.0 0.0
75.0 86.0 220.0 0.0
89.0 234.0 240.0 0.0
73.0 224.0 143.0 0.0
91.0 161.0 208.0 0.0
197.0 314.0 307.0 0.0
77.0 187.0 163.0 0.0
109.0 195.0 143.0 0.0
119.0 153.0 172.0 0.0
107.0 160.0 134.0 0.0
145.0 172.0 211.0 0.0
199.0 265.0 262.0 0.0
87.0 150.0 97.0 0.0
97.0 107.0 153.0 0.0
79.0 135.0 133.0 0.0
143.0 167.0 180.0 0.0
73.0 110.0 153.0 0.0
91.0 171.0 100.0 0.0
99.0 108.0 124.0 0.0
87.0 112.0 105.0 0.0
77.0 95.0 127.0 0.0
61.0 111.0 75.0 0.0
83.0 97.0 89.0 0.0
71.0 77.0 118.0 0.0
73.0 120.0 130.0 0.0
75.0 132.0 127.0 0.0
1.0 53.0 44.0 0.0
1.0 44.0 65.0 0.0
117.0 181.0 216.0 0.0
91.0 190.0 151.0 0.0
107.0 167.0 184.0 0.0
73.0 150.0 132.0 0.0
81.0 140.0 92.0 0.0
71.0 82.0 91.0 0.0
95.0 115.0 127.0 0.0
143.0 175.0 247.0 0.0
65.0 169.0 75.0 0.0
61.0 71.0 144.0 0.0
73.0 156.0 86.0 0.0
69.0 82.0 115.0 0.0
73.0 119.0 96.0 0.0
67.0 90.0 142.0 0.0
177.0 252.0 309.0 0.0
65.0 197.0 97.0 0.0
73.0 105.0 94.0 0.0
101.0 122.0 124.0 0.0
61.0 84.0 75.0 0.0
61.0 75.0 96.0 0.0
81.0 116.0 122.0 0.0
75.0 116.0 135.0 0.0
77.0 137.0 122.0 0.0
87.0 132.0 285.0 0.0
65.0 263.0 92.0 0.0
113.0 140.0 115.0 0.0
109.0 111.0 184.0 0.0
77.0 152.0 87.0 0.0
67.0 77.0 134.0 0.0
67.0 134.0 75.0 0.0
67.0 75.0 88.0 0.0
71.0 92.0 95.0 0.0
65.0 89.0 77.0 0.0
79.0 91.0 199.0 0.0
61.0 181.0 116.0 0.0
69.0 124.0 88.0 0.0
65.0 84.0 221.0 0.0
93.0 249.0 274.0 0.0
337.0 518.0 709.0 0.0
1.0 373.0 26.0 0.0
1.0 26.0 68.0 0.0
77.0 144.0 112.0 0.0
65.0 100.0 81.0 0.0
63.0 79.0 152.0 0.0
103.0 192.0 127.0 0.0
61.0 85.0 183.0 0.0
77.0 199.0 133.0 0.0
61.0 117.0 90.0 0.0
83.0 112.0 105.0 0.0
75.0 97.0 187.0 0.0
1.0 113.0 21.0 0.0
1.0 21.0 73.0 0.0
135.0 207.0 168.0 0.0
81.0 114.0 130.0 0.0
61.0 110.0 73.0 0.0
63.0 75.0 111.0 0.0
77.0 125.0 126.0 0.0
63.0 112.0 118.0 0.0
69.0 124.0 119.0 0.0
113.0 163.0 165.0 0.0
77.0 129.0 97.0 0.0
63.0 83.0 102.0 0.0
71.0 110.0 79.0 0.0
61.0 69.0 79.0 0.0
91.0 109.0 166.0 0.0
175.0 250.0 258.0 0.0
259.0 342.0 432.0 0.0
245.0 418.0 915.0 0.0
125.0 795.0 178.0 0.0
135.0 188.0 347.0 0.0
87.0 299.0 185.0 0.0
175.0 273.0 197.0 0.0
189.0 211.0 290.0 0.0
117.0 218.0 216.0 0.0
71.0 170.0 180.0 0.0
93.0 202.0 106.0 0.0
79.0 92.0 102.0 0.0
89.0 112.0 100.0 0.0
101.0 112.0 243.0 0.0
67.0 209.0 204.0 0.0
67.0 204.0 151.0 0.0
121.0 205.0 142.0 0.0
115.0 136.0 134.0 0.0
85.0 104.0 240.0 0.0
1.0 156.0 48.0 0.0
1.0 48.0 146.0 0.0
169.0 314.0 254.0 0.0
65.0 150.0 68.0 0.0
61.0 64.0 254.0 0.0
75.0 268.0 81.0 0.0
83.0 89.0 179.0 0.0
89.0 185.0 126.0 0.0
63.0 100.0 82.0 0.0
63.0 82.0 83.0 0.0
71.0 91.0 117.0 0.0
99.0 145.0 127.0 0.0
69.0 97.0 239.0 0.0
77.0 247.0 426.0 0.0
125.0 474.0 0.0 0.0
1.0 0.0 982.0 1.0
1.0 982.0 276.0 1.0
1.0 276.0 177.0 1.0
1.0 177.0 103.0 1.0
1.0 103.0 148.0 1.0
1.0 148.0 196.0 1.0
1.0 196.0 208.0 1.0
1.0 208.0 160.0 1.0
1.0 160.0 163.0 1.0
1.0 163.0 40.0 1.0
1.0 40.0 151.0 1.0
1.0 151.0 272.0 1.0
1.0 272.0 113.0 1.0
1.0 113.0 177.0 1.0
1.0 177.0 148.0 1.0
1.0 148.0 224.0 1.0
1.0 162.0 180.0 1.0
1.0 92.0 63.0 1.0
1.0 63.0 44.0 1.0
1.0 44.0 67.0 1.0
1.0 75.0 64.0 1.0
1.0 64.0 50.0 1.0
1.0 50.0 143.0 1.0
1.0 143.0 223.0 1.0
1.0 223.0 70.0 1.0
1.0 70.0 376.0 1.0
1.0 376.0 100.0 1.0
1.0 267.0 175.0 1.0
1.0 175.0 457.0 1.0
1.0 457.0 337.0 1.0
1.0 337.0 163.0 1.0
1.0 163.0 30.0 1.0
1.0 30.0 37.0 1.0
1.0 22.0 44.0 1.0
1.0 44.0 872.0 1.0
1.0 872.0 165.0 1.0
1.0 165.0 814.0 1.0
1.0 814.0 405.0 1.0
1.0 405.0 311.0 1.0
1.0 214.0 204.0 1.0
1.0 204.0 293.0 1.0
1.0 293.0 160.0 1.0
1.0 160.0 557.0 1.0
1.0 158.0 198.0 1.0
1.0 198.0 157.0 1.0
1.0 157.0 442.0 1.0
1.0 442.0 216.0 1.0
1.0 216.0 264.0 1.0
1.0 239.0 1338.0 1.0
1.0 761.0 289.0 1.0
1.0 289.0 299.0 1.0
1.0 299.0 71.0 1.0
1.0 113.0 139.0 1.0
1.0 139.0 256.0 1.0
1.0 139.0 45.0 1.0
1.0 45.0 34.0 1.0
1.0 34.0 121.0 1.0
1.0 121.0 36.0 1.0
1.0 36.0 57.0 1.0
1.0 131.0 109.0 1.0
1.0 109.0 129.0 1.0
1.0 113.0 60.0 1.0
1.0 60.0 105.0 1.0
1.0 85.0 40.0 1.0
1.0 40.0 44.0 1.0
1.0 44.0 49.0 1.0
1.0 68.0 127.0 1.0
1.0 127.0 35.0 1.0
1.0 90.0 87.0 1.0
1.0 59.0 71.0 1.0
1.0 71.0 61.0 1.0
1.0 61.0 31.0 1.0
1.0 83.0 23.0 1.0
1.0 23.0 27.0 1.0
1.0 21.0 113.0 1.0
1.0 113.0 62.0 1.0
1.0 157.0 111.0 1.0
1.0 80.0 95.0 1.0
1.0 95.0 69.0 1.0
1.0 69.0 203.0 1.0
1.0 203.0 49.0 1.0
1.0 49.0 178.0 1.0
1.0 178.0 117.0 1.0
1.0 117.0 92.0 1.0
1.0 72.0 62.0 1.0
1.0 62.0 89.0 1.0
1.0 89.0 420.0 1.0
1.0 420.0 148.0 1.0
1.0 148.0 173.0 1.0
1.0 173.0 103.0 1.0
1.0 103.0 79.0 1.0
1.0 79.0 47.0 1.0
1.0 47.0 126.0 1.0
1.0 126.0 105.0 1.0
1.0 105.0 42.0 1.0
1.0 42.0 68.0 1.0
1.0 68.0 80.0 1.0
1.0 80.0 85.0 1.0
1.0 85.0 76.0 1.0
1.0 76.0 82.0 1.0
1.0 82.0 104.0 1.0
1.0 104.0 58.0 1.0
1.0 58.0 42.0 1.0
1.0 42.0 68.0 1.0
2.0 251.0 809.0 1.0
1.0 808.0 143.0 1.0
1.0 172.0 383.0 1.0
1.0 383.0 74.0 1.0
1.0 74.0 141.0 1.0
1.0 141.0 301.0 1.0
1.0 301.0 54.0 1.0
1.0 54.0 134.0 1.0
1.0 134.0 86.0 1.0
1.0 86.0 79.0 1.0
1.0 91.0 69.0 1.0
1.0 69.0 143.0 1.0
1.0 143.0 252.0 1.0
1.0 252.0 199.0 1.0
1.0 199.0 48.0 1.0
1.0 48.0 90.0 1.0
1.0 90.0 142.0 1.0
1.0 85.0 53.0 1.0
1.0 92.0 45.0 1.0
1.0 45.0 65.0 1.0
1.0 65.0 30.0 1.0
1.0 30.0 53.0 1.0
1.0 43.0 30.0 1.0
1.0 30.0 25.0 1.0
1.0 25.0 49.0 1.0
1.0 49.0 95.0 1.0
1.0 95.0 94.0 1.0
1.0 278.0 27.0 1.0
1.0 27.0 48.0 1.0
1.0 48.0 109.0 1.0
1.0 109.0 228.0 1.0
1.0 228.0 107.0 1.0
1.0 280.0 268.0 1.0
1.0 268.0 143.0 1.0
1.0 113.0 55.0 1.0
1.0 55.0 205.0 1.0
1.0 205.0 47.0 1.0
1.0 37.0 108.0 1.0
1.0 48.0 157.0 1.0
1.0 157.0 38.0 1.0
1.0 38.0 104.0 1.0
1.0 104.0 189.0 1.0
1.0 189.0 40.0 1.0
1.0 40.0 108.0 1.0
1.0 108.0 62.0 1.0
1.0 62.0 122.0 1.0
1.0 122.0 56.0 1.0
1.0 56.0 53.0 1.0
1.0 53.0 83.0 1.0
1.0 83.0 57.0 1.0
1.0 57.0 154.0 1.0
1.0 154.0 90.0 1.0
1.0 90.0 111.0 1.0
1.0 111.0 107.0 1.0
1.0 91.0 185.0 1.0
1.0 68.0 72.0 1.0
1.0 72.0 97.0 1.0
1.0 97.0 160.0 1.0
1.0 160.0 60.0 1.0
1.0 60.0 74.0 1.0
1.0 74.0 164.0 1.0
1.0 164.0 208.0 1.0
1.0 208.0 85.0 1.0
1.0 85.0 101.0 1.0
1.0 101.0 297.0 1.0
1.0 297.0 251.0 1.0
1.0 251.0 356.0 1.0
1.0 356.0 325.0 1.0
1.0 325.0 388.0 1.0
1.0 388.0 237.0 1.0
1.0 237.0 249.0 1.0
1.0 249.0 236.0 1.0
1.0 236.0 383.0 1.0
1.0 383.0 166.0 1.0
1.0 166.0 133.0 1.0
1.0 133.0 149.0 1.0
1.0 149.0 173.0 1.0
1.0 79.0 144.0 1.0
1.0 144.0 194.0 1.0
1.0 194.0 207.0 1.0
1.0 207.0 281.0 1.0
1.0 281.0 606.0 1.0
1.0 606.0 291.0 1.0
1.0 291.0 174.0 1.0
1.0 174.0 291.0 1.0
1.0 161.0 323.0 1.0
1.0 323.0 164.0 1.0
1.0 164.0 199.0 1.0
1.0 199.0 291.0 1.0
1.0 291.0 550.0 1.0
1.0 550.0 116.0 1.0
1.0 116.0 98.0 1.0
1.0 98.0 123.0 1.0
1.0 123.0 95.0 1.0
1.0 95.0 67.0 1.0
1.0 155.0 167.0 1.0
1.0 167.0 127.0 1.0
1.0 59.0 66.0 1.0
1.0 66.0 200.0 1.0
1.0 200.0 118.0 1.0
1.0 41.0 174.0 1.0
1.0 174.0 89.0 1.0
1.0 95.0 67.0 1.0
1.0 56.0 69.0 1.0
1.0 35.0 86.0 1.0
1.0 76.0 145.0 1.0
1.0 145.0 1034.0 1.0
1.0 1034.0 92.0 1.0
1.0 92.0 81.0 1.0
1.0 81.0 92.0 1.0
1.0 92.0 2067.0 1.0
1.0 2067.0 34.0 1.0
1.0 90.0 160.0 1.0
1.0 160.0 90.0 1.0
1.0 90.0 298.0 1.0
1.0 298.0 101.0 1.0
1.0 101.0 25.0 1.0
1.0 25.0 122.0 1.0
1.0 54.0 71.0 1.0
1.0 71.0 19.0 1.0
1.0 19.0 36.0 1.0
1.0 36.0 103.0 1.0
1.0 103.0 266.0 1.0
1.0 266.0 134.0 1.0
1.0 134.0 123.0 1.0
1.0 123.0 148.0 1.0
1.0 148.0 186.0 1.0
1.0 186.0 68.0 1.0
1.0 160.0 186.0 1.0
1.0 186.0 137.0 1.0
1.0 137.0 601.0 1.0
1.0 601.0 78.0 1.0
1.0 78.0 137.0 1.0
1.0 137.0 99.0 1.0
1.0 99.0 140.0 1.0
1.0 140.0 51.0 1.0
1.0 51.0 24.0 1.0
1.0 24.0 50.0 1.0
1.0 50.0 105.0 1.0
1.0 105.0 46.0 1.0
1.0 46.0 162.0 1.0
1.0 162.0 124.0 1.0
1.0 124.0 99.0 1.0
1.0 99.0 78.0 1.0
1.0 78.0 106.0 1.0
1.0 106.0 96.0 1.0
1.0 96.0 51.0 1.0
1.0 51.0 122.0 1.0
1.0 122.0 206.0 1.0
1.0 206.0 157.0 1.0
1.0 157.0 66.0 1.0
1.0 66.0 131.0 1.0
1.0 131.0 60.0 1.0
1.0 60.0 84.0 1.0
1.0 84.0 67.0 1.0
1.0 67.0 214.0 1.0
1.0 214.0 73.0 1.0
1.0 73.0 122.0 1.0
1.0 122.0 91.0 1.0
1.0 91.0 152.0 1.0
1.0 152.0 259.0 1.0
1.0 259.0 43.0 1.0
1.0 61.0 96.0 1.0
1.0 96.0 99.0 1.0
1.0 99.0 85.0 1.0
1.0 85.0 142.0 1.0
1.0 142.0 710.0 1.0
1.0 710.0 275.0 1.0
1.0 275.0 322.0 1.0
1.0 385.0 155.0 1.0
1.0 197.0 374.0 1.0
1.0 374.0 184.0 1.0
1.0 184.0 137.0 1.0
1.0 383.0 180.0 1.0
1.0 180.0 221.0 1.0
1.0 221.0 264.0 1.0
1.0 264.0 161.0 1.0
1.0 161.0 133.0 1.0
1.0 133.0 329.0 1.0
1.0 329.0 359.0 1.0
1.0 359.0 178.0 1.0
1.0 178.0 100.0 1.0
1.0 100.0 90.0 1.0
1.0 90.0 126.0 1.0
1.0 126.0 129.0 1.0
1.0 129.0 502.0 1.0
1.0 502.0 135.0 1.0
1.0 135.0 349.0 1.0
1.0 349.0 140.0 1.0
1.0 140.0 91.0 1.0
1.0 91.0 48.0 1.0
1.0 48.0 48.0 1.0
1.0 48.0 42.0 1.0
1.0 42.0 48.0 1.0
1.0 48.0 78.0 1.0
1.0 78.0 61.0 1.0
1.0 61.0 393.0 1.0
1.0 393.0 167.0 1.0
1.0 167.0 219.0 1.0
1.0 219.0 188.0 1.0
1.0 188.0 213.0 1.0
1.0 213.0 159.0 1.0
1.0 159.0 224.0 1.0
1.0 224.0 240.0 1.0
1.0 240.0 321.0 1.0
1.0 321.0 117.0 1.0
1.0 117.0 198.0 1.0
1.0 198.0 351.0 1.0
1.0 351.0 414.0 1.0
1.0 414.0 152.0 1.0
1.0 152.0 257.0 1.0
1.0 257.0 291.0 1.0
1.0 291.0 171.0 1.0
1.0 171.0 87.0 1.0
1.0 87.0 102.0 1.0
1.0 102.0 100.0 1.0
1.0 125.0 142.0 1.0
1.0 142.0 202.0 1.0
1.0 202.0 169.0 1.0
1.0 169.0 291.0 1.0
1.0 291.0 125.0 1.0
1.0 125.0 90.0 1.0
1.0 90.0 158.0 1.0
1.0 158.0 119.0 1.0
1.0 268.0 222.0 1.0
1.0 222.0 329.0 1.0
1.0 329.0 101.0 1.0
1.0 101.0 108.0 1.0
1.0 108.0 68.0 1.0
1.0 68.0 73.0 1.0
1.0 73.0 50.0 1.0
1.0 50.0 86.0 1.0
1.0 86.0 50.0 1.0
1.0 50.0 56.0 1.0
1.0 56.0 41.0 1.0
1.0 41.0 53.0 1.0
1.0 53.0 22.0 1.0
1.0 22.0 319.0 1.0
1.0 319.0 83.0 1.0
1.0 83.0 48.0 1.0
1.0 48.0 45.0 1.0
1.0 45.0 55.0 1.0
1.0 55.0 102.0 1.0
1.0 53.0 119.0 1.0
1.0 119.0 88.0 1.0
1.0 88.0 24.0 1.0
1.0 24.0 39.0 1.0
1.0 39.0 52.0 1.0
1.0 33.0 42.0 1.0
1.0 36.0 51.0 1.0
1.0 85.0 26.0 1.0
1.0 26.0 16.0 1.0
1.0 32.0 56.0 1.0
1.0 24.0 231.0 1.0
1.0 231.0 65.0 1.0
1.0 65.0 59.0 1.0
1.0 59.0 159.0 1.0
1.0 159.0 101.0 1.0
1.0 101.0 114.0 1.0
1.0 119.0 265.0 1.0
1.0 265.0 121.0 1.0
1.0 121.0 167.0 1.0
1.0 167.0 101.0 1.0
1.0 101.0 95.0 1.0
1.0 95.0 180.0 1.0
1.0 180.0 146.0 1.0
1.0 146.0 65.0 1.0
1.0 65.0 147.0 1.0
1.0 147.0 201.0 1.0
1.0 201.0 219.0 1.0
1.0 219.0 533.0 1.0
1.0 224.0 162.0 0.0
1.0 180.0 114.0 0.0
1.0 114.0 92.0 0.0
1.0 67.0 180.0 0.0
1.0 180.0 75.0 0.0
1.0 100.0 154.0 0.0
1.0 154.0 267.0 0.0
1.0 37.0 17.0 0.0
1.0 17.0 22.0 0.0
1.0 311.0 214.0 0.0
1.0 557.0 158.0 0.0
1.0 264.0 239.0 0.0
1.0 1338.0 761.0 0.0
1.0 71.0 113.0 0.0
1.0 256.0 139.0 0.0
1.0 57.0 131.0 0.0
1.0 129.0 113.0 0.0
1.0 105.0 85.0 0.0
1.0 49.0 68.0 0.0
2.0 36.0 91.0 0.0
1.0 87.0 59.0 0.0
1.0 31.0 83.0 0.0
1.0 27.0 21.0 0.0
1.0 62.0 99.0 0.0
1.0 99.0 157.0 0.0
1.0 111.0 80.0 0.0
1.0 92.0 72.0 0.0
1.0 68.0 250.0 0.0
1.0 143.0 172.0 0.0
1.0 79.0 91.0 0.0
1.0 142.0 85.0 0.0
1.0 53.0 92.0 0.0
1.0 53.0 37.0 0.0
1.0 37.0 30.0 0.0
1.0 30.0 43.0 0.0
1.0 94.0 278.0 0.0
1.0 107.0 59.0 0.0
1.0 59.0 130.0 0.0
1.0 130.0 280.0 0.0
1.0 143.0 113.0 0.0
1.0 47.0 37.0 0.0
1.0 108.0 48.0 0.0
1.0 107.0 91.0 0.0
1.0 185.0 68.0 0.0
1.0 173.0 133.0 0.0
1.0 133.0 66.0 0.0
1.0 66.0 79.0 0.0
1.0 291.0 161.0 0.0
1.0 67.0 155.0 0.0
1.0 127.0 59.0 0.0
1.0 118.0 41.0 0.0
1.0 89.0 95.0 0.0
1.0 67.0 56.0 0.0
1.0 69.0 35.0 0.0
1.0 86.0 112.0 0.0
1.0 112.0 76.0 0.0
1.0 34.0 36.0 0.0
1.0 36.0 90.0 0.0
1.0 122.0 54.0 0.0
1.0 68.0 77.0 0.0
1.0 77.0 104.0 0.0
1.0 104.0 160.0 0.0
1.0 43.0 366.0 0.0
1.0 366.0 61.0 0.0
1.0 322.0 385.0 0.0
1.0 155.0 197.0 0.0
1.0 137.0 383.0 0.0
1.0 100.0 125.0 0.0
1.0 119.0 113.0 0.0
1.0 113.0 268.0 0.0
1.0 102.0 75.0 0.0
1.0 75.0 53.0 0.0
1.0 52.0 81.0 0.0
1.0 81.0 30.0 0.0
1.0 30.0 33.0 0.0
1.0 42.0 36.0 0.0
1.0 51.0 28.0 0.0
1.0 28.0 85.0 0.0
1.0 16.0 32.0 0.0
1.0 56.0 36.0 0.0
1.0 36.0 73.0 0.0
1.0 73.0 24.0 0.0
1.0 114.0 119.0 0.0
55.0 587.0 0.0 0.0
1.0 100.0 40.0 1.0
1.0 40.0 103.0 1.0
1.0 33.0 44.0 1.0
1.0 44.0 34.0 1.0
1.0 34.0 50.0 1.0
1.0 50.0 87.0 1.0
37.0 191.0 125.0 1.0
51.0 198.0 163.0 1.0
1.0 113.0 30.0 1.0
1.0 30.0 37.0 1.0
1.0 22.0 44.0 1.0
1.0 44.0 800.0 1.0
47.0 139.0 163.0 1.0
1.0 87.0 45.0 1.0
1.0 45.0 34.0 1.0
1.0 34.0 121.0 1.0
1.0 121.0 36.0 1.0
1.0 36.0 57.0 1.0
1.0 57.0 80.0 1.0
1.0 70.0 60.0 1.0
1.0 60.0 64.0 1.0
1.0 44.0 40.0 1.0
1.0 40.0 44.0 1.0
1.0 44.0 49.0 1.0
1.0 97.0 35.0 1.0
1.0 35.0 56.0 1.0
1.0 53.0 59.0 1.0
1.0 59.0 71.0 1.0
1.0 71.0 61.0 1.0
1.0 61.0 31.0 1.0
1.0 31.0 83.0 1.0
1.0 83.0 23.0 1.0
1.0 23.0 27.0 1.0
1.0 27.0 21.0 1.0
1.0 21.0 113.0 1.0
1.0 113.0 62.0 1.0
1.0 62.0 50.0 1.0
1.0 169.0 49.0 1.0
1.0 49.0 142.0 1.0
1.0 37.0 62.0 1.0
1.0 41.0 47.0 1.0
1.0 47.0 85.0 1.0
1.0 64.0 42.0 1.0
1.0 42.0 38.0 1.0
1.0 66.0 58.0 1.0
1.0 58.0 42.0 1.0
1.0 42.0 38.0 1.0
1.0 252.0 54.0 1.0
1.0 54.0 99.0 1.0
36.0 51.0 49.0 1.0
1.0 118.0 48.0 1.0
1.0 48.0 59.0 1.0
1.0 53.0 53.0 1.0
1.0 53.0 92.0 1.0
1.0 92.0 45.0 1.0
1.0 45.0 65.0 1.0
1.0 65.0 30.0 1.0
1.0 30.0 53.0 1.0
1.0 53.0 37.0 1.0
1.0 43.0 30.0 1.0
1.0 30.0 25.0 1.0
1.0 25.0 49.0 1.0
1.0 49.0 65.0 1.0
1.0 246.0 27.0 1.0
1.0 27.0 48.0 1.0
1.0 48.0 56.0 1.0
1.0 69.0 55.0 1.0
1.0 55.0 205.0 1.0
1.0 205.0 47.0 1.0
1.0 37.0 108.0 1.0
1.0 108.0 48.0 1.0
1.0 48.0 157.0 1.0
1.0 157.0 38.0 1.0
1.0 38.0 64.0 1.0
1.0 149.0 40.0 1.0
1.0 40.0 108.0 1.0
1.0 108.0 62.0 1.0
1.0 62.0 122.0 1.0
1.0 122.0 56.0 1.0
1.0 56.0 53.0 1.0
1.0 53.0 83.0 1.0
1.0 83.0 57.0 1.0
1.0 57.0 122.0 1.0
1.0 129.0 60.0 1.0
1.0 60.0 39.0 1.0
58.0 173.0 154.0 1.0
59.0 162.0 127.0 1.0
38.0 500.0 261.0 1.0
41.0 483.0 83.0 1.0
34.0 76.0 68.0 1.0
34.0 50.0 36.0 1.0
32.0 34.0 117.0 1.0
39.0 124.0 113.0 1.0
1.0 59.0 34.0 1.0
1.0 66.0 41.0 1.0
1.0 41.0 141.0 1.0
1.0 35.0 56.0 1.0
1.0 56.0 69.0 1.0
1.0 35.0 55.0 1.0
1.0 2027.0 34.0 1.0
1.0 34.0 36.0 1.0
1.0 36.0 51.0 1.0
37.0 121.0 51.0 1.0
43.0 259.0 101.0 1.0
1.0 59.0 25.0 1.0
1.0 25.0 122.0 1.0
1.0 54.0 71.0 1.0
1.0 71.0 19.0 1.0
1.0 19.0 36.0 1.0
1.0 36.0 53.0 1.0
51.0 103.0 210.0 1.0
38.0 75.0 93.0 1.0
1.0 97.0 51.0 1.0
1.0 51.0 24.0 1.0
1.0 24.0 50.0 1.0
1.0 50.0 105.0 1.0
1.0 105.0 46.0 1.0
1.0 46.0 107.0 1.0
47.0 69.0 68.0 1.0
37.0 47.0 67.0 1.0
1.0 51.0 69.0 1.0
1.0 100.0 60.0 1.0
1.0 60.0 53.0 1.0
53.0 116.0 259.0 1.0
1.0 207.0 43.0 1.0
1.0 43.0 366.0 1.0
1.0 61.0 55.0 1.0
74.0 215.0 130.0 1.0
41.0 52.0 50.0 1.0
1.0 46.0 48.0 1.0
1.0 48.0 48.0 1.0
1.0 48.0 42.0 1.0
1.0 42.0 48.0 1.0
1.0 48.0 78.0 1.0
1.0 78.0 61.0 1.0
1.0 61.0 335.0 1.0
71.0 109.0 151.0 1.0
33.0 227.0 78.0 1.0
33.0 269.0 119.0 1.0
33.0 224.0 88.0 1.0
1.0 43.0 50.0 1.0
1.0 50.0 86.0 1.0
1.0 86.0 50.0 1.0
1.0 50.0 56.0 1.0
1.0 56.0 41.0 1.0
1.0 41.0 53.0 1.0
1.0 53.0 22.0 1.0
1.0 22.0 282.0 1.0
1.0 46.0 48.0 1.0
1.0 48.0 45.0 1.0
1.0 45.0 55.0 1.0
1.0 55.0 71.0 1.0
1.0 53.0 77.0 1.0
1.0 46.0 24.0 1.0
1.0 24.0 39.0 1.0
1.0 39.0 52.0 1.0
1.0 33.0 42.0 1.0
1.0 42.0 36.0 1.0
1.0 36.0 51.0 1.0
1.0 85.0 26.0 1.0
1.0 26.0 16.0 1.0
1.0 16.0 32.0 1.0
1.0 32.0 56.0 1.0
1.0 24.0 200.0 1.0
1.0 34.0 59.0 1.0
1.0 59.0 127.0 1.0
130.0 467.0 0.0 1.0
101.0 0.0 873.0 0.0
110.0 882.0 206.0 0.0
71.0 167.0 129.0 0.0
49.0 107.0 56.0 0.0
48.0 55.0 98.0 0.0
51.0 101.0 118.0 0.0
79.0 146.0 140.0 0.0
69.0 130.0 97.0 0.0
64.0 92.0 163.0 0.0
49.0 151.0 228.0 0.0
45.0 224.0 67.0 0.0
47.0 69.0 109.0 0.0
69.0 131.0 91.0 0.0
58.0 80.0 188.0 0.0
37.0 167.0 82.0 0.0
81.0 126.0 128.0 0.0
53.0 100.0 81.0 0.0
34.0 62.0 62.0 0.0
31.0 59.0 63.0 0.0
34.0 67.0 143.0 0.0
38.0 147.0 45.0 0.0
31.0 38.0 64.0 0.0
57.0 143.0 191.0 0.0
33.0 167.0 37.0 0.0
34.0 38.0 334.0 0.0
43.0 343.0 57.0 0.0
44.0 58.0 78.0 0.0
77.0 111.0 231.0 0.0
51.0 139.0 318.0 0.0
140.0 407.0 287.0 0.0
1.0 37.0 17.0 0.0
1.0 17.0 22.0 0.0
73.0 872.0 119.0 0.0
47.0 93.0 689.0 0.0
126.0 768.0 253.0 0.0
153.0 280.0 262.0 0.0
50.0 159.0 124.0 0.0
91.0 165.0 166.0 0.0
39.0 114.0 258.0 0.0
36.0 255.0 125.0 0.0
36.0 125.0 522.0 0.0
36.0 522.0 101.0 0.0
58.0 123.0 162.0 0.0
37.0 141.0 80.0 0.0
78.0 121.0 365.0 0.0
78.0 365.0 170.0 0.0
102.0 218.0 202.0 0.0
38.0 138.0 1158.0 0.0
181.0 1301.0 660.0 0.0
102.0 581.0 188.0 0.0
102.0 188.0 267.0 0.0
33.0 198.0 36.0 0.0
36.0 39.0 80.0 0.0
34.0 78.0 83.0 0.0
57.0 106.0 204.0 0.0
53.0 200.0 139.0 0.0
52.0 131.0 55.0 0.0
55.0 58.0 86.0 0.0
44.0 75.0 113.0 0.0
42.0 105.0 85.0 0.0
1.0 49.0 38.0 0.0
31.0 68.0 127.0 0.0
35.0 90.0 87.0 0.0
50.0 99.0 118.0 0.0
40.0 108.0 76.0 0.0
36.0 72.0 49.0 0.0
32.0 45.0 61.0 0.0
35.0 64.0 35.0 0.0
35.0 35.0 203.0 0.0
37.0 178.0 83.0 0.0
35.0 81.0 57.0 0.0
36.0 58.0 72.0 0.0
1.0 62.0 52.0 0.0
38.0 89.0 376.0 0.0
45.0 383.0 112.0 0.0
37.0 104.0 132.0 0.0
42.0 137.0 65.0 0.0
39.0 62.0 79.0 0.0
42.0 126.0 105.0 0.0
31.0 68.0 46.0 0.0
35.0 50.0 52.0 0.0
34.0 51.0 40.0 0.0
37.0 43.0 44.0 0.0
39.0 46.0 104.0 0.0
31.0 68.0 143.0 0.0
108.0 220.0 761.0 0.0
48.0 701.0 112.0 0.0
32.0 96.0 131.0 0.0
42.0 141.0 351.0 0.0
33.0 342.0 39.0 0.0
36.0 42.0 92.0 0.0
50.0 106.0 301.0 0.0
36.0 134.0 51.0 0.0
31.0 44.0 60.0 0.0
32.0 61.0 38.0 0.0
32.0 38.0 77.0 0.0
67.0 112.0 171.0 0.0
82.0 186.0 199.0 0.0
32.0 90.0 110.0 0.0
33.0 111.0 85.0 0.0
1.0 37.0 30.0 0.0
1.0 30.0 43.0 0.0
31.0 95.0 62.0 0.0
33.0 64.0 278.0 0.0
54.0 109.0 182.0 0.0
47.0 175.0 107.0 0.0
1.0 61.0 59.0 0.0
1.0 59.0 87.0 0.0
44.0 130.0 202.0 0.0
79.0 237.0 212.0 0.0
57.0 190.0 99.0 0.0
45.0 87.0 113.0 0.0
1.0 47.0 37.0 0.0
41.0 104.0 189.0 0.0
33.0 154.0 55.0 0.0
36.0 58.0 72.0 0.0
40.0 76.0 67.0 0.0
41.0 68.0 59.0 0.0
33.0 51.0 155.0 0.0
31.0 153.0 37.0 0.0
32.0 38.0 41.0 0.0
32.0 41.0 66.0 0.0
32.0 66.0 160.0 0.0
36.0 74.0 129.0 0.0
36.0 129.0 174.0 0.0
35.0 173.0 48.0 0.0
38.0 51.0 58.0 0.0
44.0 64.0 205.0 0.0
93.0 254.0 144.0 0.0
108.0 159.0 213.0 0.0
144.0 249.0 189.0 0.0
137.0 182.0 324.0 0.0
65.0 252.0 180.0 0.0
96.0 192.0 192.0 0.0
45.0 141.0 331.0 0.0
53.0 339.0 109.0 0.0
58.0 114.0 96.0 0.0
38.0 76.0 101.0 0.0
49.0 112.0 112.0 0.0
62.0 125.0 101.0 0.0
33.0 72.0 34.0 0.0
33.0 34.0 45.0 0.0
35.0 47.0 112.0 0.0
33.0 110.0 136.0 0.0
81.0 149.0 175.0 0.0
107.0 201.0 569.0 0.0
31.0 254.0 131.0 0.0
44.0 144.0 242.0 0.0
50.0 248.0 118.0 0.0
44.0 112.0 244.0 0.0
80.0 280.0 126.0 0.0
39.0 85.0 137.0 0.0
63.0 161.0 224.0 0.0
68.0 229.0 510.0 0.0
31.0 65.0 78.0 0.0
46.0 93.0 62.0 0.0
55.0 129.0 127.0 0.0
1.0 73.0 59.0 0.0
33.0 66.0 148.0 0.0
53.0 168.0 118.0 0.0
34.0 174.0 51.0 0.0
39.0 56.0 63.0 0.0
33.0 57.0 67.0 0.0
1.0 69.0 35.0 0.0
32.0 86.0 76.0 0.0
37.0 81.0 46.0 0.0
31.0 40.0 88.0 0.0
58.0 115.0 1004.0 0.0
31.0 977.0 55.0 0.0
38.0 62.0 50.0 0.0
32.0 44.0 52.0 0.0
41.0 61.0 2067.0 0.0
40.0 90.0 124.0 0.0
40.0 54.0 256.0 0.0
1.0 122.0 54.0 0.0
57.0 216.0 86.0 0.0
49.0 78.0 86.0 0.0
56.0 111.0 156.0 0.0
31.0 131.0 36.0 0.0
33.0 38.0 45.0 0.0
33.0 45.0 55.0 0.0
50.0 72.0 101.0 0.0
60.0 111.0 133.0 0.0
54.0 127.0 102.0 0.0
36.0 84.0 565.0 0.0
37.0 566.0 47.0 0.0
32.0 42.0 100.0 0.0
38.0 106.0 56.0 0.0
44.0 62.0 140.0 0.0
56.0 162.0 78.0 0.0
32.0 53.0 42.0 0.0
40.0 70.0 96.0 0.0
1.0 57.0 51.0 0.0
54.0 122.0 155.0 0.0
52.0 153.0 127.0 0.0
31.0 106.0 35.0 0.0
32.0 36.0 131.0 0.0
32.0 84.0 37.0 0.0
31.0 36.0 180.0 0.0
35.0 184.0 38.0 0.0
36.0 39.0 89.0 0.0
34.0 87.0 55.0 0.0
37.0 58.0 100.0 0.0
1.0 366.0 61.0 0.0
42.0 96.0 58.0 0.0
42.0 58.0 45.0 0.0
41.0 44.0 103.0 0.0
40.0 102.0 650.0 0.0
61.0 671.0 232.0 0.0
44.0 215.0 255.0 0.0
68.0 279.0 339.0 0.0
47.0 318.0 113.0 0.0
43.0 109.0 145.0 0.0
53.0 155.0 306.0 0.0
69.0 322.0 145.0 0.0
40.0 116.0 103.0 0.0
35.0 98.0 342.0 0.0
42.0 349.0 101.0 0.0
80.0 139.0 111.0 0.0
111.0 142.0 203.0 0.0
62.0 154.0 102.0 0.0
60.0 100.0 67.0 0.0
67.0 74.0 185.0 0.0
145.0 263.0 286.0 0.0
49.0 105.0 60.0 0.0
41.0 50.0 76.0 0.0
51.0 86.0 79.0 0.0
51.0 79.0 463.0 0.0
40.0 452.0 77.0 0.0
59.0 96.0 315.0 0.0
35.0 291.0 95.0 0.0
46.0 106.0 91.0 0.0
59.0 393.0 97.0 0.0
69.0 149.0 123.0 0.0
66.0 120.0 146.0 0.0
68.0 148.0 126.0 0.0
34.0 92.0 149.0 0.0
76.0 191.0 146.0 0.0
95.0 165.0 289.0 0.0
40.0 85.0 109.0 0.0
90.0 159.0 206.0 0.0
146.0 262.0 382.0 0.0
34.0 120.0 180.0 0.0
78.0 224.0 208.0 0.0
84.0 214.0 137.0 0.0
35.0 88.0 56.0 0.0
32.0 53.0 70.0 0.0
33.0 71.0 51.0 0.0
50.0 68.0 63.0 0.0
63.0 76.0 88.0 0.0
55.0 80.0 143.0 0.0
60.0 148.0 102.0 0.0
68.0 110.0 259.0 0.0
38.0 93.0 46.0 0.0
45.0 53.0 103.0 0.0
56.0 114.0 71.0 0.0
49.0 64.0 63.0 0.0
51.0 65.0 214.0 0.0
55.0 218.0 151.0 0.0
72.0 168.0 280.0 0.0
50.0 258.0 56.0 0.0
46.0 52.0 77.0 0.0
32.0 63.0 38.0 0.0
31.0 37.0 73.0 0.0
38.0 319.0 83.0 0.0
32.0 102.0 75.0 0.0
1.0 44.0 53.0 0.0
43.0 119.0 88.0 0.0
1.0 52.0 81.0 0.0
1.0 81.0 30.0 0.0
1.0 30.0 33.0 0.0
1.0 51.0 28.0 0.0
1.0 28.0 85.0 0.0
1.0 56.0 36.0 0.0
1.0 36.0 73.0 0.0
1.0 73.0 24.0 0.0
32.0 231.0 65.0 0.0
33.0 159.0 55.0 0.0
47.0 69.0 64.0 0.0
51.0 68.0 84.0 0.0
36.0 69.0 234.0 0.0
32.0 230.0 84.0 0.0
38.0 90.0 123.0 0.0
45.0 130.0 57.0 0.0
45.0 57.0 49.0 0.0
47.0 51.0 117.0 0.0
64.0 134.0 114.0 0.0
33.0 83.0 35.0 0.0
31.0 33.0 94.0 0.0
54.0 117.0 124.0 0.0
78.0 148.0 153.0 0.0
67.0 142.0 404.0 0.0
318.0 0.0 923.0 0.0
279.0 884.0 351.0 0.0
102.0 174.0 170.0 0.0
126.0 194.0 134.0 0.0
82.0 90.0 130.0 0.0
122.0 170.0 189.0 0.0
118.0 185.0 214.0 0.0
120.0 216.0 147.0 0.0
130.0 157.0 158.0 0.0
81.0 109.0 120.0 0.0
59.0 98.0 117.0 0.0
126.0 184.0 200.0 0.0
149.0 223.0 171.0 0.0
111.0 133.0 161.0 0.0
121.0 171.0 138.0 0.0
109.0 126.0 199.0 0.0
153.0 243.0 181.0 0.0
168.0 196.0 186.0 0.0
122.0 140.0 133.0 0.0
89.0 100.0 115.0 0.0
64.0 90.0 65.0 0.0
31.0 32.0 74.0 0.0
31.0 74.0 36.0 0.0
103.0 108.0 145.0 0.0
102.0 144.0 105.0 0.0
67.0 70.0 69.0 0.0
32.0 34.0 81.0 0.0
37.0 86.0 113.0 0.0
89.0 165.0 190.0 0.0
99.0 200.0 99.0 0.0
207.0 207.0 248.0 0.0
211.0 252.0 214.0 0.0
107.0 110.0 158.0 0.0
125.0 176.0 234.0 0.0
157.0 266.0 193.0 0.0
240.0 276.0 313.0 0.0
272.0 345.0 382.0 0.0
190.0 300.0 269.0 0.0
53.0 132.0 82.0 0.0
1.0 30.0 37.0 0.0
1.0 37.0 17.0 0.0
1.0 17.0 22.0 0.0
1.0 22.0 44.0 0.0
57.0 100.0 719.0 0.0
210.0 872.0 270.0 0.0
108.0 168.0 811.0 0.0
171.0 874.0 390.0 0.0
140.0 359.0 308.0 0.0
126.0 294.0 195.0 0.0
180.0 249.0 196.0 0.0
187.0 203.0 315.0 0.0
133.0 261.0 198.0 0.0
245.0 310.0 379.0 0.0
265.0 399.0 314.0 0.0
127.0 176.0 218.0 0.0
114.0 205.0 163.0 0.0
68.0 117.0 415.0 0.0
103.0 450.0 202.0 0.0
206.0 305.0 221.0 0.0
178.0 193.0 304.0 0.0
126.0 252.0 1227.0 0.0
233.0 1334.0 752.0 0.0
273.0 792.0 388.0 0.0
162.0 277.0 287.0 0.0
118.0 243.0 124.0 0.0
67.0 73.0 94.0 0.0
108.0 135.0 148.0 0.0
75.0 115.0 217.0 0.0
123.0 265.0 150.0 0.0
70.0 97.0 114.0 0.0
1.0 45.0 34.0 0.0
49.0 82.0 77.0 0.0
45.0 73.0 80.0 0.0
1.0 36.0 57.0 0.0
55.0 111.0 74.0 0.0
110.0 129.0 136.0 0.0
74.0 100.0 116.0 0.0
98.0 140.0 118.0 0.0
39.0 59.0 98.0 0.0
33.0 92.0 53.0 0.0
84.0 104.0 98.0 0.0
40.0 54.0 79.0 0.0
1.0 40.0 44.0 0.0
1.0 44.0 49.0 0.0
32.0 80.0 34.0 0.0
85.0 87.0 108.0 0.0
54.0 77.0 88.0 0.0
45.0 79.0 54.0 0.0
71.0 80.0 92.0 0.0
32.0 53.0 90.0 0.0
34.0 92.0 36.0 0.0
36.0 38.0 96.0 0.0
1.0 61.0 31.0 0.0
41.0 71.0 45.0 0.0
39.0 43.0 61.0 0.0
1.0 23.0 27.0 0.0
1.0 27.0 21.0 0.0
50.0 70.0 73.0 0.0
136.0 159.0 153.0 0.0
101.0 118.0 153.0 0.0
102.0 154.0 119.0 0.0
85.0 102.0 92.0 0.0
65.0 72.0 88.0 0.0
72.0 95.0 77.0 0.0
92.0 97.0 189.0 0.0
46.0 143.0 94.0 0.0
38.0 86.0 129.0 0.0
91.0 182.0 131.0 0.0
82.0 122.0 93.0 0.0
68.0 79.0 73.0 0.0
65.0 70.0 65.0 0.0
63.0 63.0 83.0 0.0
229.0 249.0 302.0 0.0
229.0 302.0 238.0 0.0
106.0 115.0 166.0 0.0
107.0 167.0 127.0 0.0
82.0 102.0 89.0 0.0
38.0 45.0 84.0 0.0
42.0 88.0 88.0 0.0
83.0 129.0 103.0 0.0
41.0 61.0 82.0 0.0
31.0 72.0 34.0 0.0
65.0 68.0 79.0 0.0
68.0 82.0 83.0 0.0
74.0 89.0 80.0 0.0
72.0 78.0 77.0 0.0
84.0 89.0 92.0 0.0
51.0 59.0 108.0 0.0
1.0 58.0 42.0 0.0
34.0 75.0 35.0 0.0
154.0 155.0 200.0 0.0
227.0 273.0 646.0 0.0
286.0 705.0 327.0 0.0
128.0 169.0 198.0 0.0
122.0 192.0 381.0 0.0
68.0 327.0 77.0 0.0
79.0 88.0 128.0 0.0
114.0 163.0 250.0 0.0
99.0 235.0 152.0 0.0
60.0 113.0 94.0 0.0
82.0 116.0 87.0 0.0
78.0 83.0 81.0 0.0
71.0 74.0 95.0 0.0
68.0 92.0 70.0 0.0
97.0 99.0 122.0 0.0
89.0 114.0 179.0 0.0
226.0 316.0 239.0 0.0
87.0 100.0 134.0 0.0
44.0 91.0 54.0 0.0
108.0 118.0 142.0 0.0
70.0 104.0 79.0 0.0
43.0 52.0 95.0 0.0
32.0 84.0 53.0 0.0
40.0 61.0 84.0 0.0
32.0 76.0 34.0 0.0
32.0 34.0 61.0 0.0
1.0 30.0 53.0 0.0
1.0 53.0 37.0 0.0
1.0 37.0 30.0 0.0
1.0 30.0 43.0 0.0
1.0 43.0 30.0 0.0
1.0 30.0 25.0 0.0
1.0 25.0 49.0 0.0
33.0 81.0 54.0 0.0
75.0 96.0 91.0 0.0
178.0 194.0 193.0 0.0
130.0 145.0 156.0 0.0
1.0 27.0 48.0 0.0
37.0 84.0 72.0 0.0
112.0 147.0 160.0 0.0
155.0 203.0 160.0 0.0
53.0 58.0 111.0 0.0
41.0 99.0 73.0 0.0
105.0 137.0 229.0 0.0
165.0 289.0 246.0 0.0
164.0 245.0 230.0 0.0
85.0 151.0 108.0 0.0
49.0 72.0 103.0 0.0
66.0 120.0 107.0 0.0
99.0 140.0 145.0 0.0
1.0 47.0 37.0 0.0
48.0 84.0 59.0 0.0
50.0 61.0 97.0 0.0
51.0 98.0 117.0 0.0
41.0 107.0 78.0 0.0
40.0 77.0 52.0 0.0
117.0 129.0 174.0 0.0
68.0 125.0 107.0 0.0
52.0 91.0 62.0 0.0
77.0 87.0 78.0 0.0
64.0 65.0 96.0 0.0
57.0 89.0 112.0 0.0
1.0 56.0 53.0 0.0
41.0 93.0 49.0 0.0
35.0 43.0 91.0 0.0
75.0 131.0 116.0 0.0
76.0 117.0 94.0 0.0
87.0 105.0 111.0 0.0
72.0 96.0 101.0 0.0
86.0 115.0 89.0 0.0
109.0 112.0 188.0 0.0
73.0 152.0 75.0 0.0
66.0 68.0 71.0 0.0
66.0 71.0 98.0 0.0
95.0 127.0 137.0 0.0
56.0 98.0 115.0 0.0
36.0 95.0 40.0 0.0
96.0 100.0 139.0 0.0
164.0 207.0 196.0 0.0
114.0 146.0 126.0 0.0
75.0 87.0 99.0 0.0
148.0 172.0 218.0 0.0
187.0 257.0 243.0 0.0
286.0 342.0 429.0 0.0
132.0 275.0 240.0 0.0
216.0 324.0 380.0 0.0
204.0 368.0 283.0 0.0
160.0 239.0 271.0 0.0
172.0 283.0 234.0 0.0
137.0 199.0 279.0 0.0
239.0 381.0 277.0 0.0
100.0 138.0 148.0 0.0
88.0 136.0 168.0 0.0
113.0 193.0 135.0 0.0
102.0 124.0 144.0 0.0
91.0 133.0 95.0 0.0
68.0 72.0 72.0 0.0
95.0 99.0 151.0 0.0
77.0 133.0 169.0 0.0
106.0 198.0 194.0 0.0
110.0 198.0 284.0 0.0
188.0 362.0 474.0 0.0
238.0 524.0 426.0 0.0
135.0 323.0 183.0 0.0
167.0 215.0 199.0 0.0
179.0 211.0 266.0 0.0
149.0 236.0 232.0 0.0
206.0 289.0 219.0 0.0
161.0 174.0 216.0 0.0
101.0 156.0 237.0 0.0
168.0 304.0 453.0 0.0
247.0 532.0 296.0 0.0
63.0 112.0 83.0 0.0
90.0 110.0 130.0 0.0
83.0 123.0 87.0 0.0
77.0 81.0 83.0 0.0
82.0 88.0 111.0 0.0
112.0 141.0 159.0 0.0
121.0 168.0 152.0 0.0
58.0 89.0 116.0 0.0
31.0 89.0 33.0 0.0
113.0 115.0 174.0 0.0
113.0 174.0 145.0 0.0
33.0 65.0 73.0 0.0
37.0 77.0 93.0 0.0
117.0 173.0 139.0 0.0
71.0 93.0 85.0 0.0
75.0 89.0 77.0 0.0
32.0 34.0 87.0 0.0
32.0 87.0 38.0 0.0
32.0 38.0 66.0 0.0
39.0 73.0 55.0 0.0
62.0 78.0 95.0 0.0
86.0 119.0 92.0 0.0
76.0 82.0 125.0 0.0
274.0 323.0 896.0 0.0
234.0 856.0 248.0 0.0
75.0 89.0 76.0 0.0
76.0 77.0 87.0 0.0
100.0 111.0 2059.0 0.0
53.0 2012.0 86.0 0.0
1.0 34.0 36.0 0.0
34.0 69.0 56.0 0.0
111.0 133.0 127.0 0.0
109.0 125.0 115.0 0.0
113.0 119.0 256.0 0.0
122.0 265.0 151.0 0.0
35.0 64.0 59.0 0.0
36.0 60.0 75.0 0.0
48.0 87.0 101.0 0.0
35.0 88.0 40.0 0.0
32.0 37.0 50.0 0.0
1.0 19.0 36.0 0.0
50.0 85.0 54.0 0.0
157.0 161.0 193.0 0.0
154.0 190.0 208.0 0.0
92.0 146.0 122.0 0.0
118.0 148.0 134.0 0.0
144.0 160.0 195.0 0.0
85.0 136.0 90.0 0.0
70.0 75.0 76.0 0.0
67.0 73.0 95.0 0.0
104.0 132.0 157.0 0.0
77.0 130.0 192.0 0.0
90.0 205.0 123.0 0.0
183.0 216.0 591.0 0.0
100.0 508.0 102.0 0.0
104.0 106.0 123.0 0.0
99.0 118.0 117.0 0.0
67.0 85.0 141.0 0.0
35.0 109.0 85.0 0.0
1.0 51.0 24.0 0.0
1.0 24.0 50.0 0.0
33.0 82.0 57.0 0.0
49.0 73.0 94.0 0.0
47.0 92.0 132.0 0.0
63.0 148.0 111.0 0.0
86.0 134.0 111.0 0.0
66.0 91.0 71.0 0.0
91.0 96.0 94.0 0.0
94.0 97.0 100.0 0.0
47.0 53.0 97.0 0.0
56.0 106.0 65.0 0.0
156.0 165.0 223.0 0.0
110.0 177.0 133.0 0.0
97.0 120.0 99.0 0.0
81.0 83.0 127.0 0.0
36.0 82.0 95.0 0.0
39.0 98.0 53.0 0.0
63.0 77.0 67.0 0.0
103.0 107.0 147.0 0.0
133.0 177.0 138.0 0.0
83.0 88.0 121.0 0.0
72.0 110.0 82.0 0.0
89.0 99.0 162.0 0.0
119.0 192.0 251.0 0.0
42.0 174.0 84.0 0.0
147.0 189.0 307.0 0.0
60.0 220.0 120.0 0.0
40.0 100.0 65.0 0.0
65.0 90.0 95.0 0.0
77.0 107.0 90.0 0.0
61.0 74.0 134.0 0.0
196.0 269.0 677.0 0.0
168.0 649.0 272.0 0.0
147.0 251.0 300.0 0.0
159.0 312.0 356.0 0.0
173.0 370.0 203.0 0.0
111.0 141.0 229.0 0.0
185.0 303.0 304.0 0.0
179.0 298.0 252.0 0.0
94.0 167.0 150.0 0.0
225.0 281.0 240.0 0.0
239.0 254.0 323.0 0.0
130.0 214.0 167.0 0.0
126.0 163.0 276.0 0.0
143.0 293.0 176.0 0.0
115.0 148.0 154.0 0.0
136.0 175.0 299.0 0.0
247.0 410.0 373.0 0.0
133.0 259.0 161.0 0.0
111.0 139.0 140.0 0.0
65.0 94.0 93.0 0.0
76.0 104.0 126.0 0.0
91.0 141.0 127.0 0.0
161.0 197.0 411.0 0.0
165.0 415.0 219.0 0.0
211.0 265.0 349.0 0.0
84.0 222.0 123.0 0.0
94.0 133.0 107.0 0.0
41.0 54.0 88.0 0.0
1.0 48.0 48.0 0.0
1.0 48.0 42.0 0.0
1.0 42.0 48.0 0.0
36.0 83.0 42.0 0.0
37.0 43.0 97.0 0.0
50.0 110.0 294.0 0.0
153.0 397.0 200.0 0.0
161.0 208.0 240.0 0.0
98.0 177.0 197.0 0.0
133.0 232.0 191.0 0.0
114.0 172.0 185.0 0.0
122.0 193.0 218.0 0.0
108.0 204.0 212.0 0.0
119.0 223.0 274.0 0.0
158.0 313.0 183.0 0.0
125.0 150.0 214.0 0.0
136.0 225.0 301.0 0.0
189.0 354.0 321.0 0.0
220.0 352.0 257.0 0.0
147.0 184.0 237.0 0.0
183.0 273.0 275.0 0.0
185.0 277.0 197.0 0.0
121.0 133.0 133.0 0.0
71.0 83.0 88.0 0.0
78.0 95.0 113.0 0.0
66.0 101.0 103.0 0.0
121.0 158.0 154.0 0.0
76.0 109.0 172.0 0.0
105.0 201.0 192.0 0.0
166.0 253.0 215.0 0.0
177.0 226.0 198.0 0.0
91.0 112.0 111.0 0.0
79.0 99.0 128.0 0.0
109.0 158.0 139.0 0.0
78.0 108.0 125.0 0.0
97.0 144.0 178.0 0.0
157.0 238.0 302.0 0.0
205.0 350.0 281.0 0.0
131.0 207.0 147.0 0.0
97.0 113.0 107.0 0.0
79.0 89.0 82.0 0.0
65.0 68.0 73.0 0.0
31.0 39.0 80.0 0.0
41.0 90.0 54.0 0.0
33.0 46.0 82.0 0.0
1.0 50.0 56.0 0.0
1.0 56.0 41.0 0.0
1.0 41.0 53.0 0.0
1.0 53.0 22.0 0.0
50.0 71.0 189.0 0.0
170.0 309.0 174.0 0.0
40.0 44.0 87.0 0.0
1.0 48.0 45.0 0.0
1.0 45.0 55.0 0.0
44.0 98.0 71.0 0.0
65.0 92.0 74.0 0.0
33.0 42.0 85.0 0.0
39.0 91.0 80.0 0.0
75.0 116.0 84.0 0.0
44.0 53.0 67.0 0.0
1.0 24.0 39.0 0.0
1.0 39.0 52.0 0.0
36.0 87.0 45.0 0.0
37.0 46.0 66.0 0.0
1.0 30.0 33.0 0.0
1.0 33.0 42.0 0.0
1.0 42.0 36.0 0.0
1.0 36.0 51.0 0.0
1.0 51.0 28.0 0.0
38.0 65.0 50.0 0.0
36.0 48.0 61.0 0.0
1.0 26.0 16.0 0.0
1.0 16.0 32.0 0.0
1.0 32.0 56.0 0.0
1.0 56.0 36.0 0.0
32.0 67.0 41.0 0.0
33.0 42.0 56.0 0.0
56.0 79.0 192.0 0.0
72.0 208.0 74.0 0.0
31.0 33.0 89.0 0.0
40.0 98.0 123.0 0.0
72.0 155.0 104.0 0.0
78.0 110.0 103.0 0.0
88.0 113.0 123.0 0.0
139.0 174.0 260.0 0.0
106.0 227.0 125.0 0.0
85.0 104.0 129.0 0.0
119.0 163.0 136.0 0.0
83.0 100.0 95.0 0.0
82.0 94.0 140.0 0.0
125.0 183.0 195.0 0.0
67.0 137.0 68.0 0.0
65.0 66.0 111.0 0.0
140.0 186.0 212.0 0.0
99.0 171.0 228.0 0.0
142.0 271.0 369.0 0.0
334.0 561.0 0.0 0.0
87.0 107.0 248.0 1.0
185.0 346.0 236.0 1.0
89.0 185.0 375.0 1.0
105.0 391.0 161.0 1.0
201.0 0.0 973.0 0.0
219.0 991.0 315.0 0.0
141.0 237.0 199.0 0.0
97.0 155.0 104.0 0.0
95.0 102.0 145.0 0.0
101.0 151.0 168.0 0.0
157.0 224.0 218.0 0.0
137.0 198.0 165.0 0.0
127.0 155.0 226.0 0.0
1.0 100.0 40.0 0.0
1.0 40.0 103.0 0.0
97.0 199.0 276.0 0.0
89.0 268.0 111.0 0.0
93.0 115.0 155.0 0.0
137.0 199.0 159.0 0.0
115.0 137.0 245.0 0.0
73.0 203.0 118.0 0.0
161.0 206.0 208.0 0.0
105.0 152.0 133.0 0.0
67.0 95.0 95.0 0.0
61.0 89.0 93.0 0.0
1.0 33.0 44.0 0.0
1.0 44.0 34.0 0.0
67.0 100.0 176.0 0.0
75.0 184.0 82.0 0.0
61.0 68.0 94.0 0.0
1.0 34.0 50.0 0.0
1.0 50.0 87.0 0.0
113.0 199.0 247.0 0.0
65.0 199.0 69.0 0.0
67.0 71.0 367.0 0.0
85.0 385.0 99.0 0.0
87.0 101.0 121.0 0.0
153.0 187.0 307.0 0.0
73.0 227.0 161.0 0.0
101.0 189.0 368.0 0.0
279.0 546.0 426.0 0.0
101.0 248.0 213.0 0.0
1.0 113.0 30.0 0.0
1.0 30.0 37.0 0.0
1.0 37.0 17.0 0.0
1.0 17.0 22.0 0.0
1.0 22.0 44.0 0.0
1.0 44.0 800.0 0.0
145.0 944.0 191.0 0.0
93.0 139.0 735.0 0.0
251.0 893.0 378.0 0.0
305.0 432.0 414.0 0.0
99.0 208.0 173.0 0.0
181.0 255.0 256.0 0.0
77.0 152.0 296.0 0.0
71.0 290.0 160.0 0.0
71.0 160.0 557.0 0.0
71.0 557.0 136.0 0.0
115.0 180.0 219.0 0.0
73.0 177.0 116.0 0.0
155.0 198.0 442.0 0.0
155.0 442.0 247.0 0.0
93.0 185.0 209.0 0.0
203.0 319.0 303.0 0.0
75.0 175.0 1195.0 0.0
361.0 1481.0 840.0 0.0
203.0 682.0 289.0 0.0
203.0 289.0 368.0 0.0
65.0 230.0 68.0 0.0
71.0 74.0 115.0 0.0
67.0 111.0 116.0 0.0
113.0 162.0 260.0 0.0
105.0 252.0 191.0 0.0
1.0 87.0 45.0 0.0
1.0 45.0 34.0 0.0
1.0 34.0 121.0 0.0
1.0 121.0 36.0 0.0
1.0 36.0 57.0 0.0
1.0 57.0 80.0 0.0
103.0 182.0 106.0 0.0
109.0 112.0 140.0 0.0
87.0 118.0 156.0 0.0
1.0 70.0 60.0 0.0
1.0 60.0 64.0 0.0
83.0 146.0 126.0 0.0
1.0 44.0 40.0 0.0
1.0 40.0 44.0 0.0
1.0 44.0 49.0 0.0
1.0 49.0 38.0 0.0
61.0 98.0 157.0 0.0
1.0 97.0 35.0 0.0
1.0 35.0 56.0 0.0
69.0 124.0 121.0 0.0
1.0 53.0 59.0 0.0
1.0 59.0 71.0 0.0
1.0 71.0 61.0 0.0
1.0 61.0 31.0 0.0
1.0 31.0 83.0 0.0
1.0 83.0 23.0 0.0
1.0 23.0 27.0 0.0
1.0 27.0 21.0 0.0
1.0 21.0 113.0 0.0
1.0 113.0 62.0 0.0
1.0 62.0 50.0 0.0
99.0 148.0 167.0 0.0
79.0 147.0 115.0 0.0
71.0 107.0 84.0 0.0
63.0 76.0 92.0 0.0
69.0 98.0 69.0 0.0
69.0 69.0 237.0 0.0
1.0 169.0 49.0 0.0
1.0 49.0 142.0 0.0
73.0 214.0 119.0 0.0
69.0 115.0 91.0 0.0
71.0 93.0 107.0 0.0
1.0 37.0 62.0 0.0
1.0 62.0 52.0 0.0
75.0 126.0 413.0 0.0
89.0 427.0 156.0 0.0
73.0 140.0 168.0 0.0
83.0 178.0 106.0 0.0
77.0 100.0 117.0 0.0
1.0 41.0 47.0 0.0
1.0 47.0 85.0 0.0
83.0 167.0 146.0 0.0
1.0 64.0 42.0 0.0
1.0 42.0 38.0 0.0
61.0 98.0 76.0 0.0
69.0 84.0 86.0 0.0
67.0 84.0 73.0 0.0
73.0 79.0 80.0 0.0
77.0 84.0 142.0 0.0
1.0 66.0 58.0 0.0
1.0 58.0 42.0 0.0
1.0 42.0 38.0 0.0
61.0 98.0 173.0 0.0
215.0 327.0 868.0 0.0
95.0 748.0 159.0 0.0
63.0 127.0 162.0 0.0
83.0 182.0 392.0 0.0
65.0 374.0 71.0 0.0
71.0 77.0 127.0 0.0
99.0 155.0 350.0 0.0
1.0 252.0 54.0 0.0
1.0 54.0 99.0 0.0
71.0 169.0 86.0 0.0
71.0 86.0 84.0 0.0
61.0 74.0 90.0 0.0
63.0 92.0 69.0 0.0
63.0 69.0 108.0 0.0
133.0 178.0 237.0 0.0
163.0 267.0 280.0 0.0
1.0 118.0 48.0 0.0
1.0 48.0 59.0 0.0
63.0 121.0 141.0 0.0
65.0 143.0 117.0 0.0
1.0 53.0 53.0 0.0
1.0 53.0 92.0 0.0
1.0 92.0 45.0 0.0
1.0 45.0 65.0 0.0
1.0 65.0 30.0 0.0
1.0 30.0 53.0 0.0
1.0 53.0 37.0 0.0
1.0 37.0 30.0 0.0
1.0 30.0 43.0 0.0
1.0 43.0 30.0 0.0
1.0 30.0 25.0 0.0
1.0 25.0 49.0 0.0
1.0 49.0 65.0 0.0
61.0 125.0 92.0 0.0
65.0 96.0 310.0 0.0
1.0 246.0 27.0 0.0
1.0 27.0 48.0 0.0
1.0 48.0 56.0 0.0
107.0 162.0 235.0 0.0
93.0 221.0 153.0 0.0
1.0 61.0 59.0 0.0
1.0 59.0 87.0 0.0
87.0 173.0 245.0 0.0
157.0 315.0 290.0 0.0
113.0 246.0 155.0 0.0
89.0 131.0 157.0 0.0
1.0 69.0 55.0 0.0
1.0 55.0 205.0 0.0
1.0 205.0 47.0 0.0
1.0 47.0 37.0 0.0
1.0 37.0 108.0 0.0
1.0 108.0 48.0 0.0
1.0 48.0 157.0 0.0
1.0 157.0 38.0 0.0
1.0 38.0 64.0 0.0
81.0 144.0 229.0 0.0
1.0 149.0 40.0 0.0
1.0 40.0 108.0 0.0
1.0 108.0 62.0 0.0
1.0 62.0 122.0 0.0
1.0 122.0 56.0 0.0
1.0 56.0 53.0 0.0
1.0 53.0 83.0 0.0
1.0 83.0 57.0 0.0
1.0 57.0 122.0 0.0
65.0 186.0 87.0 0.0
71.0 93.0 107.0 0.0
79.0 115.0 106.0 0.0
81.0 108.0 99.0 0.0
65.0 83.0 187.0 0.0
61.0 183.0 67.0 0.0
63.0 69.0 72.0 0.0
63.0 72.0 97.0 0.0
63.0 97.0 191.0 0.0
1.0 129.0 60.0 0.0
1.0 60.0 39.0 0.0
71.0 109.0 164.0 0.0
71.0 164.0 209.0 0.0
69.0 207.0 82.0 0.0
75.0 88.0 95.0 0.0
215.0 266.0 320.0 0.0
287.0 392.0 332.0 0.0
273.0 318.0 460.0 0.0
129.0 316.0 244.0 0.0
115.0 230.0 211.0 0.0
191.0 287.0 287.0 0.0
115.0 171.0 153.0 0.0
75.0 113.0 138.0 0.0
97.0 160.0 160.0 0.0
123.0 186.0 162.0 0.0
65.0 104.0 66.0 0.0
65.0 66.0 77.0 0.0
69.0 81.0 146.0 0.0
65.0 142.0 168.0 0.0
117.0 220.0 185.0 0.0
161.0 229.0 255.0 0.0
213.0 307.0 675.0 0.0
75.0 537.0 298.0 0.0
61.0 284.0 161.0 0.0
87.0 187.0 285.0 0.0
99.0 297.0 167.0 0.0
87.0 155.0 287.0 0.0
159.0 359.0 205.0 0.0
77.0 123.0 175.0 0.0
125.0 223.0 286.0 0.0
135.0 296.0 577.0 0.0
81.0 523.0 123.0 0.0
67.0 109.0 101.0 0.0
61.0 95.0 108.0 0.0
91.0 138.0 107.0 0.0
67.0 83.0 69.0 0.0
63.0 65.0 148.0 0.0
77.0 162.0 151.0 0.0
109.0 183.0 181.0 0.0
1.0 73.0 59.0 0.0
1.0 59.0 34.0 0.0
65.0 98.0 180.0 0.0
105.0 220.0 170.0 0.0
1.0 66.0 41.0 0.0
1.0 41.0 141.0 0.0
67.0 207.0 84.0 0.0
77.0 94.0 101.0 0.0
65.0 89.0 99.0 0.0
1.0 35.0 56.0 0.0
1.0 56.0 69.0 0.0
1.0 69.0 35.0 0.0
1.0 35.0 55.0 0.0
63.0 117.0 107.0 0.0
73.0 117.0 82.0 0.0
61.0 70.0 118.0 0.0
115.0 172.0 1061.0 0.0
61.0 1007.0 85.0 0.0
75.0 99.0 87.0 0.0
63.0 75.0 83.0 0.0
81.0 101.0 2107.0 0.0
1.0 2027.0 34.0 0.0
1.0 34.0 36.0 0.0
1.0 36.0 51.0 0.0
79.0 129.0 163.0 0.0
73.0 157.0 87.0 0.0
79.0 93.0 295.0 0.0
85.0 301.0 143.0 0.0
1.0 59.0 25.0 0.0
1.0 25.0 122.0 0.0
1.0 122.0 54.0 0.0
1.0 54.0 71.0 0.0
1.0 71.0 19.0 0.0
1.0 19.0 36.0 0.0
1.0 36.0 53.0 0.0
101.0 153.0 260.0 0.0
113.0 272.0 142.0 0.0
97.0 126.0 134.0 0.0
75.0 112.0 130.0 0.0
111.0 166.0 211.0 0.0
61.0 161.0 66.0 0.0
65.0 70.0 77.0 0.0
65.0 77.0 87.0 0.0
99.0 121.0 150.0 0.0
119.0 170.0 192.0 0.0
107.0 180.0 155.0 0.0
71.0 119.0 600.0 0.0
73.0 602.0 83.0 0.0
63.0 73.0 131.0 0.0
75.0 143.0 93.0 0.0
87.0 105.0 183.0 0.0
1.0 97.0 51.0 0.0
1.0 51.0 24.0 0.0
1.0 24.0 50.0 0.0
1.0 50.0 105.0 0.0
1.0 105.0 46.0 0.0
1.0 46.0 107.0 0.0
111.0 217.0 133.0 0.0
93.0 115.0 114.0 0.0
63.0 84.0 73.0 0.0
73.0 83.0 103.0 0.0
79.0 109.0 135.0 0.0
1.0 57.0 51.0 0.0
1.0 51.0 69.0 0.0
107.0 175.0 208.0 0.0
103.0 204.0 178.0 0.0
61.0 136.0 65.0 0.0
63.0 67.0 162.0 0.0
1.0 100.0 60.0 0.0
1.0 60.0 53.0 0.0
63.0 115.0 68.0 0.0
61.0 66.0 210.0 0.0
69.0 218.0 72.0 0.0
71.0 74.0 124.0 0.0
67.0 120.0 88.0 0.0
73.0 94.0 136.0 0.0
105.0 168.0 311.0 0.0
1.0 207.0 43.0 0.0
1.0 43.0 366.0 0.0
1.0 366.0 61.0 0.0
1.0 61.0 55.0 0.0
83.0 137.0 99.0 0.0
83.0 99.0 86.0 0.0
81.0 84.0 143.0 0.0
79.0 141.0 689.0 0.0
121.0 731.0 292.0 0.0
87.0 258.0 298.0 0.0
135.0 346.0 406.0 0.0
93.0 364.0 159.0 0.0
85.0 151.0 187.0 0.0
105.0 207.0 358.0 0.0
137.0 390.0 213.0 0.0
79.0 155.0 142.0 0.0
69.0 132.0 376.0 0.0
83.0 390.0 142.0 0.0
159.0 218.0 190.0 0.0
221.0 252.0 313.0 0.0
123.0 215.0 163.0 0.0
119.0 159.0 126.0 0.0
133.0 140.0 251.0 0.0
289.0 407.0 430.0 0.0
147.0 288.0 203.0 0.0
97.0 153.0 108.0 0.0
81.0 92.0 90.0 0.0
81.0 90.0 116.0 0.0
101.0 136.0 129.0 0.0
101.0 129.0 513.0 0.0
79.0 491.0 116.0 0.0
117.0 154.0 373.0 0.0
69.0 325.0 129.0 0.0
91.0 151.0 136.0 0.0
1.0 46.0 48.0 0.0
1.0 48.0 48.0 0.0
1.0 48.0 42.0 0.0
1.0 42.0 48.0 0.0
1.0 48.0 78.0 0.0
1.0 78.0 61.0 0.0
1.0 61.0 335.0 0.0
117.0 451.0 155.0 0.0
141.0 179.0 221.0 0.0
137.0 217.0 191.0 0.0
131.0 185.0 211.0 0.0
135.0 215.0 193.0 0.0
67.0 125.0 182.0 0.0
151.0 266.0 221.0 0.0
189.0 259.0 383.0 0.0
65.0 259.0 110.0 0.0
79.0 124.0 148.0 0.0
179.0 248.0 295.0 0.0
291.0 407.0 527.0 0.0
65.0 301.0 151.0 0.0
67.0 153.0 213.0 0.0
155.0 301.0 285.0 0.0
167.0 297.0 220.0 0.0
69.0 122.0 90.0 0.0
63.0 84.0 101.0 0.0
65.0 103.0 83.0 0.0
99.0 117.0 112.0 0.0
125.0 138.0 150.0 0.0
109.0 134.0 197.0 0.0
119.0 207.0 161.0 0.0
135.0 177.0 326.0 0.0
65.0 256.0 120.0 0.0
75.0 130.0 83.0 0.0
89.0 97.0 147.0 0.0
111.0 169.0 126.0 0.0
97.0 112.0 111.0 0.0
101.0 115.0 264.0 0.0
109.0 272.0 205.0 0.0
143.0 239.0 351.0 0.0
99.0 307.0 105.0 0.0
91.0 97.0 122.0 0.0
63.0 94.0 69.0 0.0
61.0 67.0 103.0 0.0
1.0 43.0 50.0 0.0
1.0 50.0 86.0 0.0
1.0 86.0 50.0 0.0
1.0 50.0 56.0 0.0
1.0 56.0 41.0 0.0
1.0 41.0 53.0 0.0
1.0 53.0 22.0 0.0
1.0 22.0 282.0 0.0
75.0 356.0 120.0 0.0
1.0 46.0 48.0 0.0
1.0 48.0 45.0 0.0
1.0 45.0 55.0 0.0
1.0 55.0 71.0 0.0
63.0 133.0 106.0 0.0
1.0 44.0 53.0 0.0
1.0 53.0 77.0 0.0
85.0 161.0 130.0 0.0
1.0 46.0 24.0 0.0
1.0 24.0 39.0 0.0
1.0 39.0 52.0 0.0
1.0 52.0 81.0 0.0
1.0 81.0 30.0 0.0
1.0 30.0 33.0 0.0
1.0 33.0 42.0 0.0
1.0 42.0 36.0 0.0
1.0 36.0 51.0 0.0
1.0 51.0 28.0 0.0
1.0 28.0 85.0 0.0
1.0 85.0 26.0 0.0
1.0 26.0 16.0 0.0
1.0 16.0 32.0 0.0
1.0 32.0 56.0 0.0
1.0 56.0 36.0 0.0
1.0 36.0 73.0 0.0
1.0 73.0 24.0 0.0
1.0 24.0 200.0 0.0
63.0 262.0 96.0 0.0
1.0 34.0 59.0 0.0
1.0 59.0 127.0 0.0
65.0 191.0 87.0 0.0
93.0 115.0 110.0 0.0
101.0 118.0 134.0 0.0
71.0 104.0 269.0 0.0
63.0 261.0 115.0 0.0
75.0 127.0 160.0 0.0
89.0 174.0 101.0 0.0
89.0 101.0 93.0 0.0
93.0 97.0 163.0 0.0
127.0 197.0 177.0 0.0
65.0 115.0 67.0 0.0
61.0 63.0 124.0 0.0
107.0 170.0 177.0 0.0
155.0 225.0 230.0 0.0
133.0 208.0 470.0 0.0
259.0 596.0 0.0 0.0
1.0 0.0 921.0 1.0
2.0 785.0 582.0 1.0
1.0 286.0 369.0 1.0
1.0 222.0 131.0 1.0
1.0 170.0 298.0 1.0
1.0 157.0 150.0 1.0
1.0 90.0 97.0 1.0
1.0 97.0 88.0 1.0
1.0 88.0 89.0 1.0
1.0 89.0 58.0 1.0
1.0 58.0 85.0 1.0
1.0 85.0 42.0 1.0
1.0 42.0 102.0 1.0
1.0 102.0 55.0 1.0
1.0 55.0 95.0 1.0
1.0 95.0 65.0 1.0
1.0 65.0 64.0 1.0
1.0 64.0 35.0 1.0
1.0 41.0 55.0 1.0
1.0 55.0 382.0 1.0
1.0 382.0 89.0 1.0
1.0 89.0 219.0 1.0
1.0 219.0 23.0 1.0
1.0 23.0 16.0 1.0
1.0 16.0 23.0 1.0
1.0 23.0 24.0 1.0
1.0 24.0 76.0 1.0
1.0 139.0 147.0 1.0
1.0 741.0 301.0 1.0
1.0 164.0 92.0 1.0
1.0 163.0 82.0 1.0
1.0 82.0 83.0 1.0
1.0 83.0 142.0 1.0
1.0 73.0 147.0 1.0
1.0 147.0 177.0 1.0
1.0 323.0 693.0 1.0
1.0 693.0 892.0 1.0
1.0 310.0 55.0 1.0
1.0 112.0 84.0 1.0
1.0 84.0 41.0 1.0
1.0 41.0 55.0 1.0
1.0 55.0 43.0 1.0
1.0 43.0 110.0 1.0
1.0 128.0 100.0 1.0
1.0 248.0 143.0 1.0
1.0 143.0 93.0 1.0
1.0 93.0 77.0 1.0
1.0 77.0 46.0 1.0
1.0 46.0 38.0 1.0
1.0 95.0 73.0 1.0
1.0 162.0 83.0 1.0
1.0 52.0 65.0 1.0
1.0 65.0 83.0 1.0
1.0 83.0 49.0 1.0
1.0 123.0 63.0 1.0
1.0 67.0 135.0 1.0
1.0 135.0 143.0 1.0
1.0 239.0 214.0 1.0
1.0 214.0 92.0 1.0
1.0 92.0 169.0 1.0
1.0 196.0 178.0 1.0
1.0 159.0 68.0 1.0
1.0 68.0 99.0 1.0
1.0 80.0 118.0 1.0
1.0 80.0 95.0 1.0
1.0 105.0 297.0 1.0
1.0 297.0 309.0 1.0
1.0 238.0 215.0 1.0
1.0 215.0 416.0 1.0
1.0 204.0 216.0 1.0
1.0 107.0 85.0 1.0
1.0 85.0 130.0 1.0
1.0 130.0 124.0 1.0
1.0 76.0 122.0 1.0
1.0 122.0 123.0 1.0
1.0 123.0 261.0 1.0
1.0 261.0 100.0 1.0
1.0 100.0 98.0 1.0
1.0 98.0 183.0 1.0
1.0 183.0 140.0 1.0
1.0 140.0 265.0 1.0
1.0 212.0 130.0 1.0
1.0 130.0 133.0 1.0
1.0 133.0 60.0 1.0
1.0 284.0 149.0 1.0
1.0 149.0 79.0 1.0
1.0 104.0 130.0 1.0
1.0 130.0 57.0 1.0
1.0 57.0 130.0 1.0
1.0 130.0 47.0 1.0
1.0 47.0 99.0 1.0
1.0 99.0 118.0 1.0
1.0 118.0 26.0 1.0
1.0 26.0 65.0 1.0
1.0 65.0 37.0 1.0
1.0 37.0 141.0 1.0
1.0 141.0 127.0 1.0
1.0 127.0 20.0 1.0
1.0 73.0 7.0 1.0
1.0 7.0 152.0 1.0
1.0 152.0 14.0 1.0
1.0 14.0 35.0 1.0
1.0 35.0 34.0 1.0
1.0 34.0 48.0 1.0
1.0 48.0 14.0 1.0
1.0 14.0 114.0 1.0
1.0 114.0 246.0 1.0
1.0 246.0 253.0 1.0
1.0 253.0 625.0 1.0
1.0 625.0 151.0 1.0
1.0 151.0 164.0 1.0
1.0 63.0 82.0 1.0
1.0 75.0 72.0 1.0
1.0 72.0 77.0 1.0
1.0 77.0 71.0 1.0
1.0 71.0 87.0 1.0
1.0 87.0 76.0 1.0
1.0 76.0 181.0 1.0
1.0 147.0 127.0 1.0
1.0 127.0 105.0 1.0
1.0 105.0 214.0 1.0
1.0 214.0 152.0 1.0
1.0 152.0 102.0 1.0
1.0 102.0 143.0 1.0
1.0 86.0 105.0 1.0
1.0 105.0 161.0 1.0
1.0 161.0 31.0 1.0
1.0 50.0 122.0 1.0
1.0 122.0 54.0 1.0
1.0 54.0 49.0 1.0
1.0 49.0 103.0 1.0
1.0 129.0 68.0 1.0
1.0 67.0 75.0 1.0
1.0 75.0 95.0 1.0
1.0 95.0 67.0 1.0
1.0 67.0 78.0 1.0
1.0 78.0 97.0 1.0
1.0 97.0 153.0 1.0
1.0 118.0 102.0 1.0
1.0 102.0 76.0 1.0
1.0 76.0 66.0 1.0
1.0 111.0 130.0 1.0
1.0 115.0 77.0 1.0
1.0 77.0 56.0 1.0
1.0 56.0 78.0 1.0
1.0 134.0 290.0 1.0
1.0 290.0 204.0 1.0
1.0 230.0 77.0 1.0
1.0 94.0 126.0 1.0
1.0 126.0 131.0 1.0
1.0 81.0 184.0 1.0
1.0 155.0 110.0 1.0
1.0 110.0 162.0 1.0
1.0 162.0 78.0 1.0
1.0 73.0 56.0 1.0
1.0 56.0 58.0 1.0
1.0 120.0 111.0 1.0
1.0 111.0 125.0 1.0
1.0 125.0 34.0 1.0
1.0 34.0 139.0 1.0
1.0 139.0 105.0 1.0
1.0 105.0 110.0 1.0
1.0 110.0 147.0 1.0
1.0 54.0 91.0 1.0
1.0 91.0 59.0 1.0
1.0 101.0 27.0 1.0
1.0 27.0 51.0 1.0
1.0 51.0 75.0 1.0
1.0 75.0 45.0 1.0
1.0 45.0 155.0 1.0
1.0 155.0 21.0 1.0
1.0 21.0 39.0 1.0
1.0 39.0 44.0 1.0
1.0 44.0 57.0 1.0
1.0 57.0 77.0 1.0
1.0 48.0 199.0 1.0
1.0 199.0 92.0 1.0
1.0 92.0 63.0 1.0
1.0 63.0 56.0 1.0
1.0 56.0 64.0 1.0
1.0 64.0 23.0 1.0
1.0 23.0 48.0 1.0
1.0 48.0 36.0 1.0
1.0 36.0 49.0 1.0
1.0 49.0 63.0 1.0
1.0 25.0 37.0 1.0
1.0 37.0 75.0 1.0
1.0 90.0 64.0 1.0
1.0 64.0 70.0 1.0
1.0 70.0 165.0 1.0
1.0 165.0 147.0 1.0
1.0 147.0 134.0 1.0
1.0 134.0 46.0 1.0
1.0 46.0 131.0 1.0
1.0 131.0 137.0 1.0
1.0 116.0 70.0 1.0
1.0 70.0 162.0 1.0
1.0 162.0 121.0 1.0
1.0 121.0 75.0 1.0
1.0 75.0 166.0 1.0
1.0 166.0 339.0 1.0
1.0 364.0 88.0 1.0
1.0 168.0 66.0 1.0
1.0 274.0 196.0 1.0
1.0 133.0 65.0 1.0
1.0 73.0 76.0 1.0
1.0 76.0 42.0 1.0
1.0 42.0 139.0 1.0
1.0 139.0 132.0 1.0
1.0 57.0 37.0 1.0
1.0 37.0 120.0 1.0
1.0 120.0 81.0 1.0
1.0 81.0 161.0 1.0
1.0 161.0 95.0 1.0
1.0 95.0 26.0 1.0
1.0 156.0 66.0 1.0
1.0 66.0 311.0 1.0
1.0 311.0 96.0 1.0
1.0 96.0 309.0 1.0
1.0 309.0 209.0 1.0
1.0 209.0 85.0 1.0
1.0 89.0 183.0 1.0
1.0 183.0 84.0 1.0
1.0 84.0 224.0 1.0
1.0 224.0 247.0 1.0
1.0 247.0 125.0 1.0
1.0 125.0 125.0 1.0
1.0 125.0 237.0 1.0
1.0 237.0 117.0 1.0
1.0 117.0 221.0 1.0
1.0 221.0 77.0 1.0
1.0 77.0 263.0 1.0
1.0 263.0 199.0 1.0
1.0 199.0 203.0 1.0
1.0 203.0 257.0 1.0
1.0 91.0 89.0 1.0
1.0 89.0 133.0 1.0
1.0 90.0 243.0 1.0
1.0 165.0 163.0 1.0
1.0 151.0 211.0 1.0
1.0 460.0 219.0 1.0
1.0 183.0 87.0 1.0
1.0 87.0 471.0 1.0
1.0 471.0 180.0 1.0
1.0 180.0 229.0 1.0
1.0 229.0 227.0 1.0
1.0 227.0 261.0 1.0
1.0 261.0 87.0 1.0
1.0 87.0 87.0 1.0
1.0 87.0 149.0 1.0
1.0 149.0 163.0 1.0
1.0 282.0 119.0 1.0
1.0 119.0 107.0 1.0
1.0 107.0 97.0 1.0
1.0 97.0 85.0 1.0
1.0 85.0 97.0 1.0
1.0 97.0 61.0 1.0
2.0 62.0 81.0 1.0
1.0 80.0 155.0 1.0
1.0 155.0 149.0 1.0
1.0 149.0 112.0 1.0
1.0 112.0 221.0 1.0
1.0 221.0 100.0 1.0
1.0 100.0 87.0 1.0
1.0 87.0 58.0 1.0
1.0 58.0 134.0 1.0
1.0 134.0 254.0 1.0
1.0 254.0 108.0 1.0
1.0 108.0 231.0 1.0
1.0 231.0 43.0 1.0
1.0 43.0 49.0 1.0
1.0 49.0 46.0 1.0
1.0 46.0 73.0 1.0
1.0 73.0 117.0 1.0
1.0 117.0 250.0 1.0
1.0 250.0 105.0 1.0
1.0 105.0 86.0 1.0
1.0 86.0 139.0 1.0
1.0 601.0 676.0 1.0
1.0 676.0 76.0 1.0
1.0 76.0 143.0 1.0
1.0 130.0 393.0 1.0
1.0 393.0 70.0 1.0
1.0 131.0 149.0 1.0
1.0 149.0 221.0 1.0
1.0 221.0 322.0 1.0
1.0 322.0 135.0 1.0
1.0 135.0 91.0 1.0
1.0 91.0 89.0 1.0
1.0 107.0 91.0 1.0
1.0 91.0 79.0 1.0
1.0 79.0 113.0 1.0
1.0 113.0 132.0 1.0
1.0 132.0 123.0 1.0
1.0 123.0 99.0 1.0
1.0 99.0 161.0 1.0
1.0 161.0 50.0 1.0
1.0 50.0 90.0 1.0
1.0 90.0 150.0 1.0
1.0 150.0 263.0 1.0
1.0 263.0 119.0 1.0
1.0 119.0 33.0 1.0
1.0 33.0 44.0 1.0
1.0 44.0 97.0 1.0
1.0 76.0 34.0 1.0
1.0 34.0 56.0 1.0
1.0 56.0 51.0 1.0
1.0 51.0 40.0 1.0
1.0 40.0 34.0 1.0
1.0 34.0 109.0 1.0
1.0 109.0 209.0 1.0
1.0 209.0 219.0 1.0
1.0 219.0 217.0 1.0
1.0 217.0 159.0 1.0
1.0 97.0 113.0 1.0
1.0 142.0 116.0 1.0
1.0 74.0 69.0 1.0
1.0 69.0 65.0 1.0
1.0 65.0 27.0 1.0
1.0 132.0 80.0 1.0
1.0 80.0 138.0 1.0
1.0 138.0 146.0 1.0
1.0 146.0 260.0 1.0
1.0 85.0 149.0 1.0
1.0 33.0 161.0 1.0
1.0 161.0 288.0 1.0
1.0 921.0 784.0 0.0
1.0 581.0 239.0 0.0
1.0 239.0 286.0 0.0
1.0 369.0 241.0 0.0
1.0 241.0 145.0 0.0
1.0 145.0 147.0 0.0
1.0 147.0 166.0 0.0
1.0 166.0 116.0 0.0
1.0 116.0 204.0 0.0
1.0 204.0 260.0 0.0
1.0 260.0 222.0 0.0
1.0 131.0 170.0 0.0
1.0 298.0 129.0 0.0
1.0 129.0 149.0 0.0
1.0 149.0 253.0 0.0
1.0 253.0 168.0 0.0
1.0 168.0 277.0 0.0
1.0 277.0 167.0 0.0
1.0 167.0 246.0 0.0
1.0 246.0 67.0 0.0
1.0 67.0 157.0 0.0
1.0 150.0 143.0 0.0
1.0 143.0 124.0 0.0
1.0 124.0 96.0 0.0
1.0 96.0 107.0 0.0
1.0 107.0 244.0 0.0
1.0 244.0 63.0 0.0
1.0 63.0 76.0 0.0
1.0 76.0 126.0 0.0
1.0 126.0 171.0 0.0
1.0 171.0 133.0 0.0
1.0 133.0 143.0 0.0
1.0 143.0 97.0 0.0
1.0 97.0 105.0 0.0
1.0 105.0 120.0 0.0
1.0 120.0 72.0 0.0
1.0 72.0 117.0 0.0
1.0 117.0 62.0 0.0
1.0 62.0 82.0 0.0
1.0 82.0 165.0 0.0
1.0 165.0 79.0 0.0
1.0 79.0 83.0 0.0
1.0 83.0 158.0 0.0
1.0 158.0 90.0 0.0
1.0 35.0 41.0 0.0
1.0 76.0 139.0 0.0
1.0 147.0 741.0 0.0
1.0 301.0 164.0 0.0
1.0 92.0 167.0 0.0
1.0 167.0 163.0 0.0
1.0 142.0 73.0 0.0
1.0 177.0 437.0 0.0
1.0 437.0 323.0 0.0
1.0 892.0 310.0 0.0
1.0 55.0 91.0 0.0
1.0 91.0 112.0 0.0
1.0 110.0 128.0 0.0
1.0 100.0 248.0 0.0
1.0 46.0 46.0 0.0
1.0 38.0 158.0 0.0
1.0 158.0 95.0 0.0
1.0 73.0 60.0 0.0
1.0 60.0 162.0 0.0
1.0 83.0 52.0 0.0
1.0 49.0 123.0 0.0
1.0 63.0 245.0 0.0
1.0 245.0 67.0 0.0
1.0 143.0 239.0 0.0
1.0 169.0 196.0 0.0
1.0 178.0 59.0 0.0
1.0 59.0 161.0 0.0
1.0 161.0 126.0 0.0
1.0 126.0 69.0 0.0
1.0 69.0 75.0 0.0
1.0 75.0 159.0 0.0
1.0 99.0 87.0 0.0
1.0 87.0 52.0 0.0
1.0 52.0 105.0 0.0
1.0 105.0 80.0 0.0
1.0 118.0 81.0 0.0
1.0 81.0 80.0 0.0
1.0 95.0 105.0 0.0
1.0 309.0 238.0 0.0
1.0 416.0 204.0 0.0
1.0 216.0 107.0 0.0
1.0 85.0 85.0 0.0
1.0 124.0 76.0 0.0
1.0 265.0 109.0 0.0
1.0 109.0 96.0 0.0
1.0 96.0 212.0 0.0
1.0 60.0 113.0 0.0
1.0 113.0 135.0 0.0
1.0 135.0 284.0 0.0
1.0 79.0 104.0 0.0
1.0 20.0 73.0 0.0
1.0 164.0 337.0 0.0
1.0 337.0 142.0 0.0
1.0 142.0 63.0 0.0
1.0 82.0 73.0 0.0
1.0 73.0 106.0 0.0
1.0 106.0 75.0 0.0
1.0 181.0 147.0 0.0
1.0 143.0 86.0 0.0
1.0 31.0 50.0 0.0
1.0 103.0 54.0 0.0
1.0 54.0 46.0 0.0
1.0 46.0 129.0 0.0
1.0 68.0 67.0 0.0
1.0 153.0 118.0 0.0
1.0 66.0 111.0 0.0
1.0 130.0 64.0 0.0
1.0 64.0 115.0 0.0
1.0 78.0 171.0 0.0
1.0 171.0 134.0 0.0
1.0 204.0 175.0 0.0
143.0 317.0 372.0 0.0
1.0 77.0 78.0 0.0
1.0 78.0 94.0 0.0
1.0 131.0 81.0 0.0
1.0 184.0 144.0 0.0
1.0 144.0 155.0 0.0
1.0 78.0 73.0 0.0
1.0 58.0 120.0 0.0
1.0 147.0 54.0 0.0
1.0 59.0 101.0 0.0
1.0 77.0 76.0 0.0
1.0 76.0 48.0 0.0
1.0 63.0 25.0 0.0
1.0 75.0 90.0 0.0
1.0 137.0 108.0 0.0
1.0 108.0 114.0 0.0
1.0 114.0 116.0 0.0
1.0 339.0 364.0 0.0
1.0 88.0 84.0 0.0
1.0 84.0 141.0 0.0
1.0 141.0 78.0 0.0
1.0 78.0 90.0 0.0
1.0 90.0 134.0 0.0
1.0 134.0 168.0 0.0
1.0 66.0 49.0 0.0
1.0 49.0 200.0 0.0
1.0 200.0 133.0 0.0
1.0 133.0 145.0 0.0
1.0 145.0 124.0 0.0
1.0 124.0 84.0 0.0
1.0 84.0 59.0 0.0
1.0 59.0 37.0 0.0
1.0 37.0 39.0 0.0
1.0 39.0 59.0 0.0
1.0 59.0 227.0 0.0
1.0 227.0 274.0 0.0
1.0 196.0 216.0 0.0
1.0 216.0 79.0 0.0
79.0 157.0 309.0 0.0
1.0 231.0 133.0 0.0
1.0 65.0 73.0 0.0
1.0 132.0 57.0 0.0
1.0 26.0 86.0 0.0
1.0 86.0 156.0 0.0
1.0 85.0 89.0 0.0
1.0 257.0 91.0 0.0
1.0 133.0 81.0 0.0
1.0 81.0 346.0 0.0
1.0 346.0 90.0 0.0
1.0 243.0 222.0 0.0
1.0 222.0 331.0 0.0
1.0 331.0 165.0 0.0
1.0 163.0 151.0 0.0
1.0 211.0 460.0 0.0
1.0 219.0 127.0 0.0
1.0 127.0 7.0 0.0
97.0 103.0 279.0 0.0
1.0 163.0 282.0 0.0
1.0 139.0 601.0 0.0
1.0 143.0 130.0 0.0
1.0 70.0 82.0 0.0
1.0 82.0 131.0 0.0
1.0 89.0 107.0 0.0
1.0 97.0 76.0 0.0
1.0 159.0 179.0 0.0
1.0 179.0 97.0 0.0
1.0 113.0 82.0 0.0
1.0 82.0 142.0 0.0
1.0 116.0 115.0 0.0
1.0 115.0 69.0 0.0
1.0 69.0 74.0 0.0
1.0 74.0 74.0 0.0
1.0 27.0 161.0 0.0
1.0 161.0 45.0 0.0
1.0 45.0 130.0 0.0
1.0 130.0 132.0 0.0
151.0 410.0 259.0 0.0
1.0 109.0 85.0 0.0
1.0 149.0 122.0 0.0
1.0 122.0 24.0 0.0
43.0 66.0 111.0 0.0
100.0 168.0 132.0 0.0
1.0 288.0 271.0 0.0
74.0 344.0 0.0 0.0
98.0 124.0 142.0 1.0
174.0 0.0 891.0 0.0
268.0 985.0 742.0 0.0
443.0 917.0 688.0 0.0
130.0 375.0 283.0 0.0
192.0 345.0 257.0 0.0
254.0 319.0 305.0 0.0
207.0 258.0 286.0 0.0
160.0 239.0 209.0 0.0
75.0 124.0 147.0 0.0
67.0 139.0 165.0 0.0
94.0 192.0 122.0 0.0
78.0 106.0 177.0 0.0
140.0 239.0 263.0 0.0
166.0 289.0 200.0 0.0
124.0 158.0 173.0 0.0
70.0 119.0 123.0 0.0
121.0 174.0 348.0 0.0
91.0 318.0 119.0 0.0
78.0 106.0 153.0 0.0
84.0 159.0 219.0 0.0
132.0 267.0 208.0 0.0
84.0 160.0 273.0 0.0
94.0 283.0 137.0 0.0
147.0 190.0 190.0 0.0
153.0 196.0 156.0 0.0
107.0 110.0 136.0 0.0
96.0 125.0 147.0 0.0
101.0 152.0 148.0 0.0
100.0 147.0 135.0 0.0
86.0 121.0 99.0 0.0
70.0 83.0 111.0 0.0
144.0 185.0 170.0 0.0
140.0 166.0 141.0 0.0
67.0 68.0 69.0 0.0
71.0 73.0 103.0 0.0
108.0 140.0 196.0 0.0
74.0 162.0 114.0 0.0
97.0 137.0 141.0 0.0
94.0 138.0 107.0 0.0
94.0 107.0 101.0 0.0
81.0 88.0 115.0 0.0
92.0 126.0 94.0 0.0
75.0 77.0 98.0 0.0
154.0 177.0 161.0 0.0
86.0 93.0 138.0 0.0
97.0 149.0 105.0 0.0
67.0 75.0 87.0 0.0
101.0 121.0 140.0 0.0
81.0 120.0 103.0 0.0
69.0 91.0 96.0 0.0
76.0 103.0 84.0 0.0
78.0 86.0 93.0 0.0
39.0 54.0 96.0 0.0
40.0 97.0 43.0 0.0
43.0 46.0 84.0 0.0
36.0 77.0 65.0 0.0
38.0 67.0 92.0 0.0
38.0 92.0 62.0 0.0
64.0 88.0 66.0 0.0
65.0 67.0 65.0 0.0
32.0 32.0 66.0 0.0
1.0 35.0 41.0 0.0
1.0 41.0 55.0 0.0
87.0 141.0 338.0 0.0
88.0 339.0 94.0 0.0
115.0 121.0 179.0 0.0
80.0 144.0 102.0 0.0
1.0 23.0 16.0 0.0
1.0 16.0 23.0 0.0
1.0 23.0 24.0 0.0
33.0 56.0 44.0 0.0
100.0 111.0 126.0 0.0
88.0 132.0 610.0 0.0
301.0 823.0 362.0 0.0
187.0 248.0 232.0 0.0
89.0 134.0 110.0 0.0
116.0 137.0 118.0 0.0
148.0 150.0 185.0 0.0
94.0 131.0 109.0 0.0
65.0 80.0 80.0 0.0
71.0 86.0 144.0 0.0
70.0 143.0 77.0 0.0
63.0 70.0 134.0 0.0
105.0 176.0 158.0 0.0
178.0 231.0 470.0 0.0
94.0 386.0 272.0 0.0
295.0 473.0 657.0 0.0
353.0 715.0 934.0 0.0
217.0 798.0 247.0 0.0
139.0 169.0 193.0 0.0
32.0 86.0 51.0 0.0
75.0 94.0 122.0 0.0
72.0 119.0 75.0 0.0
40.0 43.0 80.0 0.0
1.0 41.0 55.0 0.0
1.0 55.0 43.0 0.0
55.0 97.0 76.0 0.0
98.0 119.0 125.0 0.0
70.0 97.0 96.0 0.0
162.0 188.0 212.0 0.0
145.0 195.0 165.0 0.0
96.0 116.0 115.0 0.0
69.0 88.0 76.0 0.0
35.0 42.0 80.0 0.0
1.0 46.0 46.0 0.0
1.0 46.0 38.0 0.0
41.0 78.0 120.0 0.0
84.0 163.0 90.0 0.0
76.0 82.0 81.0 0.0
36.0 41.0 95.0 0.0
76.0 135.0 121.0 0.0
83.0 128.0 86.0 0.0
39.0 42.0 90.0 0.0
32.0 83.0 33.0 0.0
73.0 74.0 82.0 0.0
34.0 43.0 82.0 0.0
55.0 103.0 82.0 0.0
73.0 100.0 73.0 0.0
84.0 84.0 230.0 0.0
80.0 226.0 83.0 0.0
63.0 66.0 99.0 0.0
135.0 171.0 168.0 0.0
150.0 183.0 210.0 0.0
173.0 233.0 226.0 0.0
104.0 157.0 117.0 0.0
85.0 98.0 163.0 0.0
100.0 178.0 196.0 0.0
90.0 186.0 165.0 0.0
53.0 128.0 111.0 0.0
71.0 129.0 121.0 0.0
92.0 142.0 131.0 0.0
66.0 105.0 71.0 0.0
67.0 72.0 74.0 0.0
109.0 116.0 148.0 0.0
78.0 117.0 83.0 0.0
64.0 69.0 91.0 0.0
69.0 96.0 84.0 0.0
42.0 57.0 93.0 0.0
43.0 94.0 74.0 0.0
68.0 99.0 74.0 0.0
96.0 102.0 120.0 0.0
73.0 97.0 80.0 0.0
72.0 79.0 80.0 0.0
79.0 87.0 84.0 0.0
93.0 98.0 119.0 0.0
174.0 200.0 200.0 0.0
244.0 270.0 336.0 0.0
162.0 254.0 224.0 0.0
205.0 267.0 282.0 0.0
89.0 166.0 418.0 0.0
81.0 410.0 185.0 0.0
131.0 235.0 213.0 0.0
103.0 185.0 144.0 0.0
66.0 107.0 83.0 0.0
68.0 85.0 84.0 0.0
102.0 118.0 132.0 0.0
86.0 116.0 123.0 0.0
66.0 103.0 74.0 0.0
78.0 86.0 102.0 0.0
98.0 122.0 123.0 0.0
100.0 125.0 282.0 0.0
73.0 255.0 96.0 0.0
84.0 107.0 102.0 0.0
102.0 120.0 145.0 0.0
121.0 164.0 150.0 0.0
131.0 160.0 215.0 0.0
152.0 236.0 184.0 0.0
71.0 103.0 102.0 0.0
137.0 168.0 165.0 0.0
142.0 170.0 145.0 0.0
99.0 102.0 159.0 0.0
40.0 100.0 99.0 0.0
31.0 90.0 72.0 0.0
77.0 118.0 119.0 0.0
193.0 235.0 274.0 0.0
138.0 219.0 144.0 0.0
110.0 116.0 112.0 0.0
73.0 75.0 107.0 0.0
80.0 114.0 135.0 0.0
32.0 87.0 88.0 0.0
49.0 105.0 90.0 0.0
41.0 82.0 87.0 0.0
46.0 92.0 67.0 0.0
66.0 87.0 93.0 0.0
58.0 85.0 83.0 0.0
32.0 57.0 34.0 0.0
32.0 34.0 68.0 0.0
62.0 98.0 81.0 0.0
96.0 115.0 141.0 0.0
47.0 92.0 66.0 0.0
35.0 54.0 38.0 0.0
36.0 39.0 42.0 0.0
42.0 48.0 98.0 0.0
55.0 111.0 68.0 0.0
1.0 14.0 35.0 0.0
1.0 35.0 34.0 0.0
1.0 34.0 48.0 0.0
1.0 48.0 14.0 0.0
43.0 56.0 73.0 0.0
95.0 125.0 210.0 0.0
113.0 228.0 243.0 0.0
230.0 360.0 615.0 0.0
144.0 529.0 189.0 0.0
107.0 152.0 179.0 0.0
113.0 185.0 336.0 0.0
81.0 304.0 151.0 0.0
68.0 138.0 68.0 0.0
65.0 65.0 74.0 0.0
70.0 79.0 78.0 0.0
81.0 89.0 98.0 0.0
80.0 97.0 81.0 0.0
68.0 69.0 74.0 0.0
69.0 75.0 74.0 0.0
71.0 76.0 78.0 0.0
72.0 79.0 74.0 0.0
82.0 84.0 89.0 0.0
118.0 125.0 145.0 0.0
133.0 160.0 150.0 0.0
101.0 118.0 151.0 0.0
75.0 125.0 100.0 0.0
102.0 127.0 207.0 0.0
90.0 195.0 161.0 0.0
86.0 157.0 113.0 0.0
89.0 116.0 139.0 0.0
79.0 129.0 88.0 0.0
68.0 77.0 88.0 0.0
97.0 117.0 143.0 0.0
69.0 115.0 99.0 0.0
1.0 31.0 50.0 0.0
35.0 84.0 72.0 0.0
51.0 88.0 104.0 0.0
1.0 54.0 49.0 0.0
43.0 91.0 71.0 0.0
33.0 61.0 86.0 0.0
1.0 54.0 46.0 0.0
51.0 96.0 74.0 0.0
90.0 113.0 91.0 0.0
63.0 64.0 66.0 0.0
65.0 68.0 72.0 0.0
71.0 78.0 88.0 0.0
74.0 91.0 79.0 0.0
71.0 76.0 78.0 0.0
71.0 78.0 95.0 0.0
86.0 110.0 122.0 0.0
108.0 144.0 124.0 0.0
101.0 117.0 122.0 0.0
76.0 97.0 77.0 0.0
69.0 70.0 73.0 0.0
73.0 77.0 103.0 0.0
94.0 124.0 129.0 0.0
71.0 106.0 73.0 0.0
83.0 85.0 105.0 0.0
71.0 93.0 84.0 0.0
34.0 47.0 89.0 0.0
35.0 90.0 41.0 0.0
69.0 75.0 155.0 0.0
103.0 189.0 136.0 0.0
117.0 150.0 272.0 0.0
112.0 267.0 181.0 0.0
137.0 206.0 182.0 0.0
154.0 199.0 268.0 0.0
83.0 197.0 87.0 0.0
74.0 78.0 81.0 0.0
71.0 78.0 96.0 0.0
76.0 101.0 100.0 0.0
120.0 144.0 133.0 0.0
92.0 105.0 99.0 0.0
72.0 79.0 140.0 0.0
123.0 191.0 164.0 0.0
112.0 153.0 183.0 0.0
81.0 152.0 92.0 0.0
91.0 102.0 159.0 0.0
95.0 163.0 95.0 0.0
70.0 70.0 81.0 0.0
31.0 42.0 86.0 0.0
1.0 56.0 58.0 0.0
59.0 116.0 84.0 0.0
68.0 93.0 111.0 0.0
69.0 112.0 116.0 0.0
46.0 93.0 79.0 0.0
34.0 67.0 80.0 0.0
112.0 158.0 123.0 0.0
80.0 91.0 115.0 0.0
96.0 131.0 130.0 0.0
54.0 88.0 107.0 0.0
34.0 87.0 49.0 0.0
43.0 58.0 101.0 0.0
38.0 96.0 71.0 0.0
31.0 64.0 57.0 0.0
1.0 27.0 51.0 0.0
38.0 88.0 40.0 0.0
36.0 38.0 80.0 0.0
59.0 103.0 87.0 0.0
69.0 97.0 89.0 0.0
1.0 21.0 39.0 0.0
1.0 39.0 44.0 0.0
1.0 44.0 57.0 0.0
38.0 94.0 45.0 0.0
68.0 75.0 70.0 0.0
39.0 41.0 86.0 0.0
51.0 98.0 125.0 0.0
107.0 181.0 128.0 0.0
69.0 90.0 70.0 0.0
32.0 33.0 87.0 0.0
31.0 86.0 33.0 0.0
32.0 34.0 54.0 0.0
1.0 23.0 48.0 0.0
1.0 48.0 36.0 0.0
1.0 36.0 49.0 0.0
31.0 79.0 33.0 0.0
31.0 33.0 55.0 0.0
1.0 25.0 37.0 0.0
34.0 70.0 42.0 0.0
72.0 80.0 87.0 0.0
68.0 83.0 68.0 0.0
63.0 63.0 68.0 0.0
114.0 119.0 120.0 0.0
110.0 116.0 153.0 0.0
112.0 155.0 147.0 0.0
61.0 96.0 106.0 0.0
31.0 76.0 90.0 0.0
88.0 147.0 134.0 0.0
84.0 130.0 103.0 0.0
102.0 121.0 111.0 0.0
91.0 100.0 118.0 0.0
84.0 111.0 87.0 0.0
93.0 96.0 143.0 0.0
89.0 139.0 135.0 0.0
73.0 119.0 76.0 0.0
101.0 104.0 130.0 0.0
130.0 159.0 281.0 0.0
292.0 443.0 464.0 0.0
75.0 247.0 79.0 0.0
79.0 83.0 89.0 0.0
104.0 114.0 108.0 0.0
103.0 107.0 112.0 0.0
80.0 89.0 91.0 0.0
85.0 96.0 133.0 0.0
105.0 153.0 155.0 0.0
80.0 130.0 81.0 0.0
33.0 34.0 81.0 0.0
69.0 117.0 137.0 0.0
103.0 171.0 154.0 0.0
88.0 139.0 124.0 0.0
119.0 155.0 154.0 0.0
69.0 104.0 77.0 0.0
41.0 49.0 99.0 0.0
1.0 59.0 37.0 0.0
1.0 37.0 39.0 0.0
1.0 39.0 59.0 0.0
34.0 92.0 180.0 0.0
141.0 287.0 208.0 0.0
177.0 244.0 242.0 0.0
149.0 214.0 200.0 0.0
114.0 165.0 126.0 0.0
140.0 152.0 163.0 0.0
156.0 179.0 195.0 0.0
75.0 114.0 75.0 0.0
68.0 68.0 74.0 0.0
69.0 75.0 69.0 0.0
39.0 39.0 80.0 0.0
63.0 104.0 87.0 0.0
93.0 117.0 135.0 0.0
50.0 92.0 106.0 0.0
1.0 57.0 37.0 0.0
52.0 88.0 64.0 0.0
89.0 101.0 99.0 0.0
75.0 85.0 151.0 0.0
83.0 159.0 98.0 0.0
46.0 61.0 71.0 0.0
35.0 60.0 45.0 0.0
107.0 117.0 121.0 0.0
109.0 123.0 111.0 0.0
73.0 75.0 229.0 0.0
155.0 311.0 172.0 0.0
163.0 180.0 288.0 0.0
142.0 267.0 198.0 0.0
105.0 161.0 112.0 0.0
77.0 84.0 96.0 0.0
84.0 103.0 151.0 0.0
99.0 166.0 114.0 0.0
74.0 89.0 171.0 0.0
195.0 292.0 226.0 0.0
172.0 203.0 202.0 0.0
97.0 127.0 117.0 0.0
160.0 180.0 234.0 0.0
92.0 166.0 120.0 0.0
125.0 153.0 195.0 0.0
101.0 171.0 115.0 0.0
86.0 100.0 246.0 0.0
130.0 290.0 173.0 0.0
122.0 165.0 188.0 0.0
210.0 276.0 275.0 0.0
103.0 168.0 126.0 0.0
71.0 94.0 87.0 0.0
88.0 104.0 129.0 0.0
72.0 113.0 82.0 0.0
186.0 196.0 355.0 0.0
68.0 237.0 83.0 0.0
142.0 157.0 230.0 0.0
144.0 232.0 223.0 0.0
114.0 193.0 329.0 0.0
110.0 325.0 148.0 0.0
127.0 165.0 162.0 0.0
128.0 163.0 166.0 0.0
135.0 173.0 175.0 0.0
131.0 171.0 520.0 0.0
87.0 476.0 152.0 0.0
129.0 194.0 172.0 0.0
54.0 97.0 60.0 0.0
51.0 57.0 96.0 0.0
131.0 176.0 132.0 0.0
121.0 122.0 348.0 0.0
239.0 466.0 314.0 0.0
142.0 217.0 230.0 0.0
89.0 177.0 196.0 0.0
136.0 243.0 204.0 0.0
151.0 219.0 171.0 0.0
71.0 91.0 90.0 0.0
99.0 118.0 118.0 0.0
103.0 122.0 176.0 0.0
185.0 258.0 293.0 0.0
78.0 186.0 126.0 0.0
76.0 124.0 99.0 0.0
86.0 109.0 90.0 0.0
83.0 87.0 96.0 0.0
76.0 89.0 98.0 0.0
35.0 57.0 95.0 0.0
36.0 96.0 43.0 0.0
78.0 85.0 150.0 0.0
74.0 146.0 136.0 0.0
93.0 155.0 130.0 0.0
95.0 132.0 212.0 0.0
95.0 212.0 116.0 0.0
63.0 84.0 79.0 0.0
39.0 55.0 96.0 0.0
54.0 111.0 97.0 0.0
151.0 194.0 170.0 0.0
164.0 183.0 198.0 0.0
94.0 128.0 151.0 0.0
112.0 169.0 154.0 0.0
1.0 43.0 49.0 0.0
1.0 49.0 46.0 0.0
35.0 80.0 37.0 0.0
68.0 70.0 104.0 0.0
86.0 122.0 193.0 0.0
140.0 247.0 160.0 0.0
95.0 115.0 97.0 0.0
74.0 76.0 148.0 0.0
91.0 165.0 426.0 0.0
350.0 685.0 746.0 0.0
168.0 564.0 176.0 0.0
83.0 91.0 114.0 0.0
105.0 136.0 135.0 0.0
252.0 282.0 371.0 0.0
115.0 234.0 122.0 0.0
71.0 78.0 76.0 0.0
100.0 105.0 131.0 0.0
106.0 137.0 138.0 0.0
95.0 127.0 161.0 0.0
164.0 230.0 292.0 0.0
175.0 303.0 210.0 0.0
96.0 131.0 114.0 0.0
71.0 89.0 86.0 0.0
79.0 94.0 104.0 0.0
84.0 109.0 100.0 0.0
70.0 86.0 77.0 0.0
91.0 98.0 110.0 0.0
90.0 109.0 117.0 0.0
89.0 116.0 139.0 0.0
86.0 136.0 92.0 0.0
122.0 128.0 165.0 0.0
44.0 87.0 93.0 0.0
41.0 90.0 45.0 0.0
76.0 80.0 150.0 0.0
161.0 235.0 277.0 0.0
91.0 207.0 118.0 0.0
33.0 60.0 65.0 0.0
1.0 33.0 44.0 0.0
49.0 92.0 64.0 0.0
66.0 81.0 72.0 0.0
38.0 44.0 71.0 0.0
1.0 34.0 56.0 0.0
1.0 56.0 51.0 0.0
1.0 51.0 40.0 0.0
1.0 40.0 34.0 0.0
55.0 88.0 77.0 0.0
72.0 94.0 146.0 0.0
158.0 232.0 272.0 0.0
131.0 245.0 200.0 0.0
106.0 175.0 170.0 0.0
82.0 146.0 168.0 0.0
95.0 181.0 123.0 0.0
73.0 101.0 115.0 0.0
72.0 114.0 78.0 0.0
93.0 99.0 127.0 0.0
84.0 118.0 113.0 0.0
111.0 140.0 135.0 0.0
64.0 88.0 72.0 0.0
63.0 71.0 72.0 0.0
68.0 77.0 71.0 0.0
70.0 73.0 71.0 0.0
66.0 67.0 67.0 0.0
32.0 33.0 58.0 0.0
54.0 80.0 126.0 0.0
36.0 108.0 80.0 0.0
42.0 86.0 79.0 0.0
107.0 144.0 146.0 0.0
75.0 114.0 81.0 0.0
91.0 97.0 127.0 0.0
104.0 140.0 133.0 0.0
112.0 141.0 207.0 0.0
148.0 243.0 189.0 0.0
75.0 116.0 77.0 0.0
82.0 84.0 157.0 0.0
90.0 165.0 119.0 0.0
37.0 66.0 60.0 0.0
34.0 57.0 35.0 0.0
35.0 36.0 67.0 0.0
74.0 106.0 95.0 0.0
120.0 141.0 268.0 0.0
165.0 313.0 249.0 0.0
338.0 422.0 0.0 0.0
63.0 233.0 64.0 1.0
153.0 208.0 202.0 1.0
75.0 124.0 89.0 1.0
81.0 140.0 86.0 1.0
71.0 76.0 346.0 1.0
269.0 0.0 827.0 0.0
457.0 1015.0 896.0 0.0
233.0 672.0 581.0 0.0
233.0 581.0 249.0 0.0
213.0 229.0 356.0 0.0
73.0 216.0 295.0 0.0
221.0 443.0 280.0 0.0
143.0 202.0 165.0 0.0
103.0 125.0 164.0 0.0
69.0 130.0 160.0 0.0
81.0 172.0 123.0 0.0
67.0 109.0 136.0 0.0
203.0 272.0 282.0 0.0
159.0 238.0 253.0 0.0
97.0 191.0 133.0 0.0
93.0 129.0 140.0 0.0
153.0 200.0 335.0 0.0
79.0 261.0 117.0 0.0
103.0 141.0 165.0 0.0
71.0 133.0 221.0 0.0
135.0 285.0 163.0 0.0
145.0 173.0 310.0 0.0
79.0 244.0 154.0 0.0
105.0 180.0 266.0 0.0
65.0 226.0 66.0 0.0
67.0 68.0 152.0 0.0
77.0 162.0 120.0 0.0
137.0 180.0 176.0 0.0
71.0 110.0 120.0 0.0
79.0 128.0 88.0 0.0
95.0 104.0 112.0 0.0
85.0 102.0 255.0 0.0
61.0 62.0 75.0 0.0
63.0 77.0 100.0 0.0
115.0 152.0 166.0 0.0
125.0 176.0 142.0 0.0
107.0 124.0 166.0 0.0
61.0 120.0 86.0 0.0
83.0 108.0 107.0 0.0
79.0 103.0 128.0 0.0
63.0 112.0 72.0 0.0
63.0 72.0 148.0 0.0
1.0 86.0 62.0 0.0
1.0 62.0 47.0 0.0
71.0 117.0 163.0 0.0
75.0 167.0 83.0 0.0
67.0 75.0 83.0 0.0
67.0 83.0 159.0 0.0
65.0 157.0 90.0 0.0
65.0 90.0 98.0 0.0
63.0 96.0 85.0 0.0
69.0 91.0 123.0 0.0
1.0 55.0 58.0 0.0
1.0 58.0 85.0 0.0
1.0 85.0 42.0 0.0
1.0 42.0 102.0 0.0
1.0 102.0 55.0 0.0
1.0 55.0 65.0 0.0
61.0 125.0 65.0 0.0
61.0 65.0 94.0 0.0
1.0 34.0 35.0 0.0
1.0 35.0 41.0 0.0
1.0 41.0 55.0 0.0
1.0 55.0 342.0 0.0
81.0 422.0 94.0 0.0
71.0 84.0 254.0 0.0
1.0 184.0 23.0 0.0
1.0 23.0 16.0 0.0
1.0 16.0 23.0 0.0
1.0 23.0 24.0 0.0
1.0 24.0 44.0 0.0
65.0 108.0 103.0 0.0
137.0 175.0 161.0 0.0
109.0 133.0 746.0 0.0
99.0 736.0 310.0 0.0
81.0 292.0 169.0 0.0
71.0 159.0 92.0 0.0
71.0 92.0 126.0 0.0
61.0 75.0 77.0 0.0
73.0 89.0 146.0 0.0
65.0 138.0 70.0 0.0
71.0 76.0 137.0 0.0
91.0 157.0 164.0 0.0
117.0 190.0 393.0 0.0
205.0 481.0 281.0 0.0
289.0 365.0 748.0 0.0
179.0 638.0 883.0 0.0
197.0 901.0 408.0 0.0
1.0 212.0 55.0 0.0
1.0 55.0 54.0 0.0
75.0 128.0 115.0 0.0
69.0 109.0 118.0 0.0
1.0 50.0 41.0 0.0
1.0 41.0 55.0 0.0
1.0 55.0 43.0 0.0
1.0 43.0 65.0 0.0
91.0 155.0 137.0 0.0
73.0 119.0 95.0 0.0
83.0 105.0 223.0 0.0
133.0 273.0 165.0 0.0
89.0 121.0 100.0 0.0
75.0 86.0 114.0 0.0
1.0 40.0 46.0 0.0
1.0 46.0 46.0 0.0
1.0 46.0 38.0 0.0
1.0 38.0 119.0 0.0
79.0 197.0 98.0 0.0
73.0 92.0 109.0 0.0
1.0 37.0 60.0 0.0
1.0 60.0 126.0 0.0
73.0 198.0 119.0 0.0
1.0 47.0 52.0 0.0
1.0 52.0 33.0 0.0
65.0 97.0 115.0 0.0
1.0 51.0 49.0 0.0
1.0 49.0 92.0 0.0
63.0 154.0 64.0 0.0
61.0 62.0 244.0 0.0
63.0 246.0 67.0 0.0
63.0 67.0 120.0 0.0
93.0 150.0 156.0 0.0
67.0 130.0 181.0 0.0
183.0 297.0 264.0 0.0
83.0 164.0 100.0 0.0
67.0 84.0 127.0 0.0
151.0 211.0 187.0 0.0
169.0 205.0 262.0 0.0
1.0 94.0 59.0 0.0
1.0 59.0 124.0 0.0
75.0 198.0 131.0 0.0
65.0 121.0 71.0 0.0
61.0 67.0 73.0 0.0
65.0 77.0 159.0 0.0
65.0 159.0 67.0 0.0
67.0 69.0 94.0 0.0
77.0 104.0 125.0 0.0
1.0 49.0 52.0 0.0
1.0 52.0 73.0 0.0
65.0 137.0 76.0 0.0
73.0 84.0 123.0 0.0
63.0 113.0 79.0 0.0
67.0 83.0 76.0 0.0
75.0 84.0 91.0 0.0
83.0 99.0 116.0 0.0
61.0 94.0 244.0 0.0
167.0 350.0 356.0 0.0
73.0 262.0 194.0 0.0
161.0 282.0 201.0 0.0
189.0 229.0 433.0 0.0
155.0 399.0 221.0 0.0
121.0 187.0 234.0 0.0
85.0 198.0 118.0 0.0
63.0 96.0 81.0 0.0
71.0 89.0 87.0 0.0
67.0 83.0 132.0 0.0
63.0 128.0 120.0 0.0
71.0 128.0 80.0 0.0
63.0 72.0 97.0 0.0
113.0 147.0 128.0 0.0
103.0 118.0 278.0 0.0
69.0 244.0 100.0 0.0
69.0 100.0 101.0 0.0
63.0 95.0 166.0 0.0
97.0 200.0 128.0 0.0
121.0 152.0 273.0 0.0
105.0 257.0 127.0 0.0
69.0 91.0 85.0 0.0
91.0 107.0 199.0 0.0
117.0 225.0 158.0 0.0
61.0 102.0 163.0 0.0
1.0 103.0 60.0 0.0
1.0 60.0 81.0 0.0
65.0 145.0 136.0 0.0
63.0 134.0 269.0 0.0
93.0 299.0 162.0 0.0
67.0 136.0 80.0 0.0
65.0 78.0 89.0 0.0
95.0 119.0 177.0 0.0
1.0 83.0 57.0 0.0
1.0 57.0 130.0 0.0
1.0 130.0 47.0 0.0
1.0 47.0 50.0 0.0
99.0 148.0 167.0 0.0
1.0 69.0 26.0 0.0
1.0 26.0 65.0 0.0
1.0 65.0 37.0 0.0
1.0 37.0 78.0 0.0
127.0 204.0 190.0 0.0
1.0 64.0 20.0 0.0
1.0 20.0 73.0 0.0
1.0 73.0 7.0 0.0
1.0 7.0 152.0 0.0
1.0 152.0 14.0 0.0
1.0 14.0 35.0 0.0
1.0 35.0 34.0 0.0
1.0 34.0 48.0 0.0
1.0 48.0 14.0 0.0
1.0 14.0 71.0 0.0
87.0 157.0 245.0 0.0
89.0 247.0 231.0 0.0
133.0 275.0 646.0 0.0
91.0 604.0 147.0 0.0
99.0 155.0 176.0 0.0
75.0 152.0 341.0 0.0
67.0 333.0 145.0 0.0
61.0 139.0 62.0 0.0
63.0 64.0 78.0 0.0
71.0 86.0 72.0 0.0
73.0 74.0 105.0 0.0
75.0 107.0 82.0 0.0
61.0 68.0 72.0 0.0
61.0 72.0 74.0 0.0
67.0 80.0 70.0 0.0
69.0 72.0 91.0 0.0
61.0 83.0 73.0 0.0
67.0 79.0 175.0 0.0
79.0 187.0 138.0 0.0
97.0 156.0 132.0 0.0
87.0 122.0 118.0 0.0
61.0 92.0 175.0 0.0
139.0 253.0 180.0 0.0
83.0 124.0 106.0 0.0
75.0 98.0 141.0 0.0
79.0 145.0 89.0 0.0
73.0 83.0 106.0 0.0
71.0 104.0 196.0 0.0
1.0 126.0 31.0 0.0
1.0 31.0 50.0 0.0
1.0 50.0 122.0 0.0
1.0 122.0 54.0 0.0
1.0 54.0 49.0 0.0
1.0 49.0 103.0 0.0
1.0 103.0 54.0 0.0
1.0 54.0 46.0 0.0
1.0 46.0 99.0 0.0
61.0 159.0 66.0 0.0
65.0 70.0 69.0 0.0
61.0 65.0 75.0 0.0
61.0 75.0 92.0 0.0
67.0 98.0 67.0 0.0
67.0 67.0 81.0 0.0
61.0 75.0 85.0 0.0
85.0 109.0 154.0 0.0
83.0 152.0 121.0 0.0
77.0 115.0 110.0 0.0
61.0 94.0 75.0 0.0
63.0 77.0 67.0 0.0
61.0 65.0 100.0 0.0
83.0 122.0 141.0 0.0
61.0 119.0 64.0 0.0
61.0 64.0 110.0 0.0
71.0 120.0 112.0 0.0
1.0 42.0 56.0 0.0
1.0 56.0 46.0 0.0
65.0 110.0 171.0 0.0
65.0 171.0 114.0 0.0
105.0 154.0 243.0 0.0
199.0 337.0 252.0 0.0
103.0 156.0 144.0 0.0
165.0 206.0 280.0 0.0
65.0 180.0 72.0 0.0
75.0 82.0 78.0 0.0
75.0 78.0 96.0 0.0
71.0 92.0 123.0 0.0
77.0 129.0 138.0 0.0
63.0 124.0 75.0 0.0
75.0 87.0 189.0 0.0
65.0 179.0 128.0 0.0
97.0 160.0 167.0 0.0
73.0 143.0 115.0 0.0
63.0 105.0 160.0 0.0
67.0 164.0 81.0 0.0
61.0 75.0 103.0 0.0
1.0 43.0 56.0 0.0
1.0 56.0 58.0 0.0
1.0 58.0 80.0 0.0
81.0 160.0 112.0 0.0
79.0 110.0 164.0 0.0
1.0 86.0 34.0 0.0
1.0 34.0 93.0 0.0
93.0 185.0 109.0 0.0
85.0 101.0 105.0 0.0
95.0 115.0 194.0 0.0
1.0 100.0 54.0 0.0
1.0 54.0 91.0 0.0
1.0 91.0 59.0 0.0
1.0 59.0 101.0 0.0
1.0 101.0 27.0 0.0
1.0 27.0 51.0 0.0
1.0 51.0 75.0 0.0
1.0 75.0 45.0 0.0
1.0 45.0 155.0 0.0
1.0 155.0 21.0 0.0
1.0 21.0 39.0 0.0
1.0 39.0 44.0 0.0
1.0 44.0 57.0 0.0
1.0 57.0 40.0 0.0
75.0 114.0 113.0 0.0
1.0 39.0 48.0 0.0
1.0 48.0 161.0 0.0
77.0 237.0 100.0 0.0
61.0 84.0 93.0 0.0
1.0 33.0 56.0 0.0
1.0 56.0 64.0 0.0
1.0 64.0 23.0 0.0
1.0 23.0 48.0 0.0
1.0 48.0 36.0 0.0
1.0 36.0 49.0 0.0
1.0 49.0 63.0 0.0
1.0 63.0 25.0 0.0
1.0 25.0 37.0 0.0
1.0 37.0 42.0 0.0
67.0 108.0 92.0 0.0
63.0 88.0 64.0 0.0
63.0 64.0 71.0 0.0
61.0 69.0 124.0 0.0
143.0 206.0 167.0 0.0
103.0 127.0 185.0 0.0
1.0 83.0 46.0 0.0
1.0 46.0 84.0 0.0
95.0 178.0 151.0 0.0
67.0 123.0 100.0 0.0
83.0 116.0 112.0 0.0
87.0 116.0 126.0 0.0
67.0 106.0 70.0 0.0
67.0 70.0 137.0 0.0
117.0 187.0 143.0 0.0
73.0 99.0 76.0 0.0
71.0 74.0 160.0 0.0
83.0 172.0 223.0 0.0
315.0 455.0 480.0 0.0
83.0 248.0 92.0 0.0
75.0 84.0 86.0 0.0
71.0 82.0 138.0 0.0
77.0 144.0 82.0 0.0
69.0 74.0 82.0 0.0
85.0 98.0 141.0 0.0
71.0 127.0 171.0 0.0
65.0 165.0 98.0 0.0
1.0 34.0 49.0 0.0
1.0 49.0 143.0 0.0
115.0 257.0 155.0 0.0
71.0 111.0 123.0 0.0
115.0 167.0 142.0 0.0
79.0 106.0 123.0 0.0
1.0 45.0 59.0 0.0
1.0 59.0 37.0 0.0
1.0 37.0 39.0 0.0
1.0 39.0 59.0 0.0
1.0 59.0 174.0 0.0
107.0 280.0 260.0 0.0
135.0 288.0 192.0 0.0
143.0 200.0 256.0 0.0
63.0 176.0 79.0 0.0
63.0 79.0 212.0 0.0
101.0 250.0 151.0 0.0
65.0 115.0 66.0 0.0
63.0 64.0 72.0 0.0
65.0 74.0 108.0 0.0
1.0 44.0 42.0 0.0
1.0 42.0 81.0 0.0
117.0 197.0 190.0 0.0
1.0 74.0 57.0 0.0
1.0 57.0 37.0 0.0
1.0 37.0 81.0 0.0
79.0 159.0 84.0 0.0
73.0 78.0 162.0 0.0
71.0 160.0 130.0 0.0
1.0 60.0 26.0 0.0
1.0 26.0 45.0 0.0
83.0 127.0 166.0 0.0
63.0 146.0 66.0 0.0
63.0 66.0 298.0 0.0
89.0 324.0 109.0 0.0
63.0 83.0 265.0 0.0
151.0 353.0 245.0 0.0
79.0 173.0 88.0 0.0
73.0 82.0 91.0 0.0
69.0 87.0 177.0 0.0
81.0 189.0 94.0 0.0
61.0 74.0 215.0 0.0
79.0 233.0 231.0 0.0
111.0 263.0 127.0 0.0
107.0 123.0 116.0 0.0
125.0 134.0 244.0 0.0
111.0 230.0 119.0 0.0
107.0 115.0 242.0 0.0
65.0 200.0 79.0 0.0
61.0 75.0 245.0 0.0
97.0 281.0 161.0 0.0
173.0 237.0 255.0 0.0
69.0 151.0 257.0 0.0
69.0 257.0 94.0 0.0
63.0 88.0 87.0 0.0
67.0 91.0 126.0 0.0
71.0 346.0 89.0 0.0
73.0 91.0 177.0 0.0
205.0 309.0 290.0 0.0
69.0 154.0 297.0 0.0
137.0 365.0 194.0 0.0
79.0 136.0 129.0 0.0
147.0 197.0 166.0 0.0
117.0 136.0 192.0 0.0
155.0 230.0 460.0 0.0
155.0 460.0 238.0 0.0
117.0 200.0 185.0 0.0
1.0 69.0 7.0 0.0
1.0 7.0 141.0 0.0
85.0 225.0 98.0 0.0
63.0 76.0 436.0 0.0
133.0 506.0 208.0 0.0
77.0 152.0 170.0 0.0
195.0 288.0 248.0 0.0
153.0 206.0 301.0 0.0
73.0 221.0 88.0 0.0
71.0 86.0 82.0 0.0
81.0 92.0 142.0 0.0
95.0 156.0 165.0 0.0
91.0 161.0 294.0 0.0
67.0 270.0 122.0 0.0
61.0 116.0 102.0 0.0
71.0 112.0 95.0 0.0
75.0 99.0 84.0 0.0
77.0 86.0 135.0 0.0
1.0 59.0 61.0 0.0
1.0 61.0 44.0 0.0
73.0 116.0 126.0 0.0
131.0 184.0 181.0 0.0
67.0 117.0 107.0 0.0
77.0 117.0 221.0 0.0
77.0 221.0 97.0 0.0
83.0 103.0 128.0 0.0
1.0 46.0 58.0 0.0
1.0 58.0 76.0 0.0
117.0 192.0 276.0 0.0
73.0 232.0 95.0 0.0
99.0 121.0 280.0 0.0
1.0 182.0 43.0 0.0
1.0 43.0 49.0 0.0
1.0 49.0 46.0 0.0
1.0 46.0 41.0 0.0
65.0 105.0 97.0 0.0
105.0 137.0 257.0 0.0
91.0 243.0 117.0 0.0
67.0 93.0 88.0 0.0
63.0 84.0 132.0 0.0
77.0 146.0 391.0 0.0
497.0 811.0 893.0 0.0
63.0 459.0 70.0 0.0
75.0 82.0 139.0 0.0
83.0 147.0 113.0 0.0
117.0 147.0 421.0 0.0
61.0 365.0 68.0 0.0
65.0 72.0 74.0 0.0
81.0 90.0 119.0 0.0
105.0 143.0 167.0 0.0
69.0 131.0 155.0 0.0
201.0 287.0 358.0 0.0
129.0 286.0 160.0 0.0
79.0 110.0 86.0 0.0
89.0 96.0 99.0 0.0
69.0 79.0 106.0 0.0
71.0 108.0 94.0 0.0
65.0 88.0 76.0 0.0
71.0 82.0 102.0 0.0
93.0 124.0 134.0 0.0
89.0 130.0 134.0 0.0
67.0 112.0 96.0 0.0
73.0 102.0 197.0 0.0
1.0 125.0 50.0 0.0
1.0 50.0 48.0 0.0
85.0 132.0 154.0 0.0
77.0 146.0 264.0 0.0
75.0 262.0 156.0 0.0
1.0 82.0 33.0 0.0
1.0 33.0 44.0 0.0
1.0 44.0 60.0 0.0
75.0 134.0 113.0 0.0
1.0 39.0 34.0 0.0
1.0 34.0 56.0 0.0
1.0 56.0 51.0 0.0
1.0 51.0 40.0 0.0
1.0 40.0 34.0 0.0
1.0 34.0 79.0 0.0
61.0 139.0 163.0 0.0
153.0 255.0 195.0 0.0
201.0 243.0 251.0 0.0
133.0 183.0 172.0 0.0
107.0 146.0 188.0 0.0
89.0 170.0 94.0 0.0
95.0 100.0 128.0 0.0
65.0 98.0 75.0 0.0
79.0 89.0 149.0 0.0
65.0 135.0 116.0 0.0
65.0 116.0 115.0 0.0
65.0 115.0 68.0 0.0
67.0 70.0 72.0 0.0
71.0 76.0 76.0 0.0
67.0 72.0 70.0 0.0
65.0 68.0 97.0 0.0
1.0 33.0 27.0 0.0
1.0 27.0 161.0 0.0
1.0 161.0 45.0 0.0
1.0 45.0 74.0 0.0
113.0 186.0 152.0 0.0
73.0 112.0 77.0 0.0
79.0 83.0 143.0 0.0
69.0 133.0 142.0 0.0
77.0 150.0 258.0 0.0
81.0 262.0 109.0 0.0
81.0 109.0 94.0 0.0
63.0 76.0 136.0 0.0
89.0 162.0 166.0 0.0
1.0 78.0 24.0 0.0
1.0 24.0 69.0 0.0
1.0 69.0 33.0 0.0
1.0 33.0 102.0 0.0
119.0 220.0 230.0 0.0
235.0 346.0 292.0 0.0
193.0 250.0 0.0 0.0
1.0 0.0 168.0 1.0
1.0 168.0 77.0 1.0
1.0 77.0 52.0 1.0
1.0 42.0 74.0 1.0
1.0 23.0 22.0 1.0
1.0 22.0 88.0 1.0
1.0 88.0 92.0 1.0
1.0 92.0 69.0 1.0
1.0 256.0 331.0 1.0
1.0 331.0 153.0 1.0
1.0 153.0 192.0 1.0
1.0 192.0 159.0 1.0
1.0 159.0 207.0 1.0
1.0 207.0 171.0 1.0
1.0 171.0 167.0 1.0
1.0 167.0 154.0 1.0
1.0 154.0 105.0 1.0
1.0 226.0 159.0 1.0
1.0 308.0 147.0 1.0
1.0 147.0 243.0 1.0
1.0 92.0 201.0 1.0
1.0 201.0 117.0 1.0
1.0 117.0 262.0 1.0
1.0 262.0 1179.0 1.0
1.0 1179.0 221.0 1.0
1.0 221.0 199.0 1.0
1.0 199.0 309.0 1.0
1.0 309.0 256.0 1.0
1.0 256.0 279.0 1.0
1.0 279.0 303.0 1.0
1.0 303.0 167.0 1.0
1.0 167.0 237.0 1.0
1.0 237.0 224.0 1.0
1.0 224.0 117.0 1.0
1.0 117.0 39.0 1.0
1.0 76.0 129.0 1.0
1.0 71.0 56.0 1.0
1.0 56.0 130.0 1.0
1.0 220.0 121.0 1.0
1.0 121.0 61.0 1.0
1.0 61.0 65.0 1.0
1.0 276.0 86.0 1.0
1.0 86.0 242.0 1.0
1.0 242.0 123.0 1.0
1.0 123.0 72.0 1.0
1.0 72.0 140.0 1.0
1.0 130.0 148.0 1.0
1.0 115.0 84.0 1.0
1.0 84.0 424.0 1.0
1.0 123.0 114.0 1.0
1.0 38.0 157.0 1.0
1.0 70.0 76.0 1.0
1.0 76.0 62.0 1.0
1.0 62.0 88.0 1.0
1.0 88.0 66.0 1.0
1.0 109.0 238.0 1.0
1.0 238.0 129.0 1.0
1.0 169.0 205.0 1.0
1.0 205.0 108.0 1.0
1.0 108.0 82.0 1.0
1.0 82.0 38.0 1.0
1.0 38.0 76.0 1.0
1.0 76.0 182.0 1.0
1.0 182.0 73.0 1.0
1.0 73.0 142.0 1.0
1.0 142.0 33.0 1.0
1.0 33.0 25.0 1.0
1.0 68.0 30.0 1.0
1.0 30.0 74.0 1.0
1.0 74.0 85.0 1.0
1.0 85.0 115.0 1.0
1.0 115.0 72.0 1.0
1.0 72.0 121.0 1.0
1.0 121.0 128.0 1.0
1.0 128.0 62.0 1.0
1.0 62.0 16.0 1.0
1.0 16.0 44.0 1.0
1.0 44.0 22.0 1.0
1.0 31.0 46.0 1.0
1.0 46.0 31.0 1.0
1.0 31.0 46.0 1.0
1.0 46.0 33.0 1.0
1.0 33.0 55.0 1.0
1.0 55.0 22.0 1.0
1.0 22.0 35.0 1.0
1.0 35.0 107.0 1.0
1.0 107.0 130.0 1.0
1.0 195.0 103.0 1.0
1.0 103.0 113.0 1.0
1.0 113.0 123.0 1.0
1.0 123.0 477.0 1.0
1.0 477.0 289.0 1.0
1.0 289.0 225.0 1.0
1.0 225.0 530.0 1.0
1.0 530.0 194.0 1.0
1.0 194.0 270.0 1.0
1.0 270.0 242.0 1.0
1.0 242.0 346.0 1.0
1.0 346.0 148.0 1.0
1.0 148.0 124.0 1.0
1.0 138.0 151.0 1.0
1.0 151.0 73.0 1.0
1.0 73.0 55.0 1.0
1.0 112.0 134.0 1.0
1.0 134.0 175.0 1.0
1.0 175.0 195.0 1.0
1.0 195.0 152.0 1.0
1.0 152.0 84.0 1.0
1.0 84.0 132.0 1.0
1.0 132.0 121.0 1.0
1.0 121.0 98.0 1.0
1.0 98.0 109.0 1.0
1.0 109.0 98.0 1.0
1.0 98.0 164.0 1.0
1.0 164.0 123.0 1.0
1.0 146.0 94.0 1.0
1.0 36.0 45.0 1.0
1.0 45.0 33.0 1.0
1.0 27.0 39.0 1.0
1.0 39.0 48.0 1.0
1.0 48.0 156.0 1.0
1.0 156.0 33.0 1.0
1.0 18.0 46.0 1.0
1.0 46.0 15.0 1.0
1.0 45.0 16.0 1.0
1.0 16.0 31.0 1.0
1.0 19.0 15.0 1.0
1.0 19.0 15.0 1.0
1.0 15.0 33.0 1.0
1.0 44.0 117.0 1.0
1.0 117.0 110.0 1.0
1.0 110.0 150.0 1.0
1.0 113.0 151.0 1.0
1.0 151.0 114.0 1.0
1.0 114.0 49.0 1.0
1.0 49.0 116.0 1.0
1.0 116.0 196.0 1.0
1.0 196.0 124.0 1.0
1.0 124.0 413.0 1.0
1.0 413.0 258.0 1.0
1.0 258.0 295.0 1.0
1.0 295.0 105.0 1.0
1.0 105.0 179.0 1.0
1.0 179.0 309.0 1.0
1.0 309.0 280.0 1.0
1.0 280.0 295.0 1.0
1.0 295.0 306.0 1.0
1.0 208.0 160.0 1.0
1.0 160.0 148.0 1.0
1.0 140.0 149.0 1.0
1.0 188.0 211.0 1.0
1.0 211.0 87.0 1.0
1.0 87.0 158.0 1.0
1.0 158.0 235.0 1.0
1.0 235.0 146.0 1.0
1.0 146.0 112.0 1.0
1.0 112.0 53.0 1.0
1.0 53.0 63.0 1.0
1.0 101.0 105.0 1.0
1.0 105.0 250.0 1.0
1.0 250.0 175.0 1.0
1.0 77.0 201.0 1.0
1.0 321.0 205.0 1.0
1.0 205.0 424.0 1.0
1.0 424.0 252.0 1.0
1.0 504.0 447.0 1.0
1.0 230.0 415.0 1.0
1.0 415.0 152.0 1.0
1.0 152.0 136.0 1.0
1.0 136.0 121.0 1.0
1.0 98.0 92.0 1.0
1.0 92.0 61.0 1.0
1.0 61.0 115.0 1.0
1.0 168.0 121.0 1.0
1.0 121.0 61.0 1.0
1.0 61.0 76.0 1.0
1.0 76.0 151.0 1.0
1.0 151.0 65.0 1.0
1.0 65.0 163.0 1.0
1.0 163.0 133.0 1.0
1.0 176.0 236.0 1.0
1.0 236.0 182.0 1.0
1.0 79.0 61.0 1.0
1.0 61.0 76.0 1.0
1.0 49.0 99.0 1.0
1.0 118.0 73.0 1.0
1.0 181.0 297.0 1.0
1.0 297.0 33.0 1.0
1.0 70.0 55.0 1.0
1.0 79.0 58.0 1.0
1.0 212.0 264.0 1.0
1.0 264.0 274.0 1.0
1.0 188.0 182.0 1.0
1.0 156.0 85.0 1.0
1.0 85.0 140.0 1.0
1.0 140.0 122.0 1.0
1.0 67.0 124.0 1.0
1.0 124.0 115.0 1.0
1.0 115.0 160.0 1.0
1.0 123.0 188.0 1.0
1.0 231.0 185.0 1.0
1.0 185.0 116.0 1.0
1.0 116.0 105.0 1.0
1.0 105.0 108.0 1.0
1.0 108.0 93.0 1.0
1.0 93.0 163.0 1.0
1.0 93.0 319.0 1.0
1.0 319.0 242.0 1.0
1.0 242.0 581.0 1.0
1.0 581.0 276.0 1.0
1.0 276.0 260.0 1.0
1.0 260.0 190.0 1.0
1.0 190.0 142.0 1.0
1.0 142.0 114.0 1.0
1.0 114.0 161.0 1.0
2.0 162.0 106.0 1.0
1.0 105.0 100.0 1.0
1.0 100.0 64.0 1.0
1.0 64.0 80.0 1.0
1.0 80.0 69.0 1.0
1.0 69.0 59.0 1.0
1.0 59.0 129.0 1.0
1.0 129.0 132.0 1.0
1.0 132.0 181.0 1.0
1.0 181.0 59.0 1.0
1.0 59.0 134.0 1.0
1.0 134.0 128.0 1.0
1.0 128.0 62.0 1.0
1.0 62.0 126.0 1.0
1.0 126.0 68.0 1.0
1.0 68.0 51.0 1.0
1.0 51.0 118.0 1.0
1.0 118.0 64.0 1.0
1.0 76.0 68.0 1.0
1.0 68.0 70.0 1.0
1.0 70.0 33.0 1.0
1.0 33.0 123.0 1.0
1.0 123.0 52.0 1.0
1.0 19.0 60.0 1.0
1.0 60.0 39.0 1.0
1.0 97.0 89.0 1.0
1.0 89.0 262.0 1.0
1.0 262.0 141.0 1.0
1.0 93.0 88.0 1.0
1.0 88.0 165.0 1.0
1.0 165.0 113.0 1.0
1.0 113.0 151.0 1.0
1.0 151.0 101.0 1.0
1.0 101.0 72.0 1.0
1.0 72.0 232.0 1.0
1.0 232.0 118.0 1.0
1.0 118.0 125.0 1.0
1.0 128.0 53.0 1.0
1.0 53.0 149.0 1.0
1.0 773.0 280.0 1.0
1.0 280.0 220.0 1.0
1.0 220.0 279.0 1.0
1.0 279.0 554.0 1.0
1.0 554.0 357.0 1.0
1.0 357.0 515.0 1.0
1.0 515.0 228.0 1.0
1.0 228.0 219.0 1.0
1.0 219.0 150.0 1.0
1.0 150.0 200.0 1.0
1.0 200.0 215.0 1.0
2.0 216.0 243.0 1.0
1.0 242.0 158.0 1.0
1.0 158.0 220.0 1.0
1.0 220.0 180.0 1.0
1.0 98.0 93.0 1.0
1.0 91.0 77.0 1.0
1.0 77.0 142.0 1.0
1.0 142.0 116.0 1.0
1.0 116.0 169.0 1.0
1.0 169.0 97.0 1.0
1.0 56.0 40.0 1.0
1.0 191.0 70.0 1.0
1.0 70.0 81.0 1.0
1.0 81.0 120.0 1.0
1.0 120.0 99.0 1.0
1.0 33.0 19.0 1.0
1.0 19.0 18.0 1.0
1.0 31.0 24.0 1.0
1.0 24.0 34.0 1.0
1.0 39.0 21.0 1.0
1.0 21.0 25.0 1.0
1.0 25.0 21.0 1.0
1.0 12.0 29.0 1.0
1.0 29.0 287.0 1.0
1.0 287.0 52.0 1.0
2.0 68.0 47.0 1.0
1.0 46.0 60.0 1.0
1.0 60.0 49.0 1.0
1.0 49.0 73.0 1.0
1.0 73.0 98.0 1.0
1.0 98.0 62.0 1.0
1.0 62.0 39.0 1.0
1.0 39.0 53.0 1.0
1.0 53.0 138.0 1.0
1.0 41.0 137.0 1.0
1.0 137.0 130.0 1.0
1.0 130.0 125.0 1.0
1.0 125.0 113.0 1.0
1.0 113.0 101.0 1.0
1.0 101.0 127.0 1.0
1.0 127.0 118.0 1.0
1.0 118.0 212.0 1.0
1.0 212.0 285.0 1.0
1.0 285.0 150.0 1.0
1.0 150.0 138.0 1.0
1.0 138.0 96.0 1.0
1.0 96.0 108.0 1.0
1.0 108.0 188.0 1.0
1.0 188.0 97.0 1.0
1.0 97.0 71.0 1.0
1.0 71.0 174.0 1.0
1.0 174.0 794.0 1.0
1.0 794.0 750.0 1.0
1.0 750.0 264.0 1.0
1.0 230.0 129.0 1.0
1.0 129.0 81.0 1.0
1.0 81.0 61.0 1.0
1.0 61.0 84.0 1.0
1.0 117.0 98.0 1.0
1.0 98.0 232.0 1.0
1.0 232.0 86.0 1.0
1.0 86.0 62.0 1.0
1.0 62.0 207.0 1.0
1.0 111.0 110.0 1.0
1.0 110.0 72.0 1.0
1.0 72.0 74.0 1.0
1.0 74.0 170.0 1.0
1.0 170.0 46.0 1.0
1.0 46.0 270.0 1.0
1.0 52.0 191.0 1.0
1.0 191.0 293.0 1.0
1.0 293.0 125.0 1.0
1.0 350.0 420.0 1.0
1.0 420.0 256.0 1.0
1.0 256.0 425.0 1.0
1.0 425.0 184.0 1.0
1.0 184.0 428.0 1.0
1.0 428.0 187.0 1.0
1.0 223.0 669.0 1.0
1.0 52.0 37.0 0.0
1.0 37.0 42.0 0.0
1.0 74.0 23.0 0.0
1.0 69.0 256.0 0.0
1.0 105.0 18.0 0.0
1.0 18.0 226.0 0.0
1.0 159.0 308.0 0.0
1.0 243.0 101.0 0.0
1.0 101.0 267.0 0.0
1.0 267.0 92.0 0.0
1.0 39.0 28.0 0.0
1.0 28.0 28.0 0.0
1.0 28.0 83.0 0.0
1.0 83.0 76.0 0.0
1.0 129.0 71.0 0.0
1.0 130.0 220.0 0.0
1.0 65.0 103.0 0.0
1.0 103.0 276.0 0.0
1.0 140.0 130.0 0.0
1.0 148.0 109.0 0.0
1.0 109.0 132.0 0.0
1.0 132.0 114.0 0.0
1.0 114.0 101.0 0.0
1.0 101.0 97.0 0.0
1.0 97.0 115.0 0.0
1.0 424.0 101.0 0.0
1.0 101.0 111.0 0.0
1.0 111.0 111.0 0.0
1.0 111.0 101.0 0.0
1.0 101.0 203.0 0.0
1.0 203.0 90.0 0.0
1.0 90.0 91.0 0.0
1.0 91.0 84.0 0.0
1.0 84.0 154.0 0.0
1.0 154.0 183.0 0.0
1.0 183.0 123.0 0.0
1.0 114.0 81.0 0.0
1.0 81.0 50.0 0.0
1.0 50.0 57.0 0.0
1.0 57.0 35.0 0.0
1.0 35.0 38.0 0.0
1.0 157.0 196.0 0.0
1.0 196.0 104.0 0.0
1.0 104.0 70.0 0.0
1.0 66.0 109.0 0.0
1.0 129.0 151.0 0.0
1.0 151.0 61.0 0.0
1.0 61.0 36.0 0.0
1.0 36.0 169.0 0.0
1.0 25.0 68.0 0.0
1.0 22.0 31.0 0.0
1.0 130.0 195.0 0.0
1.0 124.0 138.0 0.0
1.0 55.0 112.0 0.0
1.0 123.0 146.0 0.0
1.0 94.0 99.0 0.0
1.0 99.0 64.0 0.0
1.0 64.0 36.0 0.0
1.0 33.0 54.0 0.0
1.0 54.0 27.0 0.0
1.0 33.0 66.0 0.0
1.0 66.0 18.0 0.0
1.0 15.0 33.0 0.0
1.0 33.0 39.0 0.0
1.0 39.0 33.0 0.0
1.0 33.0 45.0 0.0
1.0 31.0 23.0 0.0
1.0 23.0 19.0 0.0
1.0 15.0 19.0 0.0
1.0 33.0 49.0 0.0
1.0 49.0 44.0 0.0
1.0 150.0 113.0 0.0
1.0 151.0 151.0 0.0
1.0 306.0 229.0 0.0
1.0 229.0 208.0 0.0
1.0 148.0 80.0 0.0
1.0 80.0 140.0 0.0
1.0 149.0 155.0 0.0
1.0 155.0 188.0 0.0
1.0 63.0 101.0 0.0
1.0 175.0 254.0 0.0
1.0 254.0 190.0 0.0
1.0 190.0 77.0 0.0
1.0 201.0 321.0 0.0
1.0 252.0 504.0 0.0
1.0 447.0 230.0 0.0
1.0 121.0 98.0 0.0
1.0 115.0 296.0 0.0
1.0 296.0 168.0 0.0
1.0 133.0 176.0 0.0
1.0 182.0 140.0 0.0
1.0 140.0 74.0 0.0
1.0 74.0 79.0 0.0
1.0 76.0 49.0 0.0
1.0 99.0 118.0 0.0
1.0 73.0 95.0 0.0
1.0 95.0 60.0 0.0
1.0 60.0 44.0 0.0
1.0 44.0 32.0 0.0
1.0 32.0 111.0 0.0
1.0 111.0 68.0 0.0
1.0 68.0 104.0 0.0
1.0 104.0 17.0 0.0
1.0 17.0 24.0 0.0
1.0 24.0 12.0 0.0
1.0 12.0 65.0 0.0
1.0 65.0 23.0 0.0
1.0 23.0 33.0 0.0
1.0 33.0 33.0 0.0
1.0 33.0 27.0 0.0
1.0 27.0 12.0 0.0
1.0 12.0 55.0 0.0
1.0 55.0 49.0 0.0
1.0 49.0 181.0 0.0
1.0 33.0 75.0 0.0
1.0 75.0 70.0 0.0
1.0 55.0 35.0 0.0
1.0 35.0 61.0 0.0
1.0 61.0 113.0 0.0
1.0 113.0 17.0 0.0
1.0 17.0 59.0 0.0
20.0 78.0 87.0 0.0
1.0 68.0 24.0 0.0
1.0 24.0 99.0 0.0
1.0 99.0 62.0 0.0
1.0 62.0 79.0 0.0
1.0 58.0 16.0 0.0
1.0 16.0 12.0 0.0
1.0 12.0 44.0 0.0
1.0 44.0 98.0 0.0
1.0 98.0 238.0 0.0
1.0 238.0 178.0 0.0
1.0 178.0 270.0 0.0
1.0 270.0 210.0 0.0
1.0 210.0 172.0 0.0
1.0 172.0 144.0 0.0
1.0 144.0 212.0 0.0
1.0 274.0 224.0 0.0
1.0 224.0 188.0 0.0
1.0 182.0 156.0 0.0
1.0 122.0 67.0 0.0
1.0 160.0 123.0 0.0
1.0 188.0 231.0 0.0
1.0 163.0 93.0 0.0
1.0 64.0 76.0 0.0
1.0 52.0 19.0 0.0
1.0 39.0 97.0 0.0
1.0 141.0 103.0 0.0
1.0 103.0 76.0 0.0
1.0 76.0 93.0 0.0
1.0 125.0 128.0 0.0
1.0 149.0 773.0 0.0
1.0 180.0 98.0 0.0
1.0 93.0 91.0 0.0
1.0 97.0 56.0 0.0
1.0 40.0 44.0 0.0
1.0 44.0 45.0 0.0
1.0 45.0 35.0 0.0
2.0 36.0 57.0 0.0
1.0 56.0 19.0 0.0
2.0 20.0 38.0 0.0
1.0 37.0 41.0 0.0
1.0 41.0 191.0 0.0
1.0 99.0 33.0 0.0
1.0 18.0 34.0 0.0
1.0 34.0 52.0 0.0
1.0 52.0 106.0 0.0
1.0 106.0 220.0 0.0
1.0 220.0 31.0 0.0
1.0 34.0 31.0 0.0
1.0 31.0 63.0 0.0
1.0 63.0 39.0 0.0
1.0 21.0 12.0 0.0
1.0 52.0 23.0 0.0
1.0 23.0 67.0 0.0
1.0 138.0 41.0 0.0
1.0 264.0 173.0 0.0
1.0 173.0 230.0 0.0
1.0 84.0 117.0 0.0
1.0 207.0 111.0 0.0
1.0 270.0 148.0 0.0
1.0 148.0 77.0 0.0
1.0 77.0 52.0 0.0
1.0 125.0 350.0 0.0
1.0 187.0 223.0 0.0
57.0 725.0 0.0 0.0
1.0 45.0 52.0 1.0
1.0 42.0 74.0 1.0
1.0 23.0 22.0 1.0
1.0 22.0 45.0 1.0
1.0 71.0 18.0 1.0
1.0 67.0 39.0 1.0
1.0 56.0 79.0 1.0
1.0 65.0 61.0 1.0
1.0 61.0 33.0 1.0
1.0 38.0 117.0 1.0
1.0 43.0 62.0 1.0
1.0 62.0 57.0 1.0
1.0 47.0 38.0 1.0
1.0 38.0 40.0 1.0
1.0 106.0 33.0 1.0
1.0 33.0 25.0 1.0
1.0 68.0 30.0 1.0
1.0 30.0 42.0 1.0
1.0 88.0 62.0 1.0
1.0 62.0 16.0 1.0
1.0 16.0 44.0 1.0
1.0 44.0 22.0 1.0
1.0 31.0 46.0 1.0
1.0 46.0 31.0 1.0
1.0 31.0 46.0 1.0
1.0 46.0 33.0 1.0
1.0 33.0 55.0 1.0
1.0 55.0 22.0 1.0
1.0 22.0 35.0 1.0
1.0 35.0 70.0 1.0
46.0 263.0 108.0 1.0
1.0 38.0 55.0 1.0
79.0 133.0 155.0 1.0
1.0 36.0 45.0 1.0
1.0 27.0 39.0 1.0
1.0 39.0 48.0 1.0
1.0 48.0 156.0 1.0
1.0 156.0 33.0 1.0
1.0 18.0 46.0 1.0
1.0 46.0 15.0 1.0
1.0 39.0 33.0 1.0
1.0 45.0 16.0 1.0
1.0 16.0 31.0 1.0
1.0 19.0 15.0 1.0
1.0 19.0 15.0 1.0
1.0 15.0 33.0 1.0
1.0 44.0 81.0 1.0
1.0 75.0 49.0 1.0
1.0 49.0 71.0 1.0
59.0 173.0 92.0 1.0
1.0 58.0 53.0 1.0
1.0 53.0 32.0 1.0
1.0 61.0 61.0 1.0
1.0 61.0 81.0 1.0
1.0 81.0 61.0 1.0
1.0 61.0 39.0 1.0
33.0 114.0 34.0 1.0
1.0 61.0 76.0 1.0
1.0 49.0 57.0 1.0
1.0 17.0 24.0 1.0
1.0 33.0 33.0 1.0
1.0 235.0 33.0 1.0
1.0 113.0 17.0 1.0
1.0 17.0 59.0 1.0
104.0 288.0 123.0 1.0
45.0 462.0 222.0 1.0
33.0 206.0 132.0 1.0
35.0 118.0 62.0 1.0
1.0 35.0 59.0 1.0
1.0 59.0 69.0 1.0
1.0 148.0 59.0 1.0
1.0 59.0 96.0 1.0
1.0 90.0 62.0 1.0
1.0 62.0 95.0 1.0
1.0 37.0 51.0 1.0
1.0 51.0 87.0 1.0
1.0 38.0 33.0 1.0
1.0 33.0 123.0 1.0
1.0 123.0 52.0 1.0
1.0 19.0 60.0 1.0
1.0 60.0 39.0 1.0
1.0 80.0 53.0 1.0
1.0 53.0 106.0 1.0
1.0 56.0 40.0 1.0
1.0 35.0 56.0 1.0
1.0 33.0 19.0 1.0
1.0 19.0 18.0 1.0
1.0 31.0 24.0 1.0
1.0 24.0 34.0 1.0
1.0 39.0 21.0 1.0
1.0 21.0 25.0 1.0
1.0 25.0 21.0 1.0
1.0 12.0 29.0 1.0
1.0 29.0 287.0 1.0
1.0 287.0 52.0 1.0
1.0 67.0 46.0 1.0
1.0 46.0 60.0 1.0
1.0 60.0 49.0 1.0
1.0 49.0 39.0 1.0
1.0 64.0 62.0 1.0
1.0 39.0 53.0 1.0
1.0 53.0 138.0 1.0
1.0 41.0 90.0 1.0
1.0 51.0 61.0 1.0
1.0 61.0 46.0 1.0
1.0 46.0 62.0 1.0
1.0 62.0 162.0 1.0
1.0 134.0 46.0 1.0
1.0 46.0 222.0 1.0
1.0 52.0 125.0 1.0
53.0 0.0 136.0 0.0
33.0 116.0 77.0 0.0
1.0 52.0 37.0 0.0
1.0 37.0 42.0 0.0
1.0 74.0 23.0 0.0
44.0 88.0 58.0 0.0
35.0 49.0 35.0 0.0
35.0 35.0 203.0 0.0
54.0 222.0 293.0 0.0
39.0 278.0 96.0 0.0
58.0 115.0 130.0 0.0
63.0 135.0 126.0 0.0
34.0 97.0 124.0 0.0
84.0 174.0 134.0 0.0
38.0 88.0 104.0 0.0
64.0 130.0 120.0 0.0
35.0 91.0 105.0 0.0
1.0 18.0 177.0 0.0
50.0 226.0 119.0 0.0
41.0 110.0 268.0 0.0
41.0 268.0 97.0 0.0
51.0 107.0 206.0 0.0
38.0 193.0 60.0 0.0
42.0 64.0 228.0 0.0
40.0 226.0 60.0 0.0
33.0 53.0 163.0 0.0
39.0 169.0 81.0 0.0
37.0 79.0 151.0 0.0
112.0 226.0 1079.0 0.0
101.0 1068.0 156.0 0.0
66.0 121.0 153.0 0.0
47.0 134.0 199.0 0.0
111.0 263.0 188.0 0.0
69.0 146.0 171.0 0.0
109.0 211.0 239.0 0.0
65.0 195.0 132.0 0.0
36.0 103.0 143.0 0.0
95.0 202.0 174.0 0.0
51.0 130.0 117.0 0.0
1.0 39.0 28.0 0.0
1.0 28.0 28.0 0.0
1.0 28.0 51.0 0.0
33.0 83.0 44.0 0.0
33.0 44.0 98.0 0.0
32.0 97.0 71.0 0.0
1.0 40.0 56.0 0.0
52.0 130.0 164.0 0.0
57.0 169.0 121.0 0.0
33.0 65.0 72.0 0.0
32.0 71.0 246.0 0.0
31.0 245.0 55.0 0.0
32.0 56.0 210.0 0.0
33.0 211.0 88.0 0.0
36.0 91.0 38.0 0.0
35.0 37.0 94.0 0.0
47.0 106.0 87.0 0.0
44.0 84.0 94.0 0.0
55.0 105.0 61.0 0.0
49.0 55.0 89.0 0.0
44.0 84.0 65.0 0.0
50.0 71.0 71.0 0.0
31.0 52.0 52.0 0.0
46.0 67.0 75.0 0.0
41.0 70.0 46.0 0.0
39.0 44.0 385.0 0.0
40.0 386.0 51.0 0.0
51.0 62.0 72.0 0.0
40.0 61.0 66.0 0.0
46.0 72.0 64.0 0.0
38.0 56.0 161.0 0.0
43.0 166.0 48.0 0.0
43.0 48.0 51.0 0.0
41.0 49.0 48.0 0.0
37.0 44.0 105.0 0.0
50.0 118.0 124.0 0.0
60.0 134.0 91.0 0.0
33.0 64.0 84.0 0.0
31.0 82.0 81.0 0.0
1.0 51.0 50.0 0.0
1.0 50.0 57.0 0.0
1.0 57.0 35.0 0.0
1.0 35.0 38.0 0.0
41.0 157.0 152.0 0.0
45.0 156.0 71.0 0.0
34.0 60.0 37.0 0.0
34.0 37.0 76.0 0.0
32.0 88.0 36.0 0.0
31.0 35.0 69.0 0.0
41.0 79.0 199.0 0.0
40.0 198.0 79.0 0.0
51.0 90.0 151.0 0.0
1.0 101.0 61.0 0.0
1.0 61.0 36.0 0.0
1.0 36.0 94.0 0.0
76.0 169.0 165.0 0.0
41.0 130.0 73.0 0.0
36.0 68.0 82.0 0.0
37.0 76.0 151.0 0.0
32.0 146.0 37.0 0.0
37.0 42.0 142.0 0.0
1.0 25.0 68.0 0.0
33.0 74.0 47.0 0.0
39.0 53.0 81.0 0.0
35.0 77.0 42.0 0.0
31.0 38.0 81.0 0.0
41.0 91.0 128.0 0.0
1.0 22.0 31.0 0.0
38.0 107.0 71.0 0.0
60.0 93.0 162.0 0.0
34.0 136.0 65.0 0.0
39.0 70.0 69.0 0.0
45.0 75.0 78.0 0.0
46.0 79.0 429.0 0.0
49.0 432.0 247.0 0.0
43.0 241.0 189.0 0.0
37.0 183.0 463.0 0.0
68.0 494.0 115.0 0.0
80.0 127.0 162.0 0.0
109.0 191.0 159.0 0.0
84.0 134.0 301.0 0.0
41.0 103.0 74.0 0.0
51.0 84.0 72.0 0.0
67.0 88.0 116.0 0.0
36.0 85.0 73.0 0.0
1.0 55.0 72.0 0.0
41.0 112.0 92.0 0.0
43.0 94.0 97.0 0.0
41.0 117.0 115.0 0.0
38.0 112.0 46.0 0.0
39.0 47.0 88.0 0.0
45.0 94.0 76.0 0.0
46.0 77.0 59.0 0.0
40.0 53.0 64.0 0.0
46.0 70.0 68.0 0.0
31.0 53.0 129.0 0.0
36.0 134.0 68.0 0.0
56.0 88.0 100.0 0.0
47.0 91.0 50.0 0.0
45.0 48.0 69.0 0.0
31.0 55.0 64.0 0.0
1.0 34.0 36.0 0.0
1.0 45.0 33.0 0.0
1.0 33.0 54.0 0.0
1.0 54.0 27.0 0.0
1.0 33.0 66.0 0.0
1.0 66.0 18.0 0.0
1.0 15.0 33.0 0.0
1.0 33.0 39.0 0.0
1.0 33.0 45.0 0.0
1.0 31.0 23.0 0.0
1.0 23.0 19.0 0.0
1.0 15.0 19.0 0.0
1.0 33.0 49.0 0.0
1.0 49.0 44.0 0.0
37.0 117.0 62.0 0.0
49.0 74.0 109.0 0.0
42.0 102.0 82.0 0.0
32.0 72.0 118.0 0.0
34.0 120.0 112.0 0.0
40.0 118.0 114.0 0.0
46.0 116.0 136.0 0.0
61.0 151.0 76.0 0.0
49.0 64.0 315.0 0.0
99.0 365.0 227.0 0.0
32.0 160.0 262.0 0.0
34.0 264.0 62.0 0.0
44.0 72.0 141.0 0.0
39.0 136.0 246.0 0.0
64.0 271.0 157.0 0.0
124.0 217.0 219.0 0.0
77.0 172.0 225.0 0.0
82.0 230.0 153.0 0.0
77.0 148.0 176.0 0.0
33.0 132.0 105.0 0.0
56.0 128.0 118.0 0.0
31.0 93.0 41.0 0.0
40.0 50.0 75.0 0.0
66.0 101.0 107.0 0.0
43.0 84.0 102.0 0.0
54.0 113.0 122.0 0.0
67.0 135.0 180.0 0.0
32.0 145.0 51.0 0.0
37.0 56.0 96.0 0.0
63.0 122.0 177.0 0.0
55.0 88.0 112.0 0.0
32.0 63.0 52.0 0.0
50.0 70.0 54.0 0.0
52.0 56.0 181.0 0.0
70.0 199.0 138.0 0.0
38.0 106.0 208.0 0.0
47.0 217.0 159.0 0.0
32.0 144.0 41.0 0.0
37.0 46.0 124.0 0.0
78.0 165.0 248.0 0.0
74.0 244.0 104.0 0.0
102.0 132.0 348.0 0.0
77.0 323.0 204.0 0.0
49.0 176.0 424.0 0.0
81.0 456.0 340.0 0.0
108.0 367.0 135.0 0.0
96.0 123.0 360.0 0.0
56.0 320.0 90.0 0.0
63.0 97.0 105.0 0.0
32.0 74.0 90.0 0.0
32.0 90.0 67.0 0.0
32.0 67.0 92.0 0.0
35.0 115.0 221.0 0.0
76.0 262.0 128.0 0.0
41.0 93.0 121.0 0.0
38.0 76.0 119.0 0.0
32.0 33.0 124.0 0.0
40.0 132.0 71.0 0.0
63.0 94.0 138.0 0.0
39.0 114.0 186.0 0.0
51.0 198.0 113.0 0.0
70.0 132.0 108.0 0.0
33.0 71.0 43.0 0.0
32.0 42.0 79.0 0.0
1.0 48.0 61.0 0.0
1.0 76.0 49.0 0.0
43.0 99.0 84.0 0.0
35.0 76.0 38.0 0.0
36.0 39.0 95.0 0.0
1.0 60.0 60.0 0.0
1.0 60.0 44.0 0.0
1.0 44.0 32.0 0.0
1.0 32.0 79.0 0.0
33.0 111.0 36.0 0.0
33.0 36.0 104.0 0.0
1.0 72.0 17.0 0.0
1.0 24.0 12.0 0.0
1.0 12.0 65.0 0.0
1.0 65.0 23.0 0.0
1.0 23.0 33.0 0.0
1.0 33.0 27.0 0.0
1.0 27.0 12.0 0.0
1.0 12.0 55.0 0.0
1.0 55.0 49.0 0.0
1.0 49.0 119.0 0.0
63.0 181.0 297.0 0.0
1.0 33.0 41.0 0.0
35.0 75.0 70.0 0.0
1.0 36.0 55.0 0.0
1.0 55.0 35.0 0.0
1.0 35.0 61.0 0.0
1.0 61.0 113.0 0.0
1.0 59.0 68.0 0.0
1.0 68.0 24.0 0.0
1.0 24.0 99.0 0.0
1.0 99.0 62.0 0.0
1.0 62.0 79.0 0.0
1.0 79.0 58.0 0.0
1.0 58.0 16.0 0.0
1.0 16.0 12.0 0.0
1.0 12.0 44.0 0.0
1.0 44.0 51.0 0.0
48.0 98.0 177.0 0.0
62.0 191.0 103.0 0.0
76.0 117.0 168.0 0.0
103.0 195.0 161.0 0.0
50.0 108.0 112.0 0.0
61.0 123.0 113.0 0.0
32.0 84.0 135.0 0.0
78.0 181.0 192.0 0.0
73.0 187.0 230.0 0.0
45.0 202.0 141.0 0.0
84.0 180.0 121.0 0.0
68.0 105.0 133.0 0.0
50.0 115.0 114.0 0.0
43.0 107.0 44.0 0.0
42.0 43.0 83.0 0.0
58.0 99.0 92.0 0.0
31.0 65.0 34.0 0.0
34.0 37.0 86.0 0.0
39.0 91.0 65.0 0.0
51.0 77.0 116.0 0.0
45.0 110.0 90.0 0.0
34.0 79.0 97.0 0.0
92.0 155.0 191.0 0.0
41.0 140.0 139.0 0.0
47.0 145.0 66.0 0.0
51.0 70.0 56.0 0.0
50.0 55.0 66.0 0.0
43.0 59.0 59.0 0.0
35.0 51.0 126.0 0.0
38.0 129.0 62.0 0.0
32.0 56.0 216.0 0.0
120.0 139.0 537.0 0.0
55.0 232.0 228.0 0.0
59.0 158.0 102.0 0.0
41.0 84.0 71.0 0.0
44.0 74.0 127.0 0.0
44.0 71.0 70.0 0.0
31.0 57.0 33.0 0.0
32.0 34.0 46.0 0.0
35.0 49.0 69.0 0.0
61.0 129.0 99.0 0.0
34.0 72.0 181.0 0.0
39.0 134.0 128.0 0.0
32.0 126.0 68.0 0.0
32.0 118.0 33.0 0.0
32.0 33.0 43.0 0.0
34.0 45.0 36.0 0.0
33.0 35.0 70.0 0.0
1.0 52.0 19.0 0.0
1.0 39.0 65.0 0.0
33.0 97.0 52.0 0.0
38.0 57.0 198.0 0.0
65.0 225.0 101.0 0.0
41.0 77.0 68.0 0.0
36.0 63.0 42.0 0.0
35.0 41.0 54.0 0.0
40.0 59.0 51.0 0.0
38.0 49.0 129.0 0.0
37.0 128.0 76.0 0.0
38.0 77.0 113.0 0.0
39.0 114.0 67.0 0.0
35.0 63.0 40.0 0.0
33.0 38.0 195.0 0.0
38.0 200.0 79.0 0.0
40.0 81.0 77.0 0.0
49.0 86.0 128.0 0.0
44.0 149.0 655.0 0.0
119.0 730.0 188.0 0.0
93.0 162.0 150.0 0.0
71.0 128.0 188.0 0.0
92.0 209.0 435.0 0.0
120.0 463.0 184.0 0.0
174.0 238.0 450.0 0.0
66.0 342.0 162.0 0.0
67.0 163.0 182.0 0.0
38.0 153.0 84.0 0.0
67.0 113.0 101.0 0.0
100.0 134.0 137.0 0.0
79.0 116.0 187.0 0.0
56.0 164.0 106.0 0.0
53.0 103.0 141.0 0.0
80.0 168.0 146.0 0.0
35.0 101.0 59.0 0.0
40.0 64.0 62.0 0.0
32.0 54.0 57.0 0.0
35.0 60.0 46.0 0.0
32.0 43.0 101.0 0.0
42.0 111.0 72.0 0.0
45.0 75.0 131.0 0.0
39.0 125.0 97.0 0.0
1.0 59.0 56.0 0.0
1.0 40.0 44.0 0.0
1.0 44.0 45.0 0.0
1.0 45.0 35.0 0.0
1.0 56.0 19.0 0.0
1.0 19.0 37.0 0.0
1.0 37.0 41.0 0.0
1.0 41.0 158.0 0.0
34.0 191.0 39.0 0.0
32.0 37.0 48.0 0.0
34.0 50.0 73.0 0.0
48.0 87.0 99.0 0.0
1.0 52.0 33.0 0.0
1.0 18.0 34.0 0.0
1.0 34.0 52.0 0.0
1.0 52.0 68.0 0.0
39.0 106.0 220.0 0.0
1.0 182.0 31.0 0.0
1.0 34.0 31.0 0.0
1.0 31.0 63.0 0.0
1.0 63.0 39.0 0.0
1.0 21.0 12.0 0.0
1.0 52.0 23.0 0.0
1.0 23.0 67.0 0.0
35.0 73.0 98.0 0.0
1.0 62.0 39.0 0.0
1.0 138.0 41.0 0.0
48.0 137.0 92.0 0.0
39.0 83.0 92.0 0.0
34.0 87.0 64.0 0.0
50.0 80.0 53.0 0.0
49.0 52.0 90.0 0.0
38.0 79.0 81.0 0.0
38.0 81.0 176.0 0.0
37.0 175.0 213.0 0.0
73.0 249.0 87.0 0.0
64.0 78.0 101.0 0.0
38.0 75.0 59.0 0.0
38.0 59.0 77.0 0.0
32.0 71.0 155.0 0.0
34.0 157.0 64.0 0.0
34.0 64.0 39.0 0.0
33.0 38.0 99.0 0.0
76.0 142.0 644.0 0.0
151.0 719.0 708.0 0.0
43.0 600.0 191.0 0.0
74.0 222.0 94.0 0.0
80.0 100.0 192.0 0.0
39.0 151.0 99.0 0.0
31.0 91.0 81.0 0.0
39.0 84.0 82.0 0.0
36.0 79.0 55.0 0.0
44.0 63.0 192.0 0.0
41.0 189.0 86.0 0.0
46.0 207.0 66.0 0.0
46.0 66.0 75.0 0.0
36.0 65.0 41.0 0.0
32.0 37.0 38.0 0.0
37.0 43.0 170.0 0.0
49.0 270.0 113.0 0.0
36.0 100.0 77.0 0.0
1.0 42.0 52.0 0.0
67.0 191.0 260.0 0.0
34.0 227.0 90.0 0.0
36.0 92.0 261.0 0.0
90.0 315.0 322.0 0.0
99.0 331.0 132.0 0.0
125.0 158.0 349.0 0.0
77.0 301.0 100.0 0.0
85.0 108.0 394.0 0.0
35.0 344.0 135.0 0.0
53.0 153.0 140.0 0.0
84.0 171.0 425.0 0.0
245.0 586.0 0.0 0.0
98.0 204.0 108.0 1.0
99.0 123.0 102.0 1.0
84.0 108.0 97.0 1.0
112.0 176.0 134.0 1.0
160.0 243.0 261.0 1.0
153.0 0.0 220.0 0.0
107.0 174.0 114.0 0.0
33.0 40.0 84.0 0.0
1.0 52.0 37.0 0.0
1.0 37.0 42.0 0.0
32.0 73.0 37.0 0.0
38.0 43.0 60.0 0.0
1.0 23.0 22.0 0.0
37.0 58.0 44.0 0.0
76.0 83.0 92.0 0.0
77.0 93.0 83.0 0.0
101.0 107.0 173.0 0.0
278.0 350.0 411.0 0.0
110.0 243.0 120.0 0.0
140.0 150.0 200.0 0.0
122.0 182.0 154.0 0.0
149.0 181.0 228.0 0.0
119.0 198.0 141.0 0.0
133.0 155.0 194.0 0.0
118.0 179.0 147.0 0.0
103.0 132.0 106.0 0.0
52.0 55.0 69.0 0.0
50.0 67.0 147.0 0.0
149.0 246.0 173.0 0.0
97.0 121.0 337.0 0.0
77.0 317.0 112.0 0.0
162.0 197.0 220.0 0.0
130.0 188.0 150.0 0.0
172.0 192.0 273.0 0.0
80.0 181.0 86.0 0.0
118.0 124.0 186.0 0.0
92.0 160.0 139.0 0.0
97.0 144.0 206.0 0.0
289.0 398.0 1103.0 0.0
252.0 1066.0 313.0 0.0
119.0 180.0 217.0 0.0
147.0 245.0 281.0 0.0
176.0 310.0 241.0 0.0
243.0 308.0 341.0 0.0
129.0 227.0 251.0 0.0
131.0 253.0 210.0 0.0
164.0 243.0 194.0 0.0
137.0 167.0 285.0 0.0
76.0 224.0 107.0 0.0
43.0 74.0 81.0 0.0
1.0 39.0 28.0 0.0
1.0 28.0 28.0 0.0
39.0 66.0 53.0 0.0
61.0 75.0 68.0 0.0
88.0 95.0 132.0 0.0
70.0 114.0 72.0 0.0
35.0 37.0 90.0 0.0
60.0 115.0 87.0 0.0
120.0 147.0 190.0 0.0
105.0 175.0 138.0 0.0
57.0 90.0 117.0 0.0
32.0 92.0 35.0 0.0
78.0 81.0 93.0 0.0
150.0 165.0 188.0 0.0
166.0 204.0 175.0 0.0
154.0 163.0 160.0 0.0
180.0 186.0 191.0 0.0
84.0 95.0 95.0 0.0
61.0 72.0 126.0 0.0
97.0 162.0 123.0 0.0
100.0 126.0 129.0 0.0
117.0 146.0 132.0 0.0
84.0 99.0 126.0 0.0
89.0 131.0 136.0 0.0
66.0 113.0 87.0 0.0
79.0 100.0 99.0 0.0
93.0 113.0 120.0 0.0
72.0 99.0 89.0 0.0
164.0 181.0 397.0 0.0
105.0 338.0 125.0 0.0
73.0 93.0 92.0 0.0
96.0 115.0 114.0 0.0
96.0 114.0 120.0 0.0
79.0 103.0 201.0 0.0
80.0 202.0 81.0 0.0
90.0 91.0 101.0 0.0
73.0 84.0 88.0 0.0
64.0 79.0 107.0 0.0
167.0 210.0 195.0 0.0
126.0 154.0 131.0 0.0
112.0 117.0 125.0 0.0
86.0 99.0 95.0 0.0
33.0 42.0 82.0 0.0
1.0 50.0 57.0 0.0
1.0 57.0 35.0 0.0
1.0 35.0 38.0 0.0
77.0 114.0 116.0 0.0
85.0 124.0 191.0 0.0
77.0 87.0 78.0 0.0
73.0 74.0 75.0 0.0
142.0 144.0 146.0 0.0
72.0 76.0 74.0 0.0
72.0 74.0 98.0 0.0
130.0 156.0 213.0 0.0
106.0 189.0 158.0 0.0
107.0 159.0 133.0 0.0
57.0 83.0 117.0 0.0
1.0 61.0 36.0 0.0
78.0 113.0 95.0 0.0
143.0 160.0 184.0 0.0
143.0 184.0 151.0 0.0
94.0 102.0 99.0 0.0
36.0 41.0 73.0 0.0
34.0 71.0 38.0 0.0
82.0 86.0 178.0 0.0
78.0 174.0 81.0 0.0
87.0 90.0 128.0 0.0
49.0 90.0 81.0 0.0
1.0 33.0 25.0 0.0
32.0 56.0 37.0 0.0
32.0 37.0 61.0 0.0
32.0 61.0 39.0 0.0
71.0 78.0 78.0 0.0
88.0 95.0 110.0 0.0
82.0 104.0 85.0 0.0
86.0 89.0 95.0 0.0
125.0 134.0 132.0 0.0
119.0 126.0 134.0 0.0
1.0 16.0 44.0 0.0
1.0 44.0 22.0 0.0
1.0 22.0 31.0 0.0
1.0 31.0 46.0 0.0
1.0 46.0 31.0 0.0
1.0 31.0 46.0 0.0
1.0 46.0 33.0 0.0
1.0 33.0 55.0 0.0
1.0 55.0 22.0 0.0
1.0 22.0 35.0 0.0
47.0 81.0 77.0 0.0
62.0 92.0 124.0 0.0
85.0 147.0 153.0 0.0
130.0 198.0 150.0 0.0
68.0 88.0 113.0 0.0
72.0 117.0 107.0 0.0
252.0 287.0 421.0 0.0
152.0 321.0 330.0 0.0
130.0 308.0 250.0 0.0
260.0 380.0 485.0 0.0
158.0 383.0 242.0 0.0
122.0 206.0 170.0 0.0
243.0 291.0 333.0 0.0
131.0 221.0 216.0 0.0
239.0 324.0 250.0 0.0
117.0 128.0 141.0 0.0
103.0 127.0 130.0 0.0
135.0 162.0 139.0 0.0
108.0 112.0 117.0 0.0
31.0 40.0 85.0 0.0
44.0 98.0 70.0 0.0
108.0 134.0 126.0 0.0
81.0 99.0 192.0 0.0
89.0 200.0 166.0 0.0
121.0 198.0 145.0 0.0
110.0 134.0 120.0 0.0
98.0 108.0 112.0 0.0
103.0 117.0 121.0 0.0
90.0 108.0 115.0 0.0
81.0 106.0 106.0 0.0
72.0 97.0 102.0 0.0
77.0 107.0 158.0 0.0
96.0 177.0 127.0 0.0
95.0 126.0 151.0 0.0
80.0 136.0 88.0 0.0
73.0 81.0 99.0 0.0
71.0 97.0 72.0 0.0
31.0 32.0 66.0 0.0
1.0 36.0 45.0 0.0
1.0 45.0 33.0 0.0
1.0 33.0 54.0 0.0
1.0 54.0 27.0 0.0
1.0 27.0 39.0 0.0
1.0 39.0 48.0 0.0
31.0 78.0 110.0 0.0
47.0 126.0 79.0 0.0
34.0 66.0 34.0 0.0
33.0 33.0 50.0 0.0
1.0 18.0 46.0 0.0
1.0 46.0 15.0 0.0
1.0 15.0 33.0 0.0
1.0 33.0 39.0 0.0
1.0 39.0 33.0 0.0
1.0 33.0 45.0 0.0
1.0 45.0 16.0 0.0
1.0 16.0 31.0 0.0
1.0 31.0 23.0 0.0
1.0 23.0 19.0 0.0
1.0 19.0 15.0 0.0
1.0 15.0 19.0 0.0
1.0 19.0 15.0 0.0
1.0 15.0 33.0 0.0
1.0 33.0 49.0 0.0
1.0 49.0 44.0 0.0
35.0 78.0 65.0 0.0
87.0 117.0 131.0 0.0
100.0 144.0 131.0 0.0
105.0 136.0 132.0 0.0
101.0 128.0 112.0 0.0
120.0 131.0 149.0 0.0
128.0 157.0 141.0 0.0
46.0 59.0 94.0 0.0
48.0 96.0 68.0 0.0
88.0 108.0 169.0 0.0
120.0 201.0 149.0 0.0
214.0 243.0 386.0 0.0
172.0 344.0 297.0 0.0
122.0 247.0 283.0 0.0
98.0 259.0 108.0 0.0
83.0 93.0 171.0 0.0
114.0 202.0 290.0 0.0
189.0 365.0 297.0 0.0
130.0 238.0 280.0 0.0
140.0 290.0 302.0 0.0
186.0 348.0 248.0 0.0
148.0 210.0 168.0 0.0
176.0 196.0 192.0 0.0
96.0 112.0 142.0 0.0
112.0 158.0 120.0 0.0
90.0 98.0 119.0 0.0
124.0 153.0 156.0 0.0
115.0 147.0 131.0 0.0
105.0 121.0 196.0 0.0
140.0 231.0 201.0 0.0
103.0 164.0 116.0 0.0
89.0 102.0 146.0 0.0
121.0 178.0 190.0 0.0
163.0 232.0 214.0 0.0
86.0 137.0 87.0 0.0
57.0 58.0 109.0 0.0
32.0 84.0 32.0 0.0
63.0 63.0 87.0 0.0
96.0 120.0 111.0 0.0
111.0 126.0 235.0 0.0
90.0 214.0 167.0 0.0
114.0 191.0 274.0 0.0
81.0 241.0 202.0 0.0
64.0 185.0 74.0 0.0
77.0 87.0 150.0 0.0
226.0 299.0 323.0 0.0
132.0 229.0 248.0 0.0
187.0 303.0 427.0 0.0
109.0 349.0 167.0 0.0
174.0 232.0 586.0 0.0
83.0 495.0 438.0 0.0
111.0 466.0 226.0 0.0
101.0 216.0 295.0 0.0
217.0 411.0 258.0 0.0
123.0 164.0 156.0 0.0
91.0 124.0 125.0 0.0
86.0 120.0 98.0 0.0
73.0 85.0 94.0 0.0
41.0 62.0 101.0 0.0
52.0 112.0 73.0 0.0
141.0 162.0 293.0 0.0
117.0 269.0 183.0 0.0
80.0 146.0 98.0 0.0
54.0 72.0 114.0 0.0
31.0 91.0 45.0 0.0
66.0 80.0 108.0 0.0
107.0 149.0 108.0 0.0
80.0 81.0 158.0 0.0
72.0 150.0 120.0 0.0
128.0 176.0 177.0 0.0
127.0 176.0 198.0 0.0
169.0 240.0 213.0 0.0
116.0 160.0 164.0 0.0
65.0 113.0 73.0 0.0
69.0 77.0 79.0 0.0
33.0 43.0 93.0 0.0
35.0 95.0 38.0 0.0
39.0 42.0 87.0 0.0
40.0 88.0 65.0 0.0
93.0 118.0 101.0 0.0
88.0 96.0 88.0 0.0
67.0 67.0 90.0 0.0
42.0 65.0 101.0 0.0
1.0 60.0 44.0 0.0
1.0 44.0 32.0 0.0
48.0 79.0 64.0 0.0
78.0 94.0 84.0 0.0
62.0 68.0 104.0 0.0
32.0 74.0 48.0 0.0
1.0 17.0 24.0 0.0
1.0 24.0 12.0 0.0
33.0 44.0 33.0 0.0
33.0 33.0 55.0 0.0
1.0 23.0 33.0 0.0
1.0 33.0 33.0 0.0
1.0 33.0 27.0 0.0
1.0 27.0 12.0 0.0
1.0 12.0 55.0 0.0
1.0 55.0 49.0 0.0
65.0 113.0 126.0 0.0
96.0 157.0 252.0 0.0
101.0 257.0 133.0 0.0
34.0 66.0 41.0 0.0
105.0 112.0 159.0 0.0
1.0 55.0 35.0 0.0
1.0 35.0 61.0 0.0
42.0 102.0 60.0 0.0
54.0 72.0 70.0 0.0
1.0 17.0 59.0 0.0
34.0 92.0 37.0 0.0
32.0 35.0 55.0 0.0
35.0 58.0 53.0 0.0
77.0 95.0 78.0 0.0
70.0 71.0 76.0 0.0
34.0 40.0 91.0 0.0
1.0 58.0 16.0 0.0
1.0 16.0 12.0 0.0
1.0 12.0 44.0 0.0
37.0 80.0 60.0 0.0
92.0 115.0 232.0 0.0
126.0 266.0 150.0 0.0
109.0 133.0 240.0 0.0
192.0 323.0 212.0 0.0
166.0 186.0 201.0 0.0
120.0 155.0 181.0 0.0
97.0 158.0 208.0 0.0
94.0 205.0 260.0 0.0
147.0 313.0 194.0 0.0
195.0 242.0 254.0 0.0
139.0 198.0 205.0 0.0
147.0 213.0 185.0 0.0
109.0 147.0 183.0 0.0
85.0 159.0 96.0 0.0
77.0 88.0 140.0 0.0
96.0 159.0 106.0 0.0
83.0 93.0 84.0 0.0
73.0 74.0 108.0 0.0
98.0 133.0 116.0 0.0
99.0 117.0 155.0 0.0
94.0 150.0 119.0 0.0
128.0 153.0 215.0 0.0
89.0 176.0 200.0 0.0
139.0 250.0 171.0 0.0
119.0 151.0 141.0 0.0
92.0 114.0 117.0 0.0
90.0 115.0 112.0 0.0
80.0 102.0 87.0 0.0
99.0 106.0 144.0 0.0
99.0 144.0 111.0 0.0
99.0 111.0 206.0 0.0
267.0 374.0 344.0 0.0
103.0 180.0 448.0 0.0
251.0 596.0 324.0 0.0
236.0 309.0 350.0 0.0
111.0 225.0 182.0 0.0
90.0 161.0 127.0 0.0
103.0 140.0 131.0 0.0
116.0 144.0 183.0 0.0
62.0 129.0 86.0 0.0
81.0 84.0 81.0 0.0
62.0 62.0 78.0 0.0
66.0 82.0 68.0 0.0
35.0 37.0 93.0 0.0
65.0 123.0 65.0 0.0
104.0 104.0 136.0 0.0
116.0 148.0 188.0 0.0
54.0 126.0 112.0 0.0
68.0 126.0 90.0 0.0
83.0 105.0 124.0 0.0
79.0 120.0 79.0 0.0
85.0 85.0 102.0 0.0
86.0 103.0 89.0 0.0
35.0 38.0 85.0 0.0
38.0 88.0 67.0 0.0
154.0 183.0 159.0 0.0
66.0 71.0 69.0 0.0
63.0 66.0 70.0 0.0
32.0 39.0 64.0 0.0
61.0 93.0 84.0 0.0
40.0 63.0 91.0 0.0
1.0 52.0 19.0 0.0
1.0 19.0 60.0 0.0
1.0 60.0 39.0 0.0
32.0 70.0 56.0 0.0
93.0 106.0 203.0 0.0
139.0 249.0 199.0 0.0
72.0 132.0 96.0 0.0
75.0 99.0 87.0 0.0
72.0 84.0 77.0 0.0
84.0 89.0 98.0 0.0
69.0 83.0 142.0 0.0
110.0 183.0 141.0 0.0
68.0 99.0 132.0 0.0
101.0 165.0 105.0 0.0
79.0 83.0 82.0 0.0
141.0 144.0 205.0 0.0
102.0 124.0 131.0 0.0
95.0 124.0 115.0 0.0
55.0 75.0 107.0 0.0
72.0 124.0 82.0 0.0
117.0 127.0 597.0 0.0
306.0 786.0 427.0 0.0
155.0 276.0 238.0 0.0
336.0 437.0 530.0 0.0
275.0 469.0 359.0 0.0
272.0 356.0 401.0 0.0
263.0 392.0 353.0 0.0
155.0 245.0 232.0 0.0
135.0 212.0 186.0 0.0
98.0 149.0 199.0 0.0
125.0 226.0 179.0 0.0
145.0 199.0 280.0 0.0
98.0 233.0 174.0 0.0
149.0 225.0 185.0 0.0
159.0 195.0 181.0 0.0
113.0 135.0 140.0 0.0
74.0 101.0 83.0 0.0
89.0 98.0 101.0 0.0
71.0 83.0 73.0 0.0
105.0 107.0 136.0 0.0
94.0 125.0 124.0 0.0
92.0 122.0 121.0 0.0
121.0 150.0 150.0 0.0
31.0 60.0 86.0 0.0
1.0 56.0 40.0 0.0
1.0 40.0 44.0 0.0
1.0 44.0 45.0 0.0
1.0 45.0 35.0 0.0
1.0 35.0 56.0 0.0
1.0 56.0 19.0 0.0
1.0 19.0 37.0 0.0
1.0 37.0 41.0 0.0
47.0 87.0 156.0 0.0
70.0 179.0 71.0 0.0
67.0 68.0 83.0 0.0
79.0 95.0 102.0 0.0
99.0 122.0 118.0 0.0
32.0 51.0 64.0 0.0
1.0 33.0 19.0 0.0
1.0 19.0 18.0 0.0
1.0 18.0 34.0 0.0
1.0 34.0 52.0 0.0
32.0 83.0 72.0 0.0
98.0 138.0 203.0 0.0
52.0 157.0 82.0 0.0
1.0 31.0 24.0 0.0
1.0 24.0 34.0 0.0
1.0 34.0 31.0 0.0
32.0 62.0 33.0 0.0
31.0 32.0 69.0 0.0
1.0 39.0 21.0 0.0
1.0 21.0 25.0 0.0
1.0 25.0 21.0 0.0
1.0 21.0 12.0 0.0
1.0 12.0 29.0 0.0
103.0 131.0 181.0 0.0
107.0 185.0 158.0 0.0
1.0 52.0 23.0 0.0
33.0 55.0 37.0 0.0
31.0 35.0 76.0 0.0
1.0 46.0 60.0 0.0
1.0 60.0 49.0 0.0
32.0 80.0 43.0 0.0
80.0 91.0 84.0 0.0
107.0 111.0 145.0 0.0
1.0 39.0 53.0 0.0
45.0 97.0 98.0 0.0
41.0 94.0 81.0 0.0
69.0 109.0 81.0 0.0
98.0 110.0 147.0 0.0
86.0 135.0 102.0 0.0
116.0 132.0 140.0 0.0
80.0 104.0 96.0 0.0
85.0 101.0 133.0 0.0
77.0 125.0 110.0 0.0
86.0 119.0 208.0 0.0
102.0 224.0 299.0 0.0
95.0 292.0 119.0 0.0
103.0 127.0 145.0 0.0
92.0 134.0 119.0 0.0
83.0 110.0 96.0 0.0
140.0 153.0 199.0 0.0
67.0 126.0 98.0 0.0
69.0 100.0 71.0 0.0
121.0 123.0 169.0 0.0
207.0 255.0 648.0 0.0
215.0 656.0 693.0 0.0
358.0 836.0 376.0 0.0
187.0 205.0 231.0 0.0
155.0 199.0 205.0 0.0
129.0 179.0 172.0 0.0
90.0 133.0 96.0 0.0
39.0 45.0 99.0 0.0
43.0 103.0 51.0 0.0
89.0 97.0 105.0 0.0
87.0 103.0 101.0 0.0
146.0 160.0 169.0 0.0
142.0 165.0 160.0 0.0
63.0 81.0 63.0 0.0
90.0 90.0 146.0 0.0
131.0 187.0 170.0 0.0
80.0 119.0 93.0 0.0
82.0 95.0 88.0 0.0
64.0 70.0 74.0 0.0
111.0 121.0 128.0 0.0
76.0 93.0 121.0 0.0
31.0 76.0 139.0 0.0
195.0 303.0 213.0 0.0
105.0 123.0 112.0 0.0
32.0 39.0 83.0 0.0
79.0 130.0 161.0 0.0
87.0 169.0 210.0 0.0
170.0 293.0 188.0 0.0
108.0 126.0 278.0 0.0
262.0 432.0 473.0 0.0
174.0 385.0 212.0 0.0
210.0 248.0 444.0 0.0
159.0 393.0 194.0 0.0
259.0 294.0 374.0 0.0
204.0 319.0 249.0 0.0
133.0 178.0 219.0 0.0
252.0 338.0 614.0 0.0
366.0 728.0 0.0 0.0
105.0 0.0 188.0 1.0
107.0 275.0 346.0 1.0
189.0 296.0 268.0 1.0
89.0 200.0 115.0 1.0
91.0 124.0 474.0 1.0
79.0 157.0 153.0 1.0
67.0 297.0 95.0 1.0
141.0 198.0 258.0 1.0
65.0 70.0 131.0 1.0
65.0 148.0 109.0 0.0
1.0 45.0 52.0 0.0
1.0 52.0 37.0 0.0
1.0 37.0 42.0 0.0
1.0 42.0 74.0 0.0
1.0 74.0 23.0 0.0
1.0 23.0 22.0 0.0
1.0 22.0 45.0 0.0
87.0 131.0 101.0 0.0
69.0 83.0 69.0 0.0
69.0 69.0 237.0 0.0
77.0 316.0 134.0 0.0
115.0 172.0 187.0 0.0
125.0 197.0 188.0 0.0
67.0 130.0 157.0 0.0
167.0 257.0 217.0 0.0
75.0 125.0 141.0 0.0
127.0 193.0 183.0 0.0
69.0 125.0 139.0 0.0
1.0 71.0 18.0 0.0
1.0 18.0 177.0 0.0
99.0 275.0 168.0 0.0
81.0 150.0 308.0 0.0
81.0 308.0 137.0 0.0
101.0 157.0 256.0 0.0
75.0 230.0 97.0 0.0
83.0 105.0 269.0 0.0
79.0 265.0 99.0 0.0
65.0 85.0 195.0 0.0
77.0 207.0 119.0 0.0
73.0 115.0 187.0 0.0
223.0 337.0 1190.0 0.0
201.0 1168.0 256.0 0.0
131.0 186.0 218.0 0.0
93.0 180.0 245.0 0.0
221.0 373.0 298.0 0.0
137.0 214.0 239.0 0.0
217.0 319.0 347.0 0.0
129.0 259.0 196.0 0.0
71.0 138.0 178.0 0.0
101.0 180.0 167.0 0.0
1.0 67.0 39.0 0.0
1.0 39.0 28.0 0.0
1.0 28.0 28.0 0.0
1.0 28.0 51.0 0.0
65.0 115.0 76.0 0.0
65.0 76.0 130.0 0.0
63.0 128.0 102.0 0.0
1.0 40.0 56.0 0.0
1.0 56.0 79.0 0.0
103.0 181.0 215.0 0.0
113.0 225.0 177.0 0.0
1.0 65.0 61.0 0.0
1.0 61.0 33.0 0.0
65.0 97.0 104.0 0.0
63.0 102.0 277.0 0.0
61.0 275.0 85.0 0.0
63.0 87.0 241.0 0.0
65.0 243.0 120.0 0.0
71.0 126.0 73.0 0.0
69.0 71.0 128.0 0.0
93.0 152.0 133.0 0.0
87.0 127.0 137.0 0.0
109.0 159.0 115.0 0.0
97.0 103.0 137.0 0.0
87.0 127.0 108.0 0.0
99.0 120.0 120.0 0.0
61.0 82.0 82.0 0.0
91.0 112.0 120.0 0.0
81.0 110.0 86.0 0.0
77.0 82.0 423.0 0.0
79.0 425.0 90.0 0.0
101.0 112.0 122.0 0.0
79.0 100.0 105.0 0.0
91.0 117.0 109.0 0.0
75.0 93.0 198.0 0.0
85.0 208.0 90.0 0.0
85.0 90.0 93.0 0.0
81.0 89.0 88.0 0.0
73.0 80.0 141.0 0.0
99.0 167.0 173.0 0.0
119.0 193.0 150.0 0.0
65.0 96.0 116.0 0.0
61.0 112.0 111.0 0.0
1.0 51.0 50.0 0.0
1.0 50.0 57.0 0.0
1.0 57.0 35.0 0.0
1.0 35.0 38.0 0.0
1.0 38.0 117.0 0.0
81.0 197.0 192.0 0.0
67.0 93.0 70.0 0.0
67.0 70.0 109.0 0.0
1.0 43.0 62.0 0.0
1.0 62.0 57.0 0.0
63.0 119.0 67.0 0.0
61.0 65.0 99.0 0.0
81.0 119.0 239.0 0.0
79.0 237.0 118.0 0.0
101.0 140.0 201.0 0.0
1.0 101.0 61.0 0.0
1.0 61.0 36.0 0.0
1.0 36.0 94.0 0.0
151.0 244.0 240.0 0.0
81.0 170.0 113.0 0.0
71.0 103.0 117.0 0.0
1.0 47.0 38.0 0.0
1.0 38.0 40.0 0.0
73.0 112.0 187.0 0.0
63.0 177.0 68.0 0.0
73.0 78.0 178.0 0.0
1.0 106.0 33.0 0.0
1.0 33.0 25.0 0.0
1.0 25.0 68.0 0.0
1.0 68.0 30.0 0.0
1.0 30.0 42.0 0.0
65.0 106.0 79.0 0.0
77.0 91.0 119.0 0.0
69.0 111.0 76.0 0.0
61.0 68.0 111.0 0.0
81.0 131.0 168.0 0.0
1.0 88.0 62.0 0.0
1.0 62.0 16.0 0.0
1.0 16.0 44.0 0.0
1.0 44.0 22.0 0.0
1.0 22.0 31.0 0.0
1.0 31.0 46.0 0.0
1.0 46.0 31.0 0.0
1.0 31.0 46.0 0.0
1.0 46.0 33.0 0.0
1.0 33.0 55.0 0.0
1.0 55.0 22.0 0.0
1.0 22.0 35.0 0.0
1.0 35.0 70.0 0.0
75.0 144.0 108.0 0.0
119.0 152.0 221.0 0.0
67.0 169.0 98.0 0.0
77.0 108.0 107.0 0.0
89.0 119.0 122.0 0.0
97.0 480.0 295.0 0.0
85.0 283.0 231.0 0.0
73.0 219.0 499.0 0.0
135.0 561.0 182.0 0.0
159.0 206.0 241.0 0.0
217.0 299.0 267.0 0.0
167.0 217.0 384.0 0.0
91.0 308.0 153.0 0.0
81.0 143.0 114.0 0.0
101.0 134.0 122.0 0.0
133.0 154.0 182.0 0.0
71.0 120.0 108.0 0.0
1.0 38.0 55.0 0.0
1.0 55.0 72.0 0.0
81.0 152.0 132.0 0.0
85.0 136.0 139.0 0.0
157.0 211.0 233.0 0.0
81.0 157.0 155.0 0.0
75.0 149.0 83.0 0.0
77.0 85.0 126.0 0.0
89.0 138.0 120.0 0.0
91.0 122.0 104.0 0.0
79.0 92.0 103.0 0.0
91.0 115.0 113.0 0.0
61.0 83.0 159.0 0.0
71.0 169.0 103.0 0.0
111.0 143.0 155.0 0.0
93.0 137.0 96.0 0.0
89.0 92.0 113.0 0.0
61.0 85.0 94.0 0.0
1.0 34.0 36.0 0.0
1.0 36.0 45.0 0.0
1.0 45.0 33.0 0.0
1.0 33.0 54.0 0.0
1.0 54.0 27.0 0.0
1.0 27.0 39.0 0.0
1.0 39.0 48.0 0.0
1.0 48.0 156.0 0.0
1.0 156.0 33.0 0.0
1.0 33.0 66.0 0.0
1.0 66.0 18.0 0.0
1.0 18.0 46.0 0.0
1.0 46.0 15.0 0.0
1.0 15.0 33.0 0.0
1.0 33.0 39.0 0.0
1.0 39.0 33.0 0.0
1.0 33.0 45.0 0.0
1.0 45.0 16.0 0.0
1.0 16.0 31.0 0.0
1.0 31.0 23.0 0.0
1.0 23.0 19.0 0.0
1.0 19.0 15.0 0.0
1.0 15.0 19.0 0.0
1.0 19.0 15.0 0.0
1.0 15.0 33.0 0.0
1.0 33.0 49.0 0.0
1.0 49.0 44.0 0.0
1.0 44.0 81.0 0.0
73.0 153.0 98.0 0.0
97.0 122.0 157.0 0.0
83.0 143.0 123.0 0.0
63.0 103.0 149.0 0.0
67.0 153.0 145.0 0.0
1.0 75.0 49.0 0.0
1.0 49.0 71.0 0.0
91.0 161.0 181.0 0.0
121.0 211.0 136.0 0.0
97.0 112.0 363.0 0.0
197.0 463.0 325.0 0.0
63.0 191.0 293.0 0.0
87.0 115.0 184.0 0.0
77.0 174.0 284.0 0.0
127.0 334.0 220.0 0.0
247.0 340.0 342.0 0.0
153.0 248.0 301.0 0.0
163.0 311.0 234.0 0.0
153.0 224.0 252.0 0.0
65.0 164.0 137.0 0.0
111.0 183.0 173.0 0.0
61.0 123.0 71.0 0.0
79.0 89.0 114.0 0.0
131.0 166.0 172.0 0.0
85.0 126.0 144.0 0.0
107.0 166.0 175.0 0.0
133.0 201.0 246.0 0.0
63.0 176.0 82.0 0.0
73.0 92.0 132.0 0.0
125.0 184.0 239.0 0.0
117.0 231.0 150.0 0.0
109.0 142.0 166.0 0.0
1.0 58.0 53.0 0.0
1.0 53.0 32.0 0.0
63.0 94.0 83.0 0.0
99.0 119.0 103.0 0.0
103.0 107.0 232.0 0.0
139.0 268.0 207.0 0.0
75.0 143.0 245.0 0.0
93.0 263.0 205.0 0.0
63.0 175.0 72.0 0.0
73.0 82.0 160.0 0.0
155.0 242.0 325.0 0.0
147.0 317.0 177.0 0.0
203.0 233.0 449.0 0.0
153.0 399.0 280.0 0.0
97.0 224.0 472.0 0.0
161.0 536.0 420.0 0.0
215.0 474.0 242.0 0.0
191.0 218.0 455.0 0.0
111.0 375.0 145.0 0.0
125.0 159.0 167.0 0.0
63.0 105.0 121.0 0.0
63.0 121.0 98.0 0.0
63.0 98.0 123.0 0.0
1.0 61.0 61.0 0.0
1.0 61.0 81.0 0.0
69.0 149.0 255.0 0.0
151.0 337.0 203.0 0.0
81.0 133.0 161.0 0.0
1.0 81.0 61.0 0.0
1.0 61.0 39.0 0.0
75.0 113.0 156.0 0.0
65.0 146.0 66.0 0.0
63.0 64.0 155.0 0.0
79.0 171.0 110.0 0.0
125.0 156.0 200.0 0.0
77.0 152.0 224.0 0.0
101.0 248.0 163.0 0.0
139.0 201.0 177.0 0.0
65.0 103.0 75.0 0.0
63.0 73.0 110.0 0.0
1.0 48.0 61.0 0.0
1.0 61.0 76.0 0.0
1.0 76.0 49.0 0.0
1.0 49.0 57.0 0.0
85.0 141.0 126.0 0.0
69.0 110.0 72.0 0.0
71.0 74.0 130.0 0.0
1.0 60.0 60.0 0.0
1.0 60.0 44.0 0.0
1.0 44.0 32.0 0.0
1.0 32.0 79.0 0.0
65.0 143.0 68.0 0.0
65.0 68.0 136.0 0.0
1.0 72.0 17.0 0.0
1.0 17.0 24.0 0.0
1.0 24.0 12.0 0.0
1.0 12.0 65.0 0.0
1.0 65.0 23.0 0.0
1.0 23.0 33.0 0.0
1.0 33.0 33.0 0.0
1.0 33.0 27.0 0.0
1.0 27.0 12.0 0.0
1.0 12.0 55.0 0.0
1.0 55.0 49.0 0.0
1.0 49.0 119.0 0.0
125.0 243.0 359.0 0.0
1.0 235.0 33.0 0.0
1.0 33.0 41.0 0.0
69.0 109.0 104.0 0.0
1.0 36.0 55.0 0.0
1.0 55.0 35.0 0.0
1.0 35.0 61.0 0.0
1.0 61.0 113.0 0.0
1.0 113.0 17.0 0.0
1.0 17.0 59.0 0.0
1.0 59.0 68.0 0.0
1.0 68.0 24.0 0.0
1.0 24.0 99.0 0.0
1.0 99.0 62.0 0.0
1.0 62.0 79.0 0.0
1.0 79.0 58.0 0.0
1.0 58.0 16.0 0.0
1.0 16.0 12.0 0.0
1.0 12.0 44.0 0.0
1.0 44.0 51.0 0.0
95.0 145.0 224.0 0.0
123.0 252.0 164.0 0.0
151.0 192.0 243.0 0.0
205.0 297.0 263.0 0.0
99.0 157.0 161.0 0.0
121.0 183.0 173.0 0.0
63.0 115.0 166.0 0.0
155.0 258.0 269.0 0.0
145.0 259.0 302.0 0.0
89.0 246.0 185.0 0.0
167.0 263.0 204.0 0.0
135.0 172.0 200.0 0.0
99.0 164.0 163.0 0.0
85.0 149.0 86.0 0.0
83.0 84.0 124.0 0.0
115.0 156.0 149.0 0.0
61.0 95.0 64.0 0.0
67.0 70.0 119.0 0.0
77.0 129.0 103.0 0.0
101.0 127.0 166.0 0.0
89.0 154.0 134.0 0.0
67.0 112.0 130.0 0.0
183.0 246.0 282.0 0.0
81.0 180.0 179.0 0.0
93.0 191.0 112.0 0.0
101.0 120.0 106.0 0.0
99.0 104.0 115.0 0.0
85.0 101.0 101.0 0.0
69.0 85.0 160.0 0.0
75.0 166.0 99.0 0.0
63.0 87.0 247.0 0.0
207.0 391.0 226.0 0.0
239.0 258.0 656.0 0.0
89.0 506.0 266.0 0.0
109.0 286.0 282.0 0.0
65.0 238.0 164.0 0.0
117.0 216.0 160.0 0.0
81.0 124.0 111.0 0.0
87.0 117.0 170.0 0.0
69.0 152.0 96.0 0.0
87.0 114.0 113.0 0.0
61.0 87.0 63.0 0.0
63.0 65.0 77.0 0.0
69.0 83.0 103.0 0.0
1.0 35.0 59.0 0.0
1.0 59.0 69.0 0.0
121.0 189.0 159.0 0.0
67.0 105.0 214.0 0.0
1.0 148.0 59.0 0.0
1.0 59.0 96.0 0.0
77.0 172.0 166.0 0.0
1.0 90.0 62.0 0.0
1.0 62.0 95.0 0.0
63.0 157.0 99.0 0.0
1.0 37.0 51.0 0.0
1.0 51.0 87.0 0.0
63.0 149.0 64.0 0.0
63.0 64.0 74.0 0.0
67.0 78.0 69.0 0.0
65.0 67.0 102.0 0.0
1.0 38.0 33.0 0.0
1.0 33.0 123.0 0.0
1.0 123.0 52.0 0.0
1.0 52.0 19.0 0.0
1.0 19.0 60.0 0.0
1.0 60.0 39.0 0.0
1.0 39.0 65.0 0.0
65.0 129.0 84.0 0.0
75.0 94.0 235.0 0.0
129.0 289.0 165.0 0.0
81.0 117.0 108.0 0.0
71.0 98.0 77.0 0.0
69.0 75.0 88.0 0.0
79.0 98.0 90.0 0.0
75.0 86.0 166.0 0.0
73.0 164.0 112.0 0.0
75.0 114.0 150.0 0.0
77.0 152.0 105.0 0.0
69.0 97.0 74.0 0.0
65.0 70.0 227.0 0.0
75.0 237.0 116.0 0.0
79.0 120.0 116.0 0.0
97.0 134.0 176.0 0.0
1.0 80.0 53.0 0.0
1.0 53.0 106.0 0.0
87.0 192.0 698.0 0.0
237.0 848.0 306.0 0.0
185.0 254.0 242.0 0.0
183.0 300.0 526.0 0.0
239.0 582.0 303.0 0.0
347.0 411.0 623.0 0.0
131.0 407.0 227.0 0.0
133.0 229.0 248.0 0.0
75.0 190.0 121.0 0.0
133.0 179.0 167.0 0.0
199.0 233.0 236.0 0.0
157.0 194.0 265.0 0.0
111.0 219.0 161.0 0.0
105.0 155.0 193.0 0.0
159.0 247.0 225.0 0.0
69.0 135.0 93.0 0.0
79.0 103.0 101.0 0.0
63.0 85.0 88.0 0.0
69.0 94.0 80.0 0.0
63.0 74.0 132.0 0.0
83.0 152.0 113.0 0.0
89.0 119.0 175.0 0.0
77.0 163.0 135.0 0.0
1.0 59.0 56.0 0.0
1.0 56.0 40.0 0.0
1.0 40.0 44.0 0.0
1.0 44.0 45.0 0.0
1.0 45.0 35.0 0.0
1.0 35.0 56.0 0.0
1.0 56.0 19.0 0.0
1.0 19.0 37.0 0.0
1.0 37.0 41.0 0.0
1.0 41.0 158.0 0.0
67.0 224.0 72.0 0.0
63.0 68.0 79.0 0.0
67.0 83.0 106.0 0.0
95.0 134.0 146.0 0.0
1.0 52.0 33.0 0.0
1.0 33.0 19.0 0.0
1.0 19.0 18.0 0.0
1.0 18.0 34.0 0.0
1.0 34.0 52.0 0.0
1.0 52.0 68.0 0.0
77.0 144.0 258.0 0.0
1.0 182.0 31.0 0.0
1.0 31.0 24.0 0.0
1.0 24.0 34.0 0.0
1.0 34.0 31.0 0.0
1.0 31.0 63.0 0.0
1.0 63.0 39.0 0.0
1.0 39.0 21.0 0.0
1.0 21.0 25.0 0.0
1.0 25.0 21.0 0.0
1.0 21.0 12.0 0.0
1.0 12.0 29.0 0.0
1.0 29.0 287.0 0.0
1.0 287.0 52.0 0.0
1.0 52.0 23.0 0.0
1.0 23.0 67.0 0.0
1.0 67.0 46.0 0.0
1.0 46.0 60.0 0.0
1.0 60.0 49.0 0.0
1.0 49.0 39.0 0.0
69.0 107.0 132.0 0.0
1.0 64.0 62.0 0.0
1.0 62.0 39.0 0.0
1.0 39.0 53.0 0.0
1.0 53.0 138.0 0.0
1.0 138.0 41.0 0.0
1.0 41.0 90.0 0.0
95.0 184.0 139.0 0.0
77.0 121.0 130.0 0.0
67.0 120.0 97.0 0.0
99.0 129.0 102.0 0.0
97.0 100.0 138.0 0.0
75.0 116.0 118.0 0.0
75.0 118.0 213.0 0.0
73.0 211.0 249.0 0.0
145.0 321.0 159.0 0.0
127.0 141.0 164.0 0.0
75.0 112.0 96.0 0.0
75.0 96.0 114.0 0.0
63.0 102.0 186.0 0.0
67.0 190.0 97.0 0.0
67.0 97.0 72.0 0.0
151.0 217.0 719.0 0.0
301.0 869.0 858.0 0.0
85.0 642.0 233.0 0.0
147.0 295.0 167.0 0.0
159.0 179.0 271.0 0.0
77.0 189.0 137.0 0.0
61.0 121.0 111.0 0.0
1.0 51.0 61.0 0.0
1.0 61.0 46.0 0.0
77.0 122.0 120.0 0.0
71.0 114.0 90.0 0.0
87.0 106.0 235.0 0.0
81.0 229.0 126.0 0.0
1.0 46.0 62.0 0.0
1.0 62.0 162.0 0.0
91.0 252.0 111.0 0.0
91.0 111.0 120.0 0.0
71.0 100.0 76.0 0.0
63.0 68.0 69.0 0.0
73.0 79.0 206.0 0.0
1.0 134.0 46.0 0.0
1.0 46.0 222.0 0.0
97.0 318.0 161.0 0.0
71.0 135.0 112.0 0.0
1.0 42.0 52.0 0.0
1.0 52.0 125.0 0.0
133.0 257.0 326.0 0.0
67.0 260.0 123.0 0.0
71.0 127.0 296.0 0.0
179.0 404.0 411.0 0.0
197.0 429.0 230.0 0.0
249.0 282.0 473.0 0.0
153.0 377.0 176.0 0.0
169.0 192.0 478.0 0.0
69.0 378.0 169.0 0.0
105.0 205.0 192.0 0.0
167.0 254.0 508.0 0.0
489.0 830.0 0.0 0.0
1.0 0.0 399.0 1.0
1.0 225.0 287.0 1.0
1.0 107.0 62.0 1.0
1.0 284.0 210.0 1.0
1.0 210.0 70.0 1.0
1.0 282.0 111.0 1.0
1.0 597.0 85.0 1.0
1.0 94.0 69.0 1.0
1.0 69.0 91.0 1.0
1.0 234.0 101.0 1.0
1.0 167.0 103.0 1.0
1.0 103.0 33.0 1.0
1.0 234.0 314.0 1.0
1.0 174.0 252.0 1.0
1.0 252.0 263.0 1.0
1.0 263.0 302.0 1.0
1.0 199.0 466.0 1.0
1.0 299.0 251.0 1.0
1.0 251.0 297.0 1.0
1.0 46.0 66.0 1.0
1.0 66.0 142.0 1.0
1.0 142.0 77.0 1.0
1.0 77.0 379.0 1.0
1.0 379.0 129.0 1.0
1.0 129.0 109.0 1.0
1.0 110.0 75.0 1.0
1.0 91.0 103.0 1.0
1.0 661.0 399.0 1.0
1.0 399.0 191.0 1.0
1.0 191.0 232.0 1.0
1.0 58.0 158.0 1.0
1.0 158.0 94.0 1.0
1.0 94.0 100.0 1.0
1.0 100.0 165.0 1.0
1.0 198.0 175.0 1.0
1.0 175.0 365.0 1.0
1.0 365.0 171.0 1.0
1.0 171.0 203.0 1.0
2.0 204.0 335.0 1.0
1.0 334.0 189.0 1.0
1.0 171.0 674.0 1.0
1.0 674.0 181.0 1.0
1.0 181.0 158.0 1.0
1.0 158.0 223.0 1.0
1.0 223.0 165.0 1.0
1.0 165.0 113.0 1.0
1.0 113.0 414.0 1.0
1.0 677.0 158.0 1.0
1.0 158.0 223.0 1.0
1.0 223.0 324.0 1.0
1.0 324.0 131.0 1.0
1.0 131.0 187.0 1.0
1.0 187.0 141.0 1.0
1.0 141.0 115.0 1.0
1.0 115.0 188.0 1.0
1.0 188.0 166.0 1.0
1.0 166.0 212.0 1.0
1.0 495.0 154.0 1.0
1.0 154.0 113.0 1.0
1.0 113.0 146.0 1.0
1.0 117.0 165.0 1.0
1.0 165.0 146.0 1.0
1.0 108.0 132.0 1.0
1.0 132.0 675.0 1.0
1.0 267.0 251.0 1.0
1.0 251.0 198.0 1.0
1.0 198.0 214.0 1.0
1.0 214.0 273.0 1.0
1.0 273.0 196.0 1.0
1.0 196.0 178.0 1.0
1.0 394.0 151.0 1.0
1.0 151.0 243.0 1.0
1.0 240.0 255.0 1.0
1.0 173.0 237.0 1.0
1.0 237.0 280.0 1.0
1.0 280.0 312.0 1.0
1.0 312.0 133.0 1.0
1.0 133.0 184.0 1.0
1.0 184.0 140.0 1.0
1.0 140.0 185.0 1.0
1.0 185.0 93.0 1.0
1.0 93.0 152.0 1.0
1.0 152.0 120.0 1.0
1.0 120.0 125.0 1.0
1.0 125.0 132.0 1.0
1.0 132.0 132.0 1.0
1.0 132.0 243.0 1.0
1.0 243.0 193.0 1.0
1.0 193.0 90.0 1.0
1.0 90.0 51.0 1.0
1.0 51.0 44.0 1.0
1.0 44.0 119.0 1.0
1.0 119.0 54.0 1.0
1.0 54.0 91.0 1.0
1.0 91.0 297.0 1.0
1.0 297.0 103.0 1.0
1.0 103.0 390.0 1.0
1.0 390.0 594.0 1.0
1.0 594.0 40.0 1.0
1.0 241.0 191.0 1.0
1.0 191.0 72.0 1.0
1.0 94.0 218.0 1.0
1.0 218.0 20.0 1.0
1.0 20.0 65.0 1.0
1.0 65.0 208.0 1.0
1.0 208.0 366.0 1.0
1.0 366.0 42.0 1.0
1.0 87.0 113.0 1.0
1.0 28.0 21.0 1.0
1.0 21.0 44.0 1.0
1.0 44.0 18.0 1.0
1.0 18.0 99.0 1.0
1.0 53.0 62.0 1.0
1.0 62.0 48.0 1.0
1.0 80.0 64.0 1.0
1.0 64.0 42.0 1.0
1.0 42.0 127.0 1.0
1.0 34.0 19.0 1.0
1.0 19.0 83.0 1.0
1.0 83.0 113.0 1.0
1.0 113.0 23.0 1.0
1.0 23.0 63.0 1.0
1.0 63.0 80.0 1.0
1.0 85.0 37.0 1.0
1.0 37.0 98.0 1.0
1.0 98.0 226.0 1.0
1.0 226.0 170.0 1.0
1.0 261.0 378.0 1.0
1.0 378.0 114.0 1.0
1.0 114.0 141.0 1.0
1.0 67.0 376.0 1.0
1.0 119.0 347.0 1.0
1.0 234.0 141.0 1.0
1.0 141.0 117.0 1.0
1.0 117.0 142.0 1.0
1.0 201.0 315.0 1.0
1.0 74.0 93.0 1.0
1.0 93.0 53.0 1.0
1.0 53.0 188.0 1.0
1.0 113.0 42.0 1.0
1.0 42.0 76.0 1.0
1.0 171.0 127.0 1.0
1.0 221.0 109.0 1.0
1.0 109.0 152.0 1.0
1.0 130.0 210.0 1.0
1.0 210.0 77.0 1.0
1.0 77.0 66.0 1.0
1.0 66.0 256.0 1.0
1.0 256.0 125.0 1.0
1.0 125.0 90.0 1.0
1.0 90.0 104.0 1.0
1.0 104.0 119.0 1.0
1.0 119.0 169.0 1.0
1.0 169.0 240.0 1.0
1.0 240.0 69.0 1.0
1.0 69.0 34.0 1.0
1.0 34.0 44.0 1.0
1.0 44.0 69.0 1.0
1.0 69.0 101.0 1.0
1.0 101.0 109.0 1.0
1.0 109.0 52.0 1.0
1.0 52.0 120.0 1.0
1.0 120.0 113.0 1.0
1.0 152.0 264.0 1.0
1.0 184.0 74.0 1.0
1.0 73.0 35.0 1.0
1.0 32.0 18.0 1.0
1.0 18.0 19.0 1.0
1.0 399.0 348.0 0.0
1.0 348.0 588.0 0.0
1.0 588.0 200.0 0.0
1.0 200.0 531.0 0.0
1.0 531.0 355.0 0.0
1.0 355.0 253.0 0.0
1.0 253.0 109.0 0.0
1.0 109.0 124.0 0.0
1.0 124.0 187.0 0.0
1.0 187.0 154.0 0.0
1.0 154.0 362.0 0.0
1.0 362.0 173.0 0.0
1.0 173.0 71.0 0.0
1.0 71.0 229.0 0.0
1.0 229.0 84.0 0.0
1.0 84.0 646.0 0.0
1.0 646.0 294.0 0.0
1.0 294.0 107.0 0.0
1.0 107.0 851.0 0.0
1.0 851.0 185.0 0.0
1.0 185.0 332.0 0.0
1.0 332.0 306.0 0.0
1.0 306.0 241.0 0.0
1.0 241.0 432.0 0.0
1.0 432.0 621.0 0.0
1.0 621.0 330.0 0.0
1.0 330.0 282.0 0.0
1.0 282.0 85.0 0.0
1.0 85.0 63.0 0.0
1.0 63.0 50.0 0.0
1.0 50.0 181.0 0.0
1.0 181.0 147.0 0.0
1.0 147.0 153.0 0.0
1.0 153.0 188.0 0.0
1.0 188.0 151.0 0.0
1.0 151.0 62.0 0.0
1.0 62.0 225.0 0.0
1.0 287.0 771.0 0.0
1.0 771.0 101.0 0.0
1.0 101.0 352.0 0.0
1.0 352.0 387.0 0.0
1.0 387.0 283.0 0.0
1.0 283.0 69.0 0.0
1.0 69.0 98.0 0.0
1.0 98.0 174.0 0.0
1.0 174.0 213.0 0.0
1.0 213.0 139.0 0.0
1.0 139.0 75.0 0.0
1.0 75.0 61.0 0.0
1.0 61.0 74.0 0.0
1.0 74.0 112.0 0.0
1.0 112.0 40.0 0.0
1.0 40.0 57.0 0.0
1.0 57.0 115.0 0.0
1.0 115.0 90.0 0.0
1.0 90.0 70.0 0.0
1.0 70.0 130.0 0.0
1.0 130.0 126.0 0.0
1.0 126.0 91.0 0.0
1.0 91.0 107.0 0.0
1.0 62.0 190.0 0.0
1.0 190.0 192.0 0.0
1.0 192.0 44.0 0.0
1.0 44.0 136.0 0.0
1.0 136.0 59.0 0.0
1.0 59.0 56.0 0.0
1.0 56.0 106.0 0.0
1.0 106.0 170.0 0.0
1.0 170.0 27.0 0.0
1.0 27.0 74.0 0.0
1.0 74.0 171.0 0.0
1.0 171.0 136.0 0.0
1.0 136.0 144.0 0.0
1.0 144.0 135.0 0.0
1.0 135.0 284.0 0.0
165.0 234.0 336.0 0.0
1.0 172.0 237.0 0.0
1.0 237.0 145.0 0.0
1.0 145.0 117.0 0.0
1.0 117.0 126.0 0.0
1.0 126.0 105.0 0.0
1.0 105.0 139.0 0.0
1.0 139.0 204.0 0.0
1.0 204.0 168.0 0.0
1.0 168.0 128.0 0.0
1.0 128.0 282.0 0.0
1.0 111.0 173.0 0.0
1.0 173.0 55.0 0.0
1.0 55.0 597.0 0.0
1.0 85.0 94.0 0.0
1.0 91.0 234.0 0.0
129.0 229.0 398.0 0.0
1.0 270.0 192.0 0.0
1.0 192.0 167.0 0.0
1.0 33.0 234.0 0.0
1.0 314.0 174.0 0.0
1.0 302.0 245.0 0.0
1.0 245.0 174.0 0.0
1.0 174.0 292.0 0.0
1.0 292.0 156.0 0.0
1.0 156.0 199.0 0.0
1.0 466.0 80.0 0.0
1.0 80.0 51.0 0.0
1.0 51.0 299.0 0.0
1.0 297.0 482.0 0.0
62.0 543.0 231.0 0.0
1.0 170.0 46.0 0.0
1.0 109.0 84.0 0.0
1.0 84.0 110.0 0.0
1.0 75.0 76.0 0.0
1.0 76.0 45.0 0.0
1.0 45.0 52.0 0.0
1.0 52.0 91.0 0.0
1.0 103.0 311.0 0.0
71.0 381.0 731.0 0.0
1.0 232.0 58.0 0.0
1.0 165.0 127.0 0.0
1.0 127.0 217.0 0.0
1.0 217.0 101.0 0.0
1.0 101.0 162.0 0.0
1.0 162.0 201.0 0.0
1.0 201.0 84.0 0.0
1.0 84.0 96.0 0.0
1.0 96.0 110.0 0.0
1.0 110.0 82.0 0.0
1.0 82.0 540.0 0.0
1.0 540.0 112.0 0.0
1.0 112.0 198.0 0.0
1.0 189.0 171.0 0.0
1.0 414.0 677.0 0.0
208.0 419.0 702.0 0.0
1.0 146.0 117.0 0.0
1.0 146.0 108.0 0.0
1.0 675.0 267.0 0.0
101.0 278.0 494.0 0.0
147.0 389.0 386.0 0.0
1.0 255.0 173.0 0.0
1.0 40.0 241.0 0.0
1.0 72.0 94.0 0.0
1.0 42.0 25.0 0.0
1.0 25.0 87.0 0.0
1.0 113.0 28.0 0.0
1.0 99.0 53.0 0.0
1.0 48.0 86.0 0.0
1.0 86.0 80.0 0.0
1.0 127.0 34.0 0.0
1.0 80.0 19.0 0.0
1.0 19.0 47.0 0.0
1.0 47.0 85.0 0.0
1.0 170.0 261.0 0.0
1.0 141.0 92.0 0.0
1.0 92.0 89.0 0.0
1.0 89.0 128.0 0.0
1.0 128.0 157.0 0.0
1.0 157.0 127.0 0.0
1.0 127.0 223.0 0.0
1.0 223.0 133.0 0.0
1.0 133.0 142.0 0.0
1.0 142.0 149.0 0.0
1.0 149.0 121.0 0.0
1.0 121.0 163.0 0.0
1.0 163.0 176.0 0.0
1.0 176.0 67.0 0.0
1.0 376.0 119.0 0.0
1.0 347.0 207.0 0.0
1.0 207.0 234.0 0.0
1.0 142.0 146.0 0.0
1.0 146.0 201.0 0.0
1.0 315.0 225.0 0.0
1.0 225.0 74.0 0.0
1.0 188.0 113.0 0.0
1.0 76.0 171.0 0.0
1.0 127.0 168.0 0.0
1.0 168.0 245.0 0.0
1.0 245.0 221.0 0.0
1.0 152.0 130.0 0.0
1.0 113.0 148.0 0.0
1.0 148.0 152.0 0.0
1.0 264.0 205.0 0.0
1.0 205.0 398.0 0.0
1.0 398.0 82.0 0.0
1.0 82.0 208.0 0.0
1.0 208.0 359.0 0.0
1.0 359.0 85.0 0.0
1.0 85.0 104.0 0.0
1.0 104.0 43.0 0.0
1.0 43.0 191.0 0.0
1.0 191.0 124.0 0.0
1.0 124.0 90.0 0.0
1.0 90.0 184.0 0.0
1.0 74.0 104.0 0.0
1.0 104.0 35.0 0.0
1.0 35.0 82.0 0.0
1.0 82.0 19.0 0.0
1.0 19.0 186.0 0.0
1.0 186.0 86.0 0.0
1.0 86.0 116.0 0.0
1.0 116.0 98.0 0.0
1.0 98.0 88.0 0.0
1.0 88.0 28.0 0.0
1.0 28.0 73.0 0.0
1.0 73.0 44.0 0.0
1.0 44.0 31.0 0.0
1.0 31.0 56.0 0.0
1.0 56.0 43.0 0.0
1.0 43.0 21.0 0.0
1.0 21.0 41.0 0.0
1.0 41.0 76.0 0.0
1.0 76.0 87.0 0.0
1.0 87.0 43.0 0.0
1.0 43.0 62.0 0.0
1.0 62.0 21.0 0.0
1.0 21.0 127.0 0.0
1.0 127.0 33.0 0.0
1.0 33.0 73.0 0.0
1.0 35.0 25.0 0.0
1.0 25.0 33.0 0.0
1.0 33.0 57.0 0.0
1.0 57.0 51.0 0.0
1.0 51.0 53.0 0.0
1.0 53.0 31.0 0.0
1.0 31.0 100.0 0.0
1.0 100.0 33.0 0.0
1.0 33.0 32.0 0.0
1.0 19.0 134.0 0.0
1.0 134.0 61.0 0.0
1.0 61.0 174.0 0.0
1.0 174.0 82.0 0.0
1.0 82.0 322.0 0.0
1.0 322.0 153.0 0.0
1.0 153.0 238.0 0.0
1.0 238.0 140.0 0.0
1.0 140.0 156.0 0.0
1.0 156.0 294.0 0.0
2.0 295.0 281.0 0.0
1.0 280.0 647.0 0.0
1.0 647.0 941.0 0.0
1.0 941.0 886.0 0.0
1.0 886.0 246.0 0.0
1.0 246.0 934.0 0.0
73.0 1006.0 0.0 0.0
1.0 69.0 62.0 1.0
33.0 40.0 101.0 1.0
43.0 242.0 60.0 1.0
33.0 53.0 39.0 1.0
31.0 37.0 52.0 1.0
1.0 46.0 36.0 1.0
31.0 66.0 104.0 1.0
1.0 58.0 112.0 1.0
46.0 199.0 155.0 1.0
42.0 151.0 114.0 1.0
64.0 96.0 197.0 1.0
31.0 90.0 205.0 1.0
69.0 248.0 253.0 1.0
60.0 244.0 69.0 1.0
65.0 74.0 127.0 1.0
40.0 80.0 85.0 1.0
55.0 196.0 149.0 1.0
45.0 139.0 90.0 1.0
1.0 46.0 51.0 1.0
1.0 51.0 44.0 1.0
1.0 44.0 119.0 1.0
1.0 119.0 54.0 1.0
1.0 54.0 58.0 1.0
1.0 457.0 40.0 1.0
1.0 186.0 20.0 1.0
1.0 20.0 35.0 1.0
35.0 178.0 366.0 1.0
1.0 332.0 42.0 1.0
1.0 76.0 28.0 1.0
1.0 28.0 21.0 1.0
1.0 21.0 44.0 1.0
1.0 44.0 18.0 1.0
1.0 18.0 99.0 1.0
1.0 53.0 62.0 1.0
1.0 62.0 48.0 1.0
1.0 34.0 42.0 1.0
1.0 34.0 19.0 1.0
1.0 19.0 50.0 1.0
1.0 85.0 37.0 1.0
1.0 37.0 56.0 1.0
1.0 63.0 53.0 1.0
1.0 53.0 147.0 1.0
1.0 72.0 42.0 1.0
1.0 42.0 40.0 1.0
40.0 71.0 62.0 1.0
1.0 38.0 34.0 1.0
1.0 34.0 44.0 1.0
1.0 44.0 36.0 1.0
1.0 78.0 52.0 1.0
1.0 52.0 73.0 1.0
1.0 73.0 35.0 1.0
1.0 51.0 53.0 1.0
1.0 53.0 31.0 1.0
1.0 32.0 18.0 1.0
1.0 19.0 134.0 1.0
76.0 0.0 360.0 0.0
40.0 324.0 217.0 0.0
132.0 309.0 495.0 0.0
94.0 457.0 147.0 0.0
54.0 107.0 427.0 0.0
105.0 478.0 321.0 0.0
35.0 251.0 223.0 0.0
31.0 219.0 70.0 0.0
40.0 79.0 88.0 0.0
37.0 85.0 136.0 0.0
52.0 151.0 106.0 0.0
49.0 103.0 303.0 0.0
60.0 314.0 138.0 0.0
36.0 114.0 37.0 0.0
35.0 36.0 191.0 0.0
39.0 195.0 47.0 0.0
38.0 46.0 503.0 0.0
144.0 609.0 260.0 0.0
35.0 151.0 61.0 0.0
47.0 73.0 792.0 0.0
60.0 805.0 138.0 0.0
48.0 126.0 278.0 0.0
55.0 285.0 262.0 0.0
45.0 252.0 169.0 0.0
73.0 197.0 361.0 0.0
72.0 360.0 474.0 0.0
148.0 550.0 218.0 0.0
113.0 183.0 248.0 0.0
35.0 170.0 55.0 0.0
31.0 51.0 63.0 0.0
1.0 33.0 50.0 0.0
1.0 50.0 151.0 0.0
31.0 181.0 96.0 0.0
52.0 117.0 105.0 0.0
49.0 102.0 122.0 0.0
67.0 140.0 151.0 0.0
1.0 85.0 62.0 0.0
1.0 62.0 171.0 0.0
55.0 225.0 235.0 0.0
53.0 233.0 722.0 0.0
50.0 719.0 51.0 0.0
51.0 52.0 219.0 0.0
134.0 302.0 252.0 0.0
136.0 254.0 250.0 0.0
34.0 148.0 35.0 0.0
35.0 36.0 58.0 0.0
41.0 64.0 139.0 0.0
36.0 134.0 158.0 0.0
56.0 178.0 108.0 0.0
32.0 84.0 75.0 0.0
1.0 44.0 61.0 0.0
1.0 61.0 43.0 0.0
32.0 74.0 112.0 0.0
1.0 81.0 40.0 0.0
1.0 40.0 57.0 0.0
1.0 57.0 83.0 0.0
33.0 115.0 57.0 0.0
34.0 58.0 38.0 0.0
33.0 37.0 85.0 0.0
46.0 98.0 96.0 0.0
31.0 81.0 53.0 0.0
39.0 61.0 107.0 0.0
1.0 62.0 111.0 0.0
80.0 190.0 192.0 0.0
1.0 113.0 44.0 0.0
1.0 44.0 136.0 0.0
1.0 136.0 59.0 0.0
1.0 59.0 56.0 0.0
1.0 56.0 69.0 0.0
38.0 106.0 170.0 0.0
1.0 133.0 27.0 0.0
1.0 27.0 41.0 0.0
34.0 74.0 124.0 0.0
48.0 138.0 85.0 0.0
52.0 89.0 95.0 0.0
50.0 93.0 68.0 0.0
68.0 86.0 181.0 0.0
104.0 217.0 180.0 0.0
31.0 107.0 38.0 0.0
72.0 140.0 184.0 0.0
54.0 166.0 93.0 0.0
53.0 92.0 80.0 0.0
38.0 65.0 95.0 0.0
32.0 89.0 54.0 0.0
52.0 74.0 102.0 0.0
38.0 88.0 145.0 0.0
60.0 167.0 119.0 0.0
50.0 109.0 88.0 0.0
41.0 79.0 240.0 0.0
52.0 69.0 173.0 0.0
1.0 122.0 55.0 0.0
1.0 55.0 559.0 0.0
39.0 597.0 44.0 0.0
42.0 47.0 62.0 0.0
40.0 61.0 193.0 0.0
42.0 195.0 52.0 0.0
50.0 60.0 212.0 0.0
59.0 221.0 148.0 0.0
45.0 134.0 133.0 0.0
35.0 123.0 103.0 0.0
1.0 69.0 33.0 0.0
1.0 33.0 143.0 0.0
92.0 234.0 275.0 0.0
40.0 223.0 115.0 0.0
60.0 135.0 127.0 0.0
126.0 193.0 156.0 0.0
108.0 138.0 225.0 0.0
78.0 195.0 189.0 0.0
57.0 168.0 100.0 0.0
75.0 118.0 227.0 0.0
66.0 218.0 96.0 0.0
61.0 91.0 101.0 0.0
99.0 139.0 433.0 0.0
34.0 368.0 80.0 0.0
1.0 47.0 51.0 0.0
1.0 51.0 238.0 0.0
62.0 299.0 134.0 0.0
118.0 190.0 171.0 0.0
127.0 180.0 414.0 0.0
69.0 356.0 170.0 0.0
1.0 102.0 46.0 0.0
39.0 112.0 40.0 0.0
38.0 39.0 316.0 0.0
64.0 342.0 77.0 0.0
53.0 66.0 74.0 0.0
36.0 57.0 53.0 0.0
32.0 49.0 79.0 0.0
32.0 79.0 45.0 0.0
31.0 44.0 76.0 0.0
1.0 46.0 45.0 0.0
1.0 45.0 52.0 0.0
1.0 52.0 55.0 0.0
37.0 91.0 55.0 0.0
49.0 67.0 213.0 0.0
99.0 263.0 593.0 0.0
69.0 563.0 348.0 0.0
52.0 331.0 120.0 0.0
72.0 140.0 232.0 0.0
1.0 161.0 58.0 0.0
47.0 158.0 50.0 0.0
45.0 48.0 67.0 0.0
34.0 56.0 122.0 0.0
44.0 132.0 66.0 0.0
62.0 84.0 185.0 0.0
33.0 156.0 55.0 0.0
47.0 69.0 104.0 0.0
59.0 116.0 171.0 0.0
31.0 143.0 47.0 0.0
38.0 54.0 62.0 0.0
35.0 59.0 72.0 0.0
39.0 76.0 46.0 0.0
37.0 44.0 496.0 0.0
45.0 504.0 64.0 0.0
49.0 68.0 165.0 0.0
34.0 150.0 110.0 0.0
66.0 142.0 306.0 0.0
60.0 300.0 98.0 0.0
74.0 112.0 134.0 0.0
70.0 130.0 302.0 0.0
33.0 265.0 134.0 0.0
56.0 157.0 125.0 0.0
47.0 116.0 592.0 0.0
83.0 628.0 151.0 0.0
31.0 99.0 81.0 0.0
78.0 128.0 180.0 0.0
44.0 146.0 117.0 0.0
49.0 122.0 81.0 0.0
33.0 65.0 373.0 0.0
42.0 382.0 620.0 0.0
58.0 636.0 106.0 0.0
53.0 101.0 185.0 0.0
39.0 171.0 260.0 0.0
65.0 286.0 98.0 0.0
34.0 67.0 153.0 0.0
35.0 154.0 96.0 0.0
46.0 107.0 84.0 0.0
32.0 70.0 140.0 0.0
49.0 157.0 110.0 0.0
57.0 118.0 159.0 0.0
54.0 156.0 457.0 0.0
39.0 442.0 100.0 0.0
55.0 116.0 63.0 0.0
51.0 59.0 93.0 0.0
54.0 96.0 67.0 0.0
51.0 64.0 109.0 0.0
57.0 115.0 105.0 0.0
42.0 90.0 66.0 0.0
43.0 67.0 74.0 0.0
59.0 90.0 597.0 0.0
79.0 617.0 189.0 0.0
79.0 189.0 211.0 0.0
41.0 173.0 151.0 0.0
48.0 158.0 140.0 0.0
75.0 167.0 228.0 0.0
65.0 137.0 339.0 0.0
56.0 330.0 88.0 0.0
47.0 180.0 182.0 0.0
59.0 194.0 172.0 0.0
84.0 197.0 143.0 0.0
33.0 207.0 212.0 0.0
58.0 120.0 76.0 0.0
65.0 83.0 143.0 0.0
43.0 121.0 56.0 0.0
38.0 51.0 115.0 0.0
38.0 115.0 76.0 0.0
45.0 83.0 73.0 0.0
53.0 81.0 93.0 0.0
48.0 93.0 189.0 0.0
34.0 91.0 266.0 0.0
32.0 264.0 52.0 0.0
52.0 72.0 253.0 0.0
138.0 339.0 594.0 0.0
1.0 40.0 209.0 0.0
33.0 241.0 160.0 0.0
32.0 159.0 41.0 0.0
32.0 41.0 62.0 0.0
33.0 63.0 218.0 0.0
31.0 65.0 174.0 0.0
1.0 42.0 25.0 0.0
1.0 25.0 50.0 0.0
38.0 87.0 113.0 0.0
1.0 99.0 53.0 0.0
1.0 48.0 47.0 0.0
40.0 86.0 50.0 0.0
31.0 41.0 64.0 0.0
1.0 42.0 127.0 0.0
1.0 127.0 34.0 0.0
34.0 83.0 113.0 0.0
1.0 80.0 23.0 0.0
1.0 23.0 33.0 0.0
31.0 63.0 80.0 0.0
1.0 50.0 19.0 0.0
1.0 19.0 47.0 0.0
1.0 47.0 85.0 0.0
43.0 98.0 168.0 0.0
59.0 184.0 126.0 0.0
45.0 112.0 162.0 0.0
100.0 217.0 342.0 0.0
37.0 279.0 60.0 0.0
55.0 78.0 110.0 0.0
32.0 87.0 60.0 0.0
33.0 61.0 51.0 0.0
39.0 57.0 80.0 0.0
49.0 90.0 113.0 0.0
45.0 109.0 77.0 0.0
51.0 83.0 157.0 0.0
67.0 173.0 83.0 0.0
51.0 67.0 97.0 0.0
46.0 92.0 110.0 0.0
40.0 104.0 63.0 0.0
59.0 82.0 124.0 0.0
40.0 105.0 145.0 0.0
32.0 137.0 34.0 0.0
34.0 36.0 337.0 0.0
40.0 343.0 81.0 0.0
39.0 80.0 310.0 0.0
38.0 309.0 106.0 0.0
102.0 170.0 167.0 0.0
68.0 133.0 83.0 0.0
59.0 74.0 64.0 0.0
54.0 59.0 101.0 0.0
42.0 89.0 76.0 0.0
71.0 105.0 117.0 0.0
85.0 131.0 214.0 0.0
102.0 231.0 192.0 0.0
34.0 124.0 44.0 0.0
31.0 41.0 93.0 0.0
42.0 188.0 113.0 0.0
37.0 76.0 108.0 0.0
64.0 135.0 77.0 0.0
51.0 64.0 94.0 0.0
75.0 118.0 162.0 0.0
84.0 171.0 178.0 0.0
44.0 138.0 75.0 0.0
35.0 66.0 103.0 0.0
50.0 118.0 76.0 0.0
55.0 81.0 178.0 0.0
33.0 156.0 45.0 0.0
33.0 45.0 35.0 0.0
32.0 34.0 211.0 0.0
46.0 225.0 82.0 0.0
44.0 80.0 57.0 0.0
34.0 47.0 65.0 0.0
58.0 80.0 94.0 0.0
76.0 112.0 209.0 0.0
32.0 165.0 69.0 0.0
34.0 69.0 70.0 0.0
32.0 68.0 109.0 0.0
48.0 120.0 70.0 0.0
44.0 66.0 92.0 0.0
57.0 105.0 87.0 0.0
66.0 96.0 167.0 0.0
98.0 199.0 158.0 0.0
48.0 108.0 362.0 0.0
37.0 351.0 49.0 0.0
34.0 46.0 146.0 0.0
63.0 175.0 326.0 0.0
34.0 297.0 50.0 0.0
36.0 52.0 104.0 0.0
1.0 69.0 43.0 0.0
1.0 43.0 156.0 0.0
36.0 191.0 80.0 0.0
45.0 89.0 53.0 0.0
38.0 46.0 148.0 0.0
37.0 147.0 42.0 0.0
33.0 38.0 104.0 0.0
1.0 72.0 35.0 0.0
1.0 35.0 82.0 0.0
1.0 82.0 19.0 0.0
1.0 19.0 155.0 0.0
32.0 186.0 48.0 0.0
39.0 55.0 80.0 0.0
37.0 78.0 68.0 0.0
31.0 62.0 88.0 0.0
1.0 58.0 28.0 0.0
1.0 28.0 73.0 0.0
1.0 73.0 44.0 0.0
1.0 44.0 31.0 0.0
1.0 31.0 56.0 0.0
1.0 56.0 43.0 0.0
1.0 43.0 21.0 0.0
1.0 21.0 41.0 0.0
1.0 41.0 42.0 0.0
35.0 76.0 87.0 0.0
1.0 53.0 43.0 0.0
1.0 43.0 62.0 0.0
1.0 62.0 21.0 0.0
1.0 21.0 127.0 0.0
1.0 127.0 33.0 0.0
1.0 33.0 73.0 0.0
1.0 35.0 25.0 0.0
1.0 25.0 33.0 0.0
1.0 33.0 57.0 0.0
1.0 57.0 51.0 0.0
1.0 31.0 100.0 0.0
1.0 100.0 33.0 0.0
1.0 33.0 32.0 0.0
1.0 18.0 19.0 0.0
1.0 134.0 61.0 0.0
1.0 61.0 138.0 0.0
37.0 174.0 42.0 0.0
41.0 46.0 254.0 0.0
69.0 282.0 85.0 0.0
69.0 85.0 206.0 0.0
33.0 170.0 106.0 0.0
35.0 108.0 114.0 0.0
43.0 122.0 162.0 0.0
133.0 252.0 153.0 0.0
128.0 148.0 467.0 0.0
181.0 520.0 726.0 0.0
216.0 761.0 771.0 0.0
116.0 671.0 145.0 0.0
102.0 131.0 849.0 0.0
86.0 833.0 0.0 0.0
62.0 74.0 63.0 1.0
106.0 113.0 149.0 1.0
47.0 65.0 79.0 1.0
62.0 119.0 102.0 1.0
75.0 88.0 87.0 1.0
135.0 319.0 147.0 1.0
102.0 170.0 150.0 1.0
179.0 227.0 214.0 1.0
122.0 157.0 168.0 1.0
81.0 128.0 143.0 1.0
72.0 102.0 131.0 1.0
85.0 161.0 169.0 1.0
80.0 133.0 114.0 1.0
115.0 120.0 133.0 1.0
103.0 125.0 126.0 1.0
1.0 51.0 44.0 1.0
31.0 74.0 80.0 1.0
35.0 88.0 61.0 1.0
224.0 442.0 263.0 1.0
136.0 277.0 174.0 1.0
82.0 88.0 98.0 1.0
112.0 113.0 154.0 1.0
42.0 66.0 46.0 1.0
1.0 28.0 21.0 1.0
42.0 60.0 43.0 1.0
80.0 129.0 248.0 1.0
108.0 234.0 148.0 1.0
77.0 117.0 107.0 1.0
96.0 155.0 129.0 1.0
73.0 76.0 84.0 1.0
96.0 116.0 144.0 1.0
116.0 165.0 209.0 1.0
70.0 101.0 111.0 1.0
115.0 156.0 141.0 1.0
184.0 210.0 240.0 1.0
1.0 34.0 44.0 1.0
93.0 113.0 122.0 1.0
93.0 135.0 103.0 1.0
219.0 1015.0 0.0 1.0
248.0 0.0 418.0 0.0
327.0 497.0 377.0 0.0
278.0 328.0 540.0 0.0
242.0 504.0 310.0 0.0
181.0 249.0 416.0 0.0
243.0 478.0 401.0 0.0
177.0 335.0 270.0 0.0
152.0 245.0 170.0 0.0
94.0 112.0 119.0 0.0
116.0 141.0 203.0 0.0
98.0 185.0 134.0 0.0
233.0 269.0 308.0 0.0
191.0 266.0 220.0 0.0
105.0 134.0 105.0 0.0
86.0 86.0 228.0 0.0
77.0 219.0 84.0 0.0
272.0 279.0 651.0 0.0
167.0 546.0 284.0 0.0
87.0 204.0 114.0 0.0
176.0 203.0 702.0 0.0
218.0 744.0 333.0 0.0
122.0 237.0 270.0 0.0
138.0 286.0 326.0 0.0
112.0 300.0 211.0 0.0
236.0 335.0 324.0 0.0
403.0 491.0 704.0 0.0
236.0 537.0 299.0 0.0
270.0 333.0 324.0 0.0
164.0 218.0 176.0 0.0
31.0 32.0 80.0 0.0
31.0 80.0 123.0 0.0
131.0 223.0 163.0 0.0
91.0 123.0 132.0 0.0
98.0 139.0 197.0 0.0
117.0 216.0 137.0 0.0
99.0 119.0 100.0 0.0
107.0 108.0 221.0 0.0
148.0 262.0 261.0 0.0
131.0 244.0 801.0 0.0
69.0 739.0 99.0 0.0
153.0 183.0 252.0 0.0
266.0 365.0 388.0 0.0
187.0 309.0 309.0 0.0
136.0 258.0 140.0 0.0
67.0 71.0 100.0 0.0
81.0 114.0 141.0 0.0
170.0 230.0 177.0 0.0
154.0 161.0 188.0 0.0
86.0 120.0 93.0 0.0
35.0 42.0 95.0 0.0
38.0 98.0 41.0 0.0
82.0 85.0 103.0 0.0
43.0 64.0 82.0 0.0
1.0 40.0 57.0 0.0
39.0 95.0 85.0 0.0
74.0 120.0 85.0 0.0
66.0 77.0 71.0 0.0
69.0 74.0 99.0 0.0
114.0 144.0 129.0 0.0
96.0 111.0 113.0 0.0
79.0 96.0 101.0 0.0
200.0 222.0 220.0 0.0
152.0 172.0 209.0 0.0
62.0 119.0 105.0 0.0
60.0 103.0 77.0 0.0
60.0 77.0 118.0 0.0
1.0 59.0 56.0 0.0
31.0 86.0 58.0 0.0
86.0 113.0 158.0 0.0
61.0 133.0 87.0 0.0
32.0 58.0 40.0 0.0
105.0 113.0 151.0 0.0
99.0 145.0 146.0 0.0
101.0 148.0 138.0 0.0
114.0 151.0 133.0 0.0
84.0 103.0 238.0 0.0
160.0 314.0 245.0 0.0
94.0 179.0 101.0 0.0
95.0 138.0 219.0 0.0
115.0 239.0 153.0 0.0
106.0 144.0 137.0 0.0
89.0 120.0 119.0 0.0
91.0 121.0 109.0 0.0
91.0 109.0 146.0 0.0
97.0 152.0 152.0 0.0
171.0 226.0 216.0 0.0
92.0 137.0 128.0 0.0
105.0 141.0 271.0 0.0
94.0 260.0 131.0 0.0
106.0 143.0 126.0 0.0
84.0 104.0 138.0 0.0
70.0 124.0 476.0 0.0
153.0 559.0 164.0 0.0
75.0 86.0 103.0 0.0
68.0 96.0 69.0 0.0
65.0 66.0 94.0 0.0
108.0 137.0 173.0 0.0
132.0 197.0 143.0 0.0
153.0 164.0 226.0 0.0
186.0 259.0 220.0 0.0
144.0 178.0 191.0 0.0
80.0 127.0 98.0 0.0
59.0 91.0 154.0 0.0
124.0 219.0 332.0 0.0
144.0 352.0 173.0 0.0
155.0 184.0 231.0 0.0
119.0 195.0 248.0 0.0
174.0 303.0 307.0 0.0
212.0 345.0 259.0 0.0
122.0 169.0 175.0 0.0
125.0 178.0 283.0 0.0
152.0 310.0 170.0 0.0
145.0 163.0 185.0 0.0
121.0 161.0 348.0 0.0
247.0 474.0 256.0 0.0
31.0 40.0 81.0 0.0
79.0 129.0 243.0 0.0
99.0 263.0 203.0 0.0
181.0 285.0 330.0 0.0
168.0 317.0 367.0 0.0
252.0 451.0 315.0 0.0
42.0 105.0 87.0 0.0
32.0 77.0 34.0 0.0
93.0 95.0 127.0 0.0
83.0 117.0 89.0 0.0
193.0 199.0 337.0 0.0
121.0 265.0 149.0 0.0
110.0 138.0 123.0 0.0
79.0 92.0 85.0 0.0
85.0 91.0 111.0 0.0
79.0 105.0 82.0 0.0
67.0 70.0 78.0 0.0
33.0 44.0 77.0 0.0
1.0 45.0 52.0 0.0
34.0 85.0 54.0 0.0
75.0 95.0 102.0 0.0
124.0 151.0 248.0 0.0
229.0 353.0 513.0 0.0
317.0 601.0 568.0 0.0
171.0 422.0 222.0 0.0
102.0 153.0 250.0 0.0
32.0 180.0 89.0 0.0
103.0 143.0 116.0 0.0
109.0 121.0 132.0 0.0
127.0 150.0 158.0 0.0
152.0 183.0 165.0 0.0
144.0 157.0 171.0 0.0
106.0 133.0 157.0 0.0
74.0 125.0 187.0 0.0
85.0 198.0 101.0 0.0
67.0 83.0 84.0 0.0
99.0 116.0 111.0 0.0
79.0 91.0 91.0 0.0
158.0 170.0 453.0 0.0
170.0 465.0 187.0 0.0
122.0 139.0 183.0 0.0
119.0 180.0 206.0 0.0
151.0 238.0 335.0 0.0
184.0 196.0 233.0 0.0
158.0 207.0 315.0 0.0
146.0 303.0 188.0 0.0
138.0 180.0 173.0 0.0
302.0 337.0 593.0 0.0
213.0 504.0 258.0 0.0
132.0 177.0 200.0 0.0
95.0 130.0 138.0 0.0
151.0 194.0 255.0 0.0
385.0 489.0 733.0 0.0
204.0 552.0 226.0 0.0
109.0 131.0 211.0 0.0
153.0 255.0 355.0 0.0
95.0 297.0 130.0 0.0
118.0 164.0 163.0 0.0
99.0 144.0 114.0 0.0
114.0 129.0 157.0 0.0
160.0 203.0 188.0 0.0
164.0 192.0 194.0 0.0
222.0 252.0 408.0 0.0
204.0 390.0 261.0 0.0
87.0 144.0 134.0 0.0
77.0 139.0 104.0 0.0
126.0 153.0 139.0 0.0
121.0 134.0 188.0 0.0
78.0 145.0 108.0 0.0
188.0 247.0 665.0 0.0
83.0 560.0 213.0 0.0
181.0 311.0 318.0 0.0
74.0 211.0 134.0 0.0
161.0 221.0 268.0 0.0
93.0 200.0 207.0 0.0
189.0 303.0 265.0 0.0
152.0 236.0 350.0 0.0
164.0 362.0 186.0 0.0
105.0 127.0 255.0 0.0
98.0 248.0 189.0 0.0
132.0 223.0 319.0 0.0
86.0 273.0 134.0 0.0
163.0 211.0 238.0 0.0
171.0 246.0 262.0 0.0
154.0 245.0 252.0 0.0
208.0 306.0 217.0 0.0
158.0 167.0 211.0 0.0
133.0 167.0 182.0 0.0
111.0 160.0 116.0 0.0
111.0 129.0 133.0 0.0
114.0 137.0 121.0 0.0
96.0 103.0 148.0 0.0
114.0 166.0 201.0 0.0
169.0 256.0 203.0 0.0
111.0 145.0 128.0 0.0
39.0 56.0 89.0 0.0
40.0 89.0 93.0 0.0
97.0 123.0 253.0 0.0
122.0 278.0 132.0 0.0
201.0 211.0 403.0 0.0
185.0 387.0 403.0 0.0
32.0 71.0 173.0 0.0
117.0 155.0 123.0 0.0
85.0 101.0 171.0 0.0
78.0 164.0 97.0 0.0
33.0 52.0 34.0 0.0
157.0 199.0 358.0 0.0
94.0 295.0 135.0 0.0
1.0 42.0 25.0 0.0
84.0 88.0 104.0 0.0
51.0 71.0 78.0 0.0
1.0 21.0 44.0 0.0
1.0 44.0 18.0 0.0
38.0 55.0 57.0 0.0
43.0 62.0 95.0 0.0
31.0 83.0 31.0 0.0
32.0 32.0 79.0 0.0
41.0 88.0 50.0 0.0
75.0 84.0 83.0 0.0
98.0 106.0 139.0 0.0
49.0 90.0 80.0 0.0
48.0 79.0 81.0 0.0
1.0 34.0 19.0 0.0
96.0 97.0 106.0 0.0
48.0 58.0 70.0 0.0
32.0 54.0 32.0 0.0
63.0 63.0 78.0 0.0
34.0 49.0 52.0 0.0
1.0 19.0 47.0 0.0
33.0 79.0 53.0 0.0
33.0 53.0 69.0 0.0
34.0 70.0 59.0 0.0
128.0 153.0 154.0 0.0
170.0 196.0 212.0 0.0
189.0 231.0 266.0 0.0
220.0 297.0 253.0 0.0
230.0 263.0 267.0 0.0
76.0 113.0 146.0 0.0
62.0 132.0 92.0 0.0
63.0 93.0 88.0 0.0
80.0 105.0 112.0 0.0
124.0 156.0 167.0 0.0
69.0 112.0 107.0 0.0
100.0 138.0 222.0 0.0
90.0 212.0 153.0 0.0
83.0 146.0 120.0 0.0
118.0 155.0 159.0 0.0
107.0 148.0 133.0 0.0
101.0 127.0 121.0 0.0
141.0 161.0 204.0 0.0
86.0 149.0 90.0 0.0
98.0 102.0 356.0 0.0
89.0 347.0 138.0 0.0
221.0 389.0 238.0 0.0
154.0 171.0 280.0 0.0
102.0 132.0 161.0 0.0
89.0 122.0 194.0 0.0
209.0 314.0 296.0 0.0
177.0 264.0 263.0 0.0
80.0 166.0 83.0 0.0
43.0 54.0 95.0 0.0
51.0 103.0 117.0 0.0
125.0 191.0 134.0 0.0
51.0 60.0 92.0 0.0
39.0 80.0 46.0 0.0
68.0 75.0 138.0 0.0
124.0 194.0 144.0 0.0
147.0 195.0 260.0 0.0
113.0 226.0 240.0 0.0
74.0 201.0 112.0 0.0
91.0 129.0 115.0 0.0
101.0 125.0 150.0 0.0
88.0 181.0 97.0 0.0
62.0 71.0 66.0 0.0
136.0 140.0 252.0 0.0
75.0 191.0 100.0 0.0
93.0 118.0 109.0 0.0
77.0 93.0 108.0 0.0
104.0 160.0 112.0 0.0
31.0 39.0 64.0 0.0
32.0 75.0 37.0 0.0
66.0 71.0 86.0 0.0
35.0 64.0 86.0 0.0
41.0 92.0 83.0 0.0
100.0 110.0 124.0 0.0
148.0 172.0 165.0 0.0
91.0 108.0 268.0 0.0
130.0 307.0 181.0 0.0
173.0 224.0 412.0 0.0
102.0 341.0 116.0 0.0
132.0 146.0 152.0 0.0
255.0 275.0 340.0 0.0
143.0 228.0 149.0 0.0
90.0 96.0 109.0 0.0
37.0 56.0 79.0 0.0
75.0 117.0 138.0 0.0
113.0 176.0 127.0 0.0
86.0 100.0 102.0 0.0
102.0 118.0 188.0 0.0
72.0 158.0 76.0 0.0
71.0 75.0 97.0 0.0
40.0 66.0 74.0 0.0
36.0 70.0 44.0 0.0
39.0 47.0 57.0 0.0
31.0 49.0 98.0 0.0
129.0 196.0 132.0 0.0
85.0 88.0 112.0 0.0
77.0 104.0 109.0 0.0
79.0 111.0 84.0 0.0
40.0 45.0 67.0 0.0
37.0 64.0 41.0 0.0
33.0 37.0 76.0 0.0
1.0 44.0 31.0 0.0
1.0 31.0 56.0 0.0
1.0 56.0 43.0 0.0
1.0 43.0 21.0 0.0
1.0 21.0 41.0 0.0
36.0 76.0 43.0 0.0
65.0 72.0 79.0 0.0
42.0 56.0 84.0 0.0
31.0 73.0 31.0 0.0
32.0 32.0 52.0 0.0
62.0 82.0 64.0 0.0
64.0 66.0 96.0 0.0
35.0 67.0 37.0 0.0
37.0 39.0 71.0 0.0
1.0 35.0 25.0 0.0
1.0 25.0 33.0 0.0
1.0 33.0 57.0 0.0
1.0 57.0 51.0 0.0
1.0 51.0 53.0 0.0
1.0 53.0 31.0 0.0
50.0 80.0 66.0 0.0
35.0 51.0 67.0 0.0
1.0 33.0 32.0 0.0
1.0 32.0 18.0 0.0
1.0 18.0 19.0 0.0
51.0 69.0 86.0 0.0
49.0 84.0 109.0 0.0
72.0 132.0 118.0 0.0
88.0 134.0 103.0 0.0
83.0 98.0 303.0 0.0
93.0 313.0 175.0 0.0
67.0 149.0 218.0 0.0
89.0 240.0 150.0 0.0
85.0 146.0 137.0 0.0
96.0 148.0 313.0 0.0
155.0 372.0 219.0 0.0
233.0 297.0 506.0 0.0
400.0 673.0 987.0 0.0
388.0 975.0 920.0 0.0
270.0 802.0 291.0 0.0
162.0 183.0 958.0 0.0
63.0 99.0 140.0 1.0
151.0 0.0 435.0 0.0
79.0 363.0 256.0 0.0
263.0 440.0 626.0 0.0
187.0 550.0 240.0 0.0
107.0 160.0 480.0 0.0
209.0 582.0 425.0 0.0
69.0 285.0 257.0 0.0
61.0 249.0 100.0 0.0
79.0 118.0 127.0 0.0
73.0 121.0 172.0 0.0
103.0 202.0 157.0 0.0
97.0 151.0 351.0 0.0
119.0 373.0 197.0 0.0
71.0 149.0 72.0 0.0
69.0 70.0 225.0 0.0
77.0 233.0 85.0 0.0
75.0 83.0 540.0 0.0
287.0 752.0 403.0 0.0
69.0 185.0 95.0 0.0
93.0 119.0 838.0 0.0
119.0 864.0 197.0 0.0
95.0 173.0 325.0 0.0
109.0 339.0 316.0 0.0
89.0 296.0 213.0 0.0
145.0 269.0 433.0 0.0
143.0 431.0 545.0 0.0
295.0 697.0 365.0 0.0
225.0 295.0 360.0 0.0
69.0 204.0 89.0 0.0
61.0 81.0 93.0 0.0
1.0 33.0 50.0 0.0
1.0 50.0 151.0 0.0
61.0 211.0 126.0 0.0
103.0 168.0 156.0 0.0
97.0 150.0 170.0 0.0
133.0 206.0 217.0 0.0
1.0 85.0 62.0 0.0
1.0 62.0 171.0 0.0
109.0 279.0 289.0 0.0
105.0 285.0 774.0 0.0
99.0 768.0 100.0 0.0
101.0 102.0 269.0 0.0
267.0 435.0 385.0 0.0
271.0 389.0 385.0 0.0
67.0 181.0 68.0 0.0
69.0 70.0 92.0 0.0
81.0 104.0 179.0 0.0
71.0 169.0 193.0 0.0
111.0 233.0 163.0 0.0
63.0 115.0 106.0 0.0
1.0 44.0 61.0 0.0
1.0 61.0 43.0 0.0
63.0 105.0 143.0 0.0
1.0 81.0 40.0 0.0
1.0 40.0 57.0 0.0
1.0 57.0 83.0 0.0
65.0 147.0 89.0 0.0
67.0 91.0 71.0 0.0
65.0 69.0 117.0 0.0
91.0 143.0 141.0 0.0
61.0 111.0 83.0 0.0
77.0 99.0 145.0 0.0
1.0 69.0 62.0 0.0
1.0 62.0 111.0 0.0
159.0 269.0 271.0 0.0
1.0 113.0 44.0 0.0
1.0 44.0 136.0 0.0
1.0 136.0 59.0 0.0
1.0 59.0 56.0 0.0
1.0 56.0 69.0 0.0
75.0 143.0 207.0 0.0
1.0 133.0 27.0 0.0
1.0 27.0 41.0 0.0
67.0 107.0 157.0 0.0
95.0 185.0 132.0 0.0
103.0 140.0 146.0 0.0
99.0 142.0 117.0 0.0
135.0 153.0 248.0 0.0
207.0 320.0 283.0 0.0
61.0 137.0 68.0 0.0
65.0 72.0 133.0 0.0
143.0 211.0 255.0 0.0
107.0 219.0 146.0 0.0
105.0 144.0 132.0 0.0
75.0 102.0 132.0 0.0
63.0 120.0 85.0 0.0
103.0 125.0 153.0 0.0
75.0 125.0 182.0 0.0
119.0 226.0 178.0 0.0
99.0 158.0 137.0 0.0
81.0 119.0 280.0 0.0
85.0 284.0 102.0 0.0
103.0 120.0 224.0 0.0
1.0 122.0 55.0 0.0
1.0 55.0 559.0 0.0
77.0 635.0 82.0 0.0
83.0 88.0 103.0 0.0
65.0 85.0 71.0 0.0
61.0 67.0 82.0 0.0
79.0 100.0 232.0 0.0
83.0 236.0 93.0 0.0
99.0 109.0 261.0 0.0
117.0 279.0 206.0 0.0
89.0 178.0 177.0 0.0
69.0 157.0 137.0 0.0
1.0 69.0 33.0 0.0
1.0 33.0 143.0 0.0
183.0 325.0 366.0 0.0
79.0 262.0 154.0 0.0
119.0 194.0 186.0 0.0
251.0 318.0 281.0 0.0
215.0 245.0 332.0 0.0
155.0 272.0 266.0 0.0
113.0 224.0 156.0 0.0
149.0 192.0 301.0 0.0
131.0 283.0 161.0 0.0
121.0 151.0 161.0 0.0
197.0 237.0 531.0 0.0
67.0 401.0 113.0 0.0
1.0 47.0 51.0 0.0
1.0 51.0 238.0 0.0
123.0 360.0 195.0 0.0
235.0 307.0 288.0 0.0
253.0 306.0 540.0 0.0
137.0 424.0 238.0 0.0
1.0 102.0 46.0 0.0
1.0 46.0 36.0 0.0
61.0 96.0 134.0 0.0
77.0 150.0 78.0 0.0
75.0 76.0 353.0 0.0
127.0 405.0 140.0 0.0
105.0 118.0 126.0 0.0
71.0 92.0 88.0 0.0
63.0 80.0 110.0 0.0
63.0 110.0 76.0 0.0
61.0 74.0 106.0 0.0
1.0 46.0 45.0 0.0
1.0 45.0 52.0 0.0
1.0 52.0 55.0 0.0
73.0 127.0 91.0 0.0
97.0 115.0 261.0 0.0
197.0 361.0 691.0 0.0
137.0 631.0 416.0 0.0
103.0 382.0 171.0 0.0
143.0 211.0 303.0 0.0
1.0 161.0 58.0 0.0
1.0 58.0 112.0 0.0
93.0 204.0 96.0 0.0
89.0 92.0 111.0 0.0
67.0 89.0 155.0 0.0
87.0 175.0 109.0 0.0
123.0 145.0 246.0 0.0
65.0 188.0 87.0 0.0
93.0 115.0 150.0 0.0
117.0 174.0 229.0 0.0
61.0 173.0 77.0 0.0
75.0 91.0 99.0 0.0
69.0 93.0 106.0 0.0
77.0 114.0 84.0 0.0
73.0 80.0 532.0 0.0
89.0 548.0 108.0 0.0
97.0 116.0 213.0 0.0
67.0 183.0 143.0 0.0
131.0 207.0 371.0 0.0
119.0 359.0 157.0 0.0
147.0 185.0 207.0 0.0
139.0 199.0 371.0 0.0
65.0 297.0 166.0 0.0
111.0 212.0 180.0 0.0
93.0 162.0 638.0 0.0
165.0 710.0 233.0 0.0
61.0 129.0 111.0 0.0
155.0 205.0 257.0 0.0
87.0 189.0 160.0 0.0
97.0 170.0 129.0 0.0
65.0 97.0 405.0 0.0
83.0 423.0 661.0 0.0
115.0 693.0 163.0 0.0
105.0 153.0 237.0 0.0
77.0 209.0 298.0 0.0
129.0 350.0 162.0 0.0
67.0 100.0 186.0 0.0
69.0 188.0 130.0 0.0
91.0 152.0 129.0 0.0
63.0 101.0 171.0 0.0
97.0 205.0 158.0 0.0
113.0 174.0 215.0 0.0
107.0 209.0 510.0 0.0
77.0 480.0 138.0 0.0
109.0 170.0 117.0 0.0
101.0 109.0 143.0 0.0
107.0 149.0 120.0 0.0
101.0 114.0 159.0 0.0
113.0 171.0 161.0 0.0
83.0 131.0 107.0 0.0
85.0 109.0 116.0 0.0
117.0 148.0 655.0 0.0
157.0 695.0 267.0 0.0
157.0 267.0 289.0 0.0
81.0 213.0 191.0 0.0
95.0 205.0 187.0 0.0
149.0 241.0 302.0 0.0
91.0 244.0 200.0 0.0
83.0 192.0 155.0 0.0
129.0 201.0 403.0 0.0
111.0 385.0 143.0 0.0
127.0 159.0 260.0 0.0
93.0 226.0 228.0 0.0
117.0 252.0 230.0 0.0
167.0 280.0 226.0 0.0
61.0 120.0 235.0 0.0
65.0 239.0 244.0 0.0
137.0 316.0 321.0 0.0
119.0 303.0 128.0 0.0
129.0 138.0 191.0 0.0
115.0 177.0 133.0 0.0
129.0 147.0 207.0 0.0
85.0 163.0 98.0 0.0
75.0 88.0 152.0 0.0
75.0 152.0 113.0 0.0
89.0 127.0 117.0 0.0
105.0 133.0 145.0 0.0
79.0 119.0 124.0 0.0
95.0 140.0 236.0 0.0
109.0 250.0 203.0 0.0
89.0 183.0 134.0 0.0
1.0 46.0 51.0 0.0
1.0 51.0 44.0 0.0
1.0 44.0 119.0 0.0
1.0 119.0 54.0 0.0
1.0 54.0 58.0 0.0
67.0 124.0 299.0 0.0
63.0 295.0 83.0 0.0
103.0 123.0 304.0 0.0
275.0 476.0 731.0 0.0
1.0 457.0 40.0 0.0
1.0 40.0 209.0 0.0
65.0 273.0 192.0 0.0
63.0 190.0 72.0 0.0
63.0 72.0 93.0 0.0
65.0 95.0 250.0 0.0
1.0 186.0 20.0 0.0
1.0 20.0 35.0 0.0
61.0 95.0 204.0 0.0
69.0 212.0 400.0 0.0
1.0 332.0 42.0 0.0
1.0 42.0 25.0 0.0
1.0 25.0 50.0 0.0
75.0 124.0 150.0 0.0
1.0 76.0 28.0 0.0
1.0 28.0 21.0 0.0
1.0 21.0 44.0 0.0
1.0 44.0 18.0 0.0
1.0 18.0 99.0 0.0
1.0 99.0 53.0 0.0
1.0 53.0 62.0 0.0
1.0 62.0 48.0 0.0
1.0 48.0 47.0 0.0
79.0 125.0 89.0 0.0
61.0 71.0 94.0 0.0
1.0 34.0 42.0 0.0
1.0 42.0 127.0 0.0
1.0 127.0 34.0 0.0
1.0 34.0 19.0 0.0
1.0 19.0 50.0 0.0
67.0 116.0 146.0 0.0
1.0 80.0 23.0 0.0
1.0 23.0 33.0 0.0
61.0 93.0 110.0 0.0
1.0 50.0 19.0 0.0
1.0 19.0 47.0 0.0
1.0 47.0 85.0 0.0
1.0 85.0 37.0 0.0
1.0 37.0 56.0 0.0
85.0 140.0 210.0 0.0
117.0 242.0 184.0 0.0
89.0 156.0 206.0 0.0
199.0 316.0 441.0 0.0
73.0 315.0 96.0 0.0
109.0 132.0 164.0 0.0
63.0 118.0 91.0 0.0
65.0 93.0 83.0 0.0
77.0 95.0 118.0 0.0
97.0 138.0 161.0 0.0
89.0 153.0 121.0 0.0
101.0 133.0 207.0 0.0
133.0 239.0 149.0 0.0
101.0 117.0 147.0 0.0
91.0 137.0 155.0 0.0
79.0 143.0 102.0 0.0
117.0 140.0 182.0 0.0
79.0 144.0 184.0 0.0
63.0 168.0 65.0 0.0
67.0 69.0 370.0 0.0
79.0 382.0 120.0 0.0
77.0 118.0 348.0 0.0
75.0 346.0 143.0 0.0
203.0 271.0 268.0 0.0
135.0 200.0 150.0 0.0
117.0 132.0 122.0 0.0
107.0 112.0 154.0 0.0
83.0 130.0 117.0 0.0
141.0 175.0 187.0 0.0
169.0 215.0 298.0 0.0
203.0 332.0 293.0 0.0
67.0 157.0 77.0 0.0
61.0 71.0 123.0 0.0
1.0 63.0 53.0 0.0
1.0 53.0 147.0 0.0
83.0 229.0 154.0 0.0
1.0 72.0 42.0 0.0
1.0 42.0 40.0 0.0
73.0 112.0 144.0 0.0
127.0 198.0 140.0 0.0
101.0 114.0 144.0 0.0
149.0 192.0 236.0 0.0
167.0 254.0 261.0 0.0
87.0 181.0 118.0 0.0
69.0 100.0 137.0 0.0
99.0 167.0 125.0 0.0
109.0 135.0 232.0 0.0
65.0 188.0 77.0 0.0
65.0 77.0 67.0 0.0
63.0 65.0 242.0 0.0
91.0 270.0 127.0 0.0
87.0 123.0 100.0 0.0
67.0 80.0 98.0 0.0
79.0 110.0 101.0 0.0
115.0 137.0 151.0 0.0
151.0 187.0 284.0 0.0
63.0 196.0 100.0 0.0
1.0 38.0 34.0 0.0
1.0 34.0 44.0 0.0
1.0 44.0 36.0 0.0
67.0 102.0 103.0 0.0
1.0 78.0 52.0 0.0
1.0 52.0 73.0 0.0
95.0 167.0 117.0 0.0
87.0 109.0 135.0 0.0
113.0 161.0 143.0 0.0
131.0 161.0 232.0 0.0
195.0 296.0 255.0 0.0
95.0 155.0 409.0 0.0
73.0 387.0 85.0 0.0
67.0 79.0 179.0 0.0
125.0 237.0 388.0 0.0
67.0 330.0 83.0 0.0
71.0 87.0 139.0 0.0
1.0 69.0 43.0 0.0
1.0 43.0 156.0 0.0
71.0 226.0 115.0 0.0
89.0 133.0 97.0 0.0
75.0 83.0 185.0 0.0
73.0 183.0 78.0 0.0
65.0 70.0 136.0 0.0
1.0 72.0 35.0 0.0
1.0 35.0 82.0 0.0
1.0 82.0 19.0 0.0
1.0 19.0 155.0 0.0
63.0 217.0 79.0 0.0
77.0 93.0 118.0 0.0
73.0 114.0 104.0 0.0
61.0 92.0 118.0 0.0
1.0 58.0 28.0 0.0
1.0 28.0 73.0 0.0
1.0 73.0 44.0 0.0
1.0 44.0 31.0 0.0
1.0 31.0 56.0 0.0
1.0 56.0 43.0 0.0
1.0 43.0 21.0 0.0
1.0 21.0 41.0 0.0
1.0 41.0 42.0 0.0
69.0 110.0 121.0 0.0
1.0 53.0 43.0 0.0
1.0 43.0 62.0 0.0
1.0 62.0 21.0 0.0
1.0 21.0 127.0 0.0
1.0 127.0 33.0 0.0
1.0 33.0 73.0 0.0
1.0 73.0 35.0 0.0
1.0 35.0 25.0 0.0
1.0 25.0 33.0 0.0
1.0 33.0 57.0 0.0
1.0 57.0 51.0 0.0
1.0 51.0 53.0 0.0
1.0 53.0 31.0 0.0
1.0 31.0 100.0 0.0
1.0 100.0 33.0 0.0
1.0 33.0 32.0 0.0
1.0 32.0 18.0 0.0
1.0 18.0 19.0 0.0
1.0 19.0 134.0 0.0
1.0 134.0 61.0 0.0
1.0 61.0 138.0 0.0
73.0 210.0 78.0 0.0
81.0 86.0 294.0 0.0
137.0 350.0 153.0 0.0
137.0 153.0 274.0 0.0
65.0 202.0 138.0 0.0
69.0 142.0 148.0 0.0
85.0 164.0 204.0 0.0
265.0 384.0 285.0 0.0
255.0 275.0 594.0 0.0
361.0 700.0 906.0 0.0
431.0 976.0 986.0 0.0
231.0 786.0 260.0 0.0
203.0 232.0 950.0 0.0
171.0 918.0 0.0 0.0
1.0 0.0 287.0 1.0
1.0 535.0 414.0 1.0
1.0 524.0 401.0 1.0
1.0 224.0 164.0 1.0
1.0 164.0 141.0 1.0
1.0 141.0 152.0 1.0
1.0 152.0 175.0 1.0
1.0 175.0 92.0 1.0
1.0 92.0 146.0 1.0
1.0 146.0 216.0 1.0
1.0 216.0 73.0 1.0
1.0 73.0 118.0 1.0
1.0 118.0 119.0 1.0
1.0 119.0 91.0 1.0
1.0 91.0 207.0 1.0
1.0 207.0 148.0 1.0
1.0 148.0 159.0 1.0
1.0 159.0 136.0 1.0
1.0 145.0 141.0 1.0
1.0 141.0 210.0 1.0
1.0 210.0 68.0 1.0
1.0 174.0 155.0 1.0
1.0 155.0 89.0 1.0
1.0 89.0 113.0 1.0
1.0 113.0 116.0 1.0
1.0 116.0 119.0 1.0
1.0 119.0 122.0 1.0
1.0 122.0 302.0 1.0
1.0 302.0 153.0 1.0
1.0 153.0 169.0 1.0
1.0 169.0 370.0 1.0
1.0 103.0 46.0 1.0
1.0 164.0 44.0 1.0
1.0 44.0 76.0 1.0
1.0 76.0 50.0 1.0
1.0 50.0 92.0 1.0
1.0 92.0 139.0 1.0
1.0 139.0 128.0 1.0
1.0 128.0 164.0 1.0
1.0 164.0 108.0 1.0
1.0 108.0 149.0 1.0
1.0 132.0 95.0 1.0
1.0 95.0 65.0 1.0
1.0 65.0 81.0 1.0
1.0 81.0 102.0 1.0
1.0 102.0 47.0 1.0
1.0 47.0 51.0 1.0
1.0 51.0 149.0 1.0
1.0 149.0 139.0 1.0
1.0 41.0 19.0 1.0
1.0 19.0 36.0 1.0
1.0 36.0 132.0 1.0
1.0 161.0 128.0 1.0
1.0 128.0 52.0 1.0
1.0 52.0 180.0 1.0
1.0 46.0 179.0 1.0
1.0 251.0 349.0 1.0
1.0 246.0 497.0 1.0
1.0 284.0 187.0 1.0
2.0 296.0 208.0 1.0
1.0 200.0 369.0 1.0
1.0 447.0 39.0 1.0
1.0 117.0 127.0 1.0
1.0 127.0 120.0 1.0
2.0 121.0 53.0 1.0
1.0 159.0 102.0 1.0
1.0 102.0 104.0 1.0
1.0 137.0 142.0 1.0
1.0 142.0 62.0 1.0
1.0 62.0 314.0 1.0
1.0 314.0 51.0 1.0
1.0 272.0 72.0 1.0
1.0 72.0 112.0 1.0
1.0 112.0 176.0 1.0
1.0 176.0 282.0 1.0
1.0 282.0 485.0 1.0
1.0 485.0 443.0 1.0
1.0 117.0 61.0 1.0
1.0 257.0 113.0 1.0
1.0 239.0 97.0 1.0
1.0 350.0 259.0 1.0
1.0 266.0 207.0 1.0
1.0 207.0 241.0 1.0
1.0 241.0 135.0 1.0
1.0 249.0 216.0 1.0
1.0 100.0 88.0 1.0
1.0 264.0 632.0 1.0
1.0 632.0 186.0 1.0
1.0 149.0 300.0 1.0
1.0 300.0 170.0 1.0
1.0 170.0 281.0 1.0
1.0 281.0 109.0 1.0
1.0 109.0 75.0 1.0
1.0 75.0 162.0 1.0
1.0 162.0 92.0 1.0
1.0 92.0 144.0 1.0
1.0 144.0 49.0 1.0
2.0 50.0 187.0 1.0
1.0 186.0 79.0 1.0
1.0 28.0 228.0 1.0
1.0 74.0 81.0 1.0
1.0 81.0 227.0 1.0
2.0 228.0 102.0 1.0
1.0 101.0 217.0 1.0
1.0 217.0 94.0 1.0
1.0 94.0 135.0 1.0
1.0 135.0 159.0 1.0
1.0 159.0 216.0 1.0
1.0 216.0 51.0 1.0
1.0 138.0 43.0 1.0
1.0 43.0 128.0 1.0
2.0 63.0 80.0 1.0
1.0 79.0 30.0 1.0
1.0 30.0 59.0 1.0
1.0 59.0 86.0 1.0
1.0 86.0 66.0 1.0
1.0 66.0 66.0 1.0
1.0 66.0 44.0 1.0
1.0 44.0 119.0 1.0
1.0 119.0 169.0 1.0
1.0 169.0 219.0 1.0
1.0 219.0 510.0 1.0
1.0 510.0 284.0 1.0
1.0 284.0 265.0 1.0
1.0 265.0 207.0 1.0
1.0 206.0 165.0 1.0
1.0 182.0 221.0 1.0
1.0 221.0 145.0 1.0
1.0 145.0 133.0 1.0
1.0 133.0 147.0 1.0
1.0 147.0 168.0 1.0
1.0 168.0 112.0 1.0
1.0 112.0 220.0 1.0
1.0 220.0 178.0 1.0
1.0 76.0 144.0 1.0
1.0 99.0 56.0 1.0
1.0 56.0 108.0 1.0
1.0 108.0 105.0 1.0
1.0 113.0 55.0 1.0
1.0 55.0 125.0 1.0
1.0 137.0 179.0 1.0
1.0 179.0 140.0 1.0
1.0 141.0 140.0 1.0
1.0 154.0 127.0 1.0
1.0 127.0 63.0 1.0
1.0 63.0 132.0 1.0
1.0 132.0 154.0 1.0
1.0 177.0 155.0 1.0
1.0 155.0 231.0 1.0
1.0 231.0 145.0 1.0
1.0 145.0 844.0 1.0
1.0 844.0 102.0 1.0
1.0 241.0 388.0 1.0
1.0 182.0 63.0 1.0
1.0 105.0 103.0 1.0
1.0 103.0 176.0 1.0
1.0 176.0 105.0 1.0
1.0 105.0 114.0 1.0
1.0 114.0 313.0 1.0
1.0 313.0 280.0 1.0
1.0 249.0 267.0 1.0
1.0 267.0 490.0 1.0
1.0 170.0 219.0 1.0
1.0 269.0 469.0 1.0
1.0 287.0 322.0 0.0
1.0 322.0 606.0 0.0
1.0 606.0 159.0 0.0
1.0 159.0 429.0 0.0
1.0 429.0 352.0 0.0
1.0 352.0 292.0 0.0
1.0 292.0 248.0 0.0
1.0 248.0 514.0 0.0
1.0 514.0 359.0 0.0
1.0 359.0 409.0 0.0
1.0 409.0 265.0 0.0
1.0 265.0 180.0 0.0
1.0 180.0 294.0 0.0
1.0 294.0 168.0 0.0
1.0 168.0 577.0 0.0
1.0 577.0 535.0 0.0
1.0 414.0 408.0 0.0
1.0 408.0 269.0 0.0
1.0 269.0 524.0 0.0
1.0 401.0 295.0 0.0
1.0 295.0 43.0 0.0
1.0 43.0 204.0 0.0
1.0 204.0 331.0 0.0
1.0 331.0 224.0 0.0
1.0 136.0 145.0 0.0
1.0 68.0 174.0 0.0
1.0 370.0 125.0 0.0
1.0 125.0 103.0 0.0
61.0 106.0 224.0 0.0
1.0 149.0 113.0 0.0
1.0 113.0 114.0 0.0
1.0 114.0 132.0 0.0
1.0 139.0 272.0 0.0
1.0 272.0 190.0 0.0
1.0 190.0 168.0 0.0
1.0 168.0 244.0 0.0
1.0 244.0 146.0 0.0
1.0 146.0 69.0 0.0
1.0 69.0 103.0 0.0
1.0 103.0 51.0 0.0
1.0 51.0 65.0 0.0
1.0 65.0 54.0 0.0
1.0 54.0 70.0 0.0
1.0 70.0 41.0 0.0
1.0 132.0 138.0 0.0
1.0 138.0 445.0 0.0
1.0 445.0 220.0 0.0
1.0 220.0 149.0 0.0
1.0 149.0 161.0 0.0
1.0 180.0 55.0 0.0
1.0 55.0 69.0 0.0
1.0 69.0 86.0 0.0
1.0 86.0 46.0 0.0
1.0 179.0 245.0 0.0
1.0 245.0 251.0 0.0
1.0 349.0 418.0 0.0
1.0 418.0 328.0 0.0
1.0 328.0 246.0 0.0
1.0 497.0 284.0 0.0
1.0 187.0 157.0 0.0
1.0 157.0 124.0 0.0
1.0 124.0 474.0 0.0
1.0 474.0 205.0 0.0
1.0 205.0 126.0 0.0
1.0 126.0 142.0 0.0
1.0 142.0 170.0 0.0
1.0 170.0 295.0 0.0
1.0 207.0 200.0 0.0
1.0 369.0 447.0 0.0
1.0 39.0 117.0 0.0
1.0 52.0 159.0 0.0
1.0 104.0 137.0 0.0
1.0 51.0 272.0 0.0
1.0 443.0 186.0 0.0
1.0 186.0 148.0 0.0
1.0 148.0 192.0 0.0
1.0 192.0 134.0 0.0
1.0 134.0 98.0 0.0
1.0 98.0 117.0 0.0
1.0 61.0 146.0 0.0
1.0 146.0 422.0 0.0
1.0 422.0 545.0 0.0
1.0 545.0 295.0 0.0
1.0 295.0 544.0 0.0
1.0 544.0 257.0 0.0
1.0 113.0 473.0 0.0
1.0 473.0 282.0 0.0
1.0 282.0 523.0 0.0
1.0 523.0 489.0 0.0
1.0 489.0 331.0 0.0
1.0 331.0 303.0 0.0
1.0 303.0 434.0 0.0
1.0 434.0 200.0 0.0
1.0 200.0 446.0 0.0
1.0 446.0 281.0 0.0
1.0 281.0 239.0 0.0
1.0 97.0 183.0 0.0
1.0 183.0 500.0 0.0
1.0 500.0 350.0 0.0
1.0 259.0 230.0 0.0
1.0 230.0 239.0 0.0
1.0 239.0 186.0 0.0
1.0 186.0 192.0 0.0
1.0 192.0 326.0 0.0
1.0 326.0 266.0 0.0
1.0 135.0 249.0 0.0
1.0 216.0 138.0 0.0
1.0 138.0 198.0 0.0
1.0 198.0 767.0 0.0
1.0 767.0 119.0 0.0
1.0 119.0 114.0 0.0
1.0 114.0 80.0 0.0
1.0 80.0 100.0 0.0
1.0 88.0 28.0 0.0
1.0 28.0 61.0 0.0
1.0 61.0 87.0 0.0
1.0 87.0 61.0 0.0
1.0 61.0 39.0 0.0
1.0 39.0 64.0 0.0
1.0 64.0 83.0 0.0
1.0 83.0 49.0 0.0
1.0 49.0 60.0 0.0
1.0 60.0 96.0 0.0
1.0 96.0 264.0 0.0
1.0 186.0 149.0 0.0
1.0 79.0 28.0 0.0
1.0 228.0 274.0 0.0
1.0 274.0 96.0 0.0
1.0 96.0 74.0 0.0
1.0 51.0 138.0 0.0
1.0 128.0 62.0 0.0
1.0 207.0 206.0 0.0
1.0 165.0 182.0 0.0
1.0 178.0 76.0 0.0
1.0 144.0 99.0 0.0
1.0 105.0 113.0 0.0
1.0 125.0 49.0 0.0
1.0 49.0 60.0 0.0
1.0 60.0 65.0 0.0
1.0 65.0 64.0 0.0
1.0 64.0 24.0 0.0
1.0 24.0 82.0 0.0
1.0 82.0 137.0 0.0
1.0 140.0 104.0 0.0
1.0 104.0 180.0 0.0
1.0 180.0 602.0 0.0
1.0 602.0 250.0 0.0
1.0 250.0 299.0 0.0
1.0 299.0 438.0 0.0
1.0 438.0 214.0 0.0
1.0 214.0 285.0 0.0
1.0 285.0 1138.0 0.0
1.0 1138.0 1298.0 0.0
1.0 1298.0 144.0 0.0
1.0 144.0 223.0 0.0
1.0 223.0 141.0 0.0
1.0 140.0 85.0 0.0
1.0 85.0 123.0 0.0
1.0 123.0 195.0 0.0
1.0 195.0 154.0 0.0
1.0 154.0 140.0 0.0
1.0 140.0 177.0 0.0
1.0 102.0 294.0 0.0
1.0 294.0 97.0 0.0
1.0 97.0 241.0 0.0
1.0 388.0 123.0 0.0
1.0 123.0 97.0 0.0
1.0 97.0 152.0 0.0
1.0 152.0 319.0 0.0
1.0 319.0 76.0 0.0
1.0 76.0 196.0 0.0
1.0 196.0 389.0 0.0
1.0 389.0 43.0 0.0
1.0 43.0 182.0 0.0
1.0 63.0 22.0 0.0
2.0 23.0 91.0 0.0
1.0 90.0 151.0 0.0
1.0 151.0 105.0 0.0
1.0 280.0 175.0 0.0
1.0 175.0 349.0 0.0
1.0 349.0 249.0 0.0
16.0 505.0 180.0 0.0
1.0 165.0 185.0 0.0
1.0 185.0 295.0 0.0
1.0 295.0 225.0 0.0
2.0 226.0 167.0 0.0
1.0 166.0 108.0 0.0
2.0 109.0 194.0 0.0
1.0 193.0 144.0 0.0
1.0 144.0 164.0 0.0
1.0 164.0 33.0 0.0
1.0 33.0 265.0 0.0
1.0 265.0 205.0 0.0
1.0 205.0 186.0 0.0
1.0 186.0 110.0 0.0
1.0 110.0 170.0 0.0
1.0 219.0 306.0 0.0
1.0 306.0 363.0 0.0
1.0 363.0 289.0 0.0
1.0 289.0 269.0 0.0
49.0 517.0 0.0 0.0
99.0 180.0 328.0 1.0
51.0 101.0 185.0 1.0
44.0 79.0 60.0 1.0
43.0 79.0 71.0 1.0
1.0 65.0 46.0 1.0
1.0 46.0 164.0 1.0
1.0 164.0 44.0 1.0
1.0 44.0 76.0 1.0
1.0 76.0 50.0 1.0
1.0 50.0 47.0 1.0
1.0 65.0 47.0 1.0
1.0 47.0 51.0 1.0
1.0 51.0 108.0 1.0
1.0 41.0 19.0 1.0
1.0 19.0 36.0 1.0
1.0 36.0 76.0 1.0
1.0 98.0 52.0 1.0
1.0 52.0 180.0 1.0
1.0 55.0 46.0 1.0
1.0 46.0 117.0 1.0
31.0 252.0 123.0 1.0
1.0 393.0 39.0 1.0
1.0 86.0 52.0 1.0
1.0 79.0 62.0 1.0
1.0 62.0 314.0 1.0
1.0 314.0 51.0 1.0
33.0 62.0 122.0 1.0
142.0 439.0 238.0 1.0
1.0 53.0 49.0 1.0
1.0 109.0 49.0 1.0
1.0 49.0 147.0 1.0
1.0 40.0 28.0 1.0
1.0 28.0 168.0 1.0
1.0 183.0 51.0 1.0
1.0 138.0 43.0 1.0
1.0 43.0 128.0 1.0
1.0 62.0 79.0 1.0
1.0 30.0 59.0 1.0
1.0 59.0 56.0 1.0
1.0 35.0 44.0 1.0
1.0 44.0 82.0 1.0
1.0 67.0 56.0 1.0
1.0 56.0 59.0 1.0
1.0 55.0 125.0 1.0
1.0 22.0 51.0 1.0
92.0 0.0 231.0 0.0
57.0 196.0 207.0 0.0
116.0 266.0 557.0 0.0
50.0 491.0 129.0 0.0
31.0 110.0 345.0 0.0
85.0 399.0 298.0 0.0
55.0 268.0 247.0 0.0
46.0 238.0 157.0 0.0
92.0 203.0 422.0 0.0
93.0 423.0 277.0 0.0
83.0 267.0 329.0 0.0
81.0 327.0 177.0 0.0
89.0 185.0 135.0 0.0
46.0 92.0 229.0 0.0
66.0 249.0 118.0 0.0
51.0 103.0 349.0 0.0
229.0 527.0 433.0 0.0
103.0 307.0 287.0 0.0
128.0 312.0 319.0 0.0
90.0 281.0 171.0 0.0
197.0 426.0 326.0 0.0
76.0 205.0 295.0 0.0
1.0 220.0 43.0 0.0
1.0 43.0 135.0 0.0
70.0 204.0 268.0 0.0
64.0 262.0 171.0 0.0
54.0 161.0 102.0 0.0
63.0 111.0 80.0 0.0
62.0 79.0 93.0 0.0
60.0 91.0 142.0 0.0
34.0 116.0 47.0 0.0
46.0 59.0 96.0 0.0
32.0 166.0 41.0 0.0
33.0 42.0 78.0 0.0
41.0 86.0 76.0 0.0
32.0 48.0 141.0 0.0
67.0 176.0 104.0 0.0
45.0 82.0 120.0 0.0
40.0 115.0 105.0 0.0
32.0 97.0 99.0 0.0
47.0 114.0 76.0 0.0
66.0 95.0 177.0 0.0
34.0 145.0 36.0 0.0
33.0 35.0 135.0 0.0
40.0 142.0 122.0 0.0
34.0 116.0 54.0 0.0
36.0 56.0 76.0 0.0
38.0 78.0 74.0 0.0
49.0 77.0 66.0 0.0
57.0 74.0 257.0 0.0
46.0 246.0 92.0 0.0
62.0 108.0 104.0 0.0
66.0 108.0 319.0 0.0
52.0 305.0 87.0 0.0
39.0 74.0 103.0 0.0
46.0 92.0 78.0 0.0
62.0 94.0 69.0 0.0
60.0 67.0 129.0 0.0
36.0 105.0 55.0 0.0
54.0 73.0 94.0 0.0
56.0 96.0 72.0 0.0
42.0 58.0 79.0 0.0
36.0 73.0 98.0 0.0
35.0 97.0 63.0 0.0
33.0 61.0 33.0 0.0
33.0 33.0 44.0 0.0
38.0 49.0 102.0 0.0
42.0 149.0 75.0 0.0
65.0 98.0 235.0 0.0
38.0 208.0 127.0 0.0
64.0 153.0 136.0 0.0
33.0 105.0 210.0 0.0
35.0 212.0 116.0 0.0
31.0 112.0 39.0 0.0
31.0 39.0 103.0 0.0
1.0 73.0 51.0 0.0
1.0 51.0 65.0 0.0
1.0 65.0 54.0 0.0
1.0 54.0 70.0 0.0
1.0 70.0 41.0 0.0
57.0 132.0 100.0 0.0
39.0 82.0 386.0 0.0
60.0 407.0 186.0 0.0
35.0 161.0 110.0 0.0
40.0 115.0 131.0 0.0
31.0 122.0 128.0 0.0
1.0 180.0 55.0 0.0
1.0 55.0 38.0 0.0
32.0 69.0 86.0 0.0
63.0 179.0 157.0 0.0
89.0 183.0 174.0 0.0
78.0 163.0 304.0 0.0
46.0 272.0 265.0 0.0
154.0 373.0 214.0 0.0
115.0 175.0 154.0 0.0
93.0 132.0 465.0 0.0
33.0 405.0 254.0 0.0
65.0 157.0 101.0 0.0
57.0 93.0 94.0 0.0
31.0 68.0 442.0 0.0
33.0 444.0 158.0 0.0
48.0 173.0 78.0 0.0
49.0 79.0 111.0 0.0
32.0 94.0 108.0 0.0
63.0 139.0 210.0 0.0
86.0 233.0 155.0 0.0
53.0 122.0 157.0 0.0
44.0 148.0 315.0 0.0
55.0 326.0 447.0 0.0
1.0 39.0 71.0 0.0
47.0 117.0 93.0 0.0
35.0 81.0 120.0 0.0
1.0 52.0 122.0 0.0
38.0 159.0 66.0 0.0
37.0 65.0 55.0 0.0
50.0 68.0 74.0 0.0
64.0 88.0 142.0 0.0
1.0 51.0 240.0 0.0
33.0 272.0 40.0 0.0
33.0 40.0 74.0 0.0
39.0 80.0 96.0 0.0
81.0 138.0 202.0 0.0
81.0 202.0 435.0 0.0
51.0 405.0 390.0 0.0
54.0 393.0 131.0 0.0
56.0 133.0 89.0 0.0
60.0 93.0 126.0 0.0
67.0 133.0 97.0 0.0
38.0 68.0 61.0 0.0
38.0 61.0 117.0 0.0
1.0 80.0 61.0 0.0
1.0 61.0 97.0 0.0
50.0 146.0 217.0 0.0
206.0 373.0 410.0 0.0
136.0 340.0 157.0 0.0
139.0 160.0 504.0 0.0
41.0 406.0 207.0 0.0
51.0 217.0 63.0 0.0
51.0 63.0 346.0 0.0
128.0 423.0 248.0 0.0
35.0 155.0 470.0 0.0
54.0 489.0 356.0 0.0
134.0 436.0 253.0 0.0
79.0 198.0 225.0 0.0
79.0 225.0 344.0 0.0
91.0 356.0 163.0 0.0
38.0 110.0 335.0 0.0
112.0 409.0 250.0 0.0
32.0 170.0 204.0 0.0
36.0 208.0 65.0 0.0
62.0 151.0 359.0 0.0
113.0 209.0 187.0 0.0
73.0 147.0 128.0 0.0
103.0 158.0 147.0 0.0
93.0 137.0 102.0 0.0
85.0 94.0 150.0 0.0
43.0 108.0 229.0 0.0
98.0 284.0 231.0 0.0
36.0 169.0 148.0 0.0
60.0 172.0 198.0 0.0
44.0 182.0 69.0 0.0
67.0 92.0 159.0 0.0
91.0 183.0 169.0 0.0
48.0 126.0 106.0 0.0
33.0 91.0 159.0 0.0
40.0 166.0 716.0 0.0
52.0 728.0 81.0 0.0
39.0 68.0 76.0 0.0
39.0 76.0 41.0 0.0
40.0 42.0 60.0 0.0
41.0 61.0 88.0 0.0
1.0 48.0 28.0 0.0
1.0 28.0 61.0 0.0
1.0 61.0 87.0 0.0
1.0 87.0 61.0 0.0
1.0 61.0 39.0 0.0
1.0 39.0 34.0 0.0
31.0 64.0 83.0 0.0
1.0 49.0 60.0 0.0
1.0 60.0 61.0 0.0
36.0 96.0 194.0 0.0
71.0 229.0 601.0 0.0
32.0 562.0 143.0 0.0
44.0 155.0 82.0 0.0
68.0 106.0 261.0 0.0
40.0 233.0 92.0 0.0
79.0 131.0 229.0 0.0
53.0 203.0 73.0 0.0
37.0 57.0 44.0 0.0
32.0 39.0 123.0 0.0
40.0 131.0 57.0 0.0
36.0 53.0 144.0 0.0
40.0 186.0 79.0 0.0
61.0 228.0 232.0 0.0
43.0 214.0 61.0 0.0
36.0 54.0 40.0 0.0
35.0 39.0 46.0 0.0
36.0 47.0 185.0 0.0
43.0 192.0 67.0 0.0
35.0 59.0 185.0 0.0
33.0 183.0 48.0 0.0
47.0 62.0 83.0 0.0
53.0 89.0 126.0 0.0
34.0 107.0 216.0 0.0
1.0 51.0 138.0 0.0
1.0 128.0 62.0 0.0
1.0 79.0 30.0 0.0
31.0 86.0 35.0 0.0
32.0 36.0 66.0 0.0
38.0 119.0 86.0 0.0
84.0 132.0 180.0 0.0
40.0 136.0 437.0 0.0
74.0 471.0 177.0 0.0
108.0 211.0 185.0 0.0
81.0 158.0 136.0 0.0
72.0 127.0 175.0 0.0
32.0 135.0 95.0 0.0
71.0 134.0 135.0 0.0
48.0 112.0 163.0 0.0
59.0 174.0 84.0 0.0
62.0 87.0 89.0 0.0
45.0 72.0 95.0 0.0
53.0 103.0 121.0 0.0
48.0 116.0 70.0 0.0
43.0 65.0 163.0 0.0
58.0 178.0 146.0 0.0
33.0 121.0 40.0 0.0
37.0 44.0 112.0 0.0
33.0 108.0 99.0 0.0
50.0 108.0 66.0 0.0
40.0 56.0 113.0 0.0
1.0 74.0 55.0 0.0
1.0 125.0 49.0 0.0
1.0 49.0 60.0 0.0
1.0 60.0 35.0 0.0
31.0 65.0 64.0 0.0
1.0 34.0 24.0 0.0
1.0 24.0 51.0 0.0
32.0 82.0 102.0 0.0
36.0 106.0 132.0 0.0
48.0 144.0 106.0 0.0
35.0 93.0 62.0 0.0
43.0 70.0 105.0 0.0
76.0 138.0 491.0 0.0
112.0 527.0 201.0 0.0
50.0 139.0 175.0 0.0
125.0 250.0 359.0 0.0
80.0 314.0 144.0 0.0
71.0 135.0 209.0 0.0
77.0 215.0 1081.0 0.0
58.0 1062.0 1263.0 0.0
36.0 1241.0 114.0 0.0
31.0 109.0 174.0 0.0
50.0 193.0 83.0 0.0
59.0 92.0 105.0 0.0
36.0 82.0 43.0 0.0
43.0 50.0 76.0 0.0
48.0 81.0 159.0 0.0
37.0 148.0 116.0 0.0
39.0 118.0 97.0 0.0
31.0 89.0 33.0 0.0
31.0 33.0 75.0 0.0
58.0 102.0 96.0 0.0
59.0 97.0 75.0 0.0
66.0 82.0 112.0 0.0
66.0 112.0 93.0 0.0
63.0 90.0 175.0 0.0
57.0 169.0 109.0 0.0
37.0 89.0 814.0 0.0
31.0 808.0 70.0 0.0
33.0 72.0 253.0 0.0
42.0 262.0 50.0 0.0
48.0 56.0 200.0 0.0
42.0 194.0 338.0 0.0
51.0 347.0 81.0 0.0
43.0 73.0 67.0 0.0
31.0 55.0 104.0 0.0
49.0 122.0 283.0 0.0
37.0 271.0 40.0 0.0
37.0 40.0 156.0 0.0
41.0 160.0 389.0 0.0
1.0 349.0 43.0 0.0
1.0 43.0 152.0 0.0
31.0 182.0 63.0 0.0
1.0 33.0 22.0 0.0
40.0 90.0 105.0 0.0
47.0 112.0 70.0 0.0
36.0 59.0 52.0 0.0
52.0 68.0 134.0 0.0
43.0 125.0 70.0 0.0
36.0 63.0 80.0 0.0
35.0 79.0 249.0 0.0
65.0 279.0 231.0 0.0
50.0 216.0 128.0 0.0
48.0 126.0 256.0 0.0
94.0 302.0 201.0 0.0
49.0 156.0 229.0 0.0
39.0 219.0 450.0 0.0
41.0 452.0 108.0 0.0
58.0 125.0 138.0 0.0
48.0 128.0 212.0 0.0
84.0 248.0 176.0 0.0
50.0 142.0 121.0 0.0
46.0 117.0 76.0 0.0
33.0 63.0 140.0 0.0
54.0 161.0 98.0 0.0
47.0 91.0 164.0 0.0
1.0 118.0 33.0 0.0
1.0 33.0 204.0 0.0
62.0 265.0 129.0 0.0
77.0 144.0 136.0 0.0
51.0 110.0 65.0 0.0
46.0 60.0 102.0 0.0
69.0 125.0 111.0 0.0
109.0 151.0 251.0 0.0
56.0 198.0 275.0 0.0
89.0 308.0 246.0 0.0
44.0 201.0 222.0 0.0
48.0 226.0 362.0 0.0
108.0 422.0 0.0 0.0
208.0 0.0 266.0 0.0
141.0 199.0 381.0 0.0
246.0 486.0 571.0 0.0
119.0 444.0 181.0 0.0
255.0 317.0 341.0 0.0
272.0 358.0 456.0 0.0
171.0 355.0 236.0 0.0
179.0 244.0 266.0 0.0
295.0 382.0 364.0 0.0
332.0 401.0 548.0 0.0
85.0 301.0 288.0 0.0
205.0 408.0 307.0 0.0
173.0 275.0 220.0 0.0
141.0 188.0 338.0 0.0
76.0 273.0 144.0 0.0
279.0 347.0 585.0 0.0
222.0 528.0 501.0 0.0
168.0 447.0 375.0 0.0
293.0 500.0 457.0 0.0
141.0 305.0 234.0 0.0
305.0 398.0 463.0 0.0
348.0 506.0 501.0 0.0
177.0 330.0 245.0 0.0
126.0 194.0 168.0 0.0
44.0 86.0 121.0 0.0
231.0 308.0 293.0 0.0
165.0 227.0 261.0 0.0
165.0 261.0 208.0 0.0
106.0 149.0 140.0 0.0
104.0 138.0 138.0 0.0
128.0 162.0 179.0 0.0
96.0 147.0 108.0 0.0
86.0 98.0 129.0 0.0
124.0 167.0 168.0 0.0
133.0 177.0 137.0 0.0
91.0 95.0 111.0 0.0
87.0 107.0 112.0 0.0
88.0 113.0 101.0 0.0
140.0 153.0 145.0 0.0
157.0 162.0 207.0 0.0
109.0 159.0 123.0 0.0
133.0 147.0 169.0 0.0
105.0 141.0 133.0 0.0
89.0 117.0 144.0 0.0
122.0 177.0 231.0 0.0
65.0 174.0 68.0 0.0
73.0 76.0 145.0 0.0
94.0 166.0 169.0 0.0
83.0 158.0 104.0 0.0
75.0 96.0 111.0 0.0
91.0 127.0 122.0 0.0
83.0 114.0 93.0 0.0
96.0 106.0 131.0 0.0
82.0 117.0 307.0 0.0
95.0 320.0 136.0 0.0
98.0 139.0 189.0 0.0
163.0 254.0 312.0 0.0
142.0 291.0 177.0 0.0
85.0 120.0 110.0 0.0
39.0 64.0 84.0 0.0
67.0 112.0 129.0 0.0
36.0 98.0 79.0 0.0
34.0 77.0 40.0 0.0
37.0 43.0 86.0 0.0
41.0 90.0 60.0 0.0
74.0 93.0 111.0 0.0
97.0 134.0 127.0 0.0
133.0 163.0 157.0 0.0
100.0 124.0 137.0 0.0
94.0 131.0 122.0 0.0
121.0 149.0 147.0 0.0
87.0 113.0 115.0 0.0
84.0 112.0 112.0 0.0
95.0 123.0 103.0 0.0
74.0 82.0 78.0 0.0
70.0 74.0 71.0 0.0
91.0 92.0 112.0 0.0
31.0 52.0 77.0 0.0
1.0 47.0 51.0 0.0
55.0 105.0 79.0 0.0
120.0 144.0 176.0 0.0
69.0 125.0 208.0 0.0
147.0 286.0 217.0 0.0
133.0 203.0 188.0 0.0
109.0 164.0 175.0 0.0
153.0 219.0 226.0 0.0
73.0 146.0 75.0 0.0
82.0 84.0 87.0 0.0
50.0 55.0 100.0 0.0
31.0 81.0 33.0 0.0
33.0 35.0 86.0 0.0
34.0 87.0 39.0 0.0
32.0 37.0 72.0 0.0
1.0 41.0 19.0 0.0
1.0 19.0 36.0 0.0
56.0 91.0 84.0 0.0
87.0 115.0 147.0 0.0
91.0 151.0 368.0 0.0
220.0 497.0 246.0 0.0
156.0 182.0 206.0 0.0
80.0 130.0 139.0 0.0
111.0 170.0 148.0 0.0
36.0 73.0 87.0 0.0
58.0 109.0 118.0 0.0
63.0 123.0 117.0 0.0
32.0 86.0 38.0 0.0
70.0 76.0 80.0 0.0
38.0 48.0 83.0 0.0
62.0 107.0 137.0 0.0
156.0 231.0 207.0 0.0
136.0 187.0 228.0 0.0
268.0 360.0 279.0 0.0
266.0 277.0 498.0 0.0
192.0 424.0 373.0 0.0
120.0 301.0 209.0 0.0
263.0 352.0 377.0 0.0
250.0 364.0 448.0 0.0
126.0 324.0 146.0 0.0
135.0 155.0 186.0 0.0
104.0 155.0 135.0 0.0
225.0 256.0 398.0 0.0
188.0 361.0 290.0 0.0
86.0 188.0 119.0 0.0
99.0 132.0 113.0 0.0
109.0 123.0 170.0 0.0
105.0 166.0 278.0 0.0
142.0 315.0 234.0 0.0
109.0 201.0 182.0 0.0
136.0 209.0 395.0 0.0
95.0 354.0 279.0 0.0
220.0 404.0 258.0 0.0
50.0 88.0 80.0 0.0
86.0 116.0 125.0 0.0
80.0 119.0 129.0 0.0
31.0 80.0 82.0 0.0
38.0 89.0 85.0 0.0
119.0 166.0 137.0 0.0
70.0 88.0 98.0 0.0
89.0 117.0 131.0 0.0
95.0 137.0 129.0 0.0
96.0 130.0 96.0 0.0
97.0 97.0 191.0 0.0
154.0 248.0 204.0 0.0
120.0 170.0 154.0 0.0
149.0 183.0 155.0 0.0
84.0 90.0 105.0 0.0
115.0 136.0 131.0 0.0
123.0 139.0 272.0 0.0
171.0 320.0 487.0 0.0
198.0 514.0 493.0 0.0
110.0 405.0 176.0 0.0
115.0 181.0 170.0 0.0
72.0 127.0 194.0 0.0
79.0 201.0 111.0 0.0
88.0 120.0 111.0 0.0
81.0 104.0 128.0 0.0
31.0 78.0 91.0 0.0
55.0 115.0 75.0 0.0
199.0 219.0 404.0 0.0
301.0 506.0 474.0 0.0
306.0 479.0 413.0 0.0
197.0 304.0 476.0 0.0
209.0 488.0 261.0 0.0
142.0 194.0 187.0 0.0
191.0 236.0 425.0 0.0
182.0 416.0 274.0 0.0
124.0 216.0 399.0 0.0
306.0 581.0 661.0 0.0
149.0 504.0 206.0 0.0
258.0 315.0 396.0 0.0
143.0 281.0 376.0 0.0
205.0 438.0 298.0 0.0
153.0 246.0 273.0 0.0
316.0 436.0 411.0 0.0
136.0 231.0 246.0 0.0
107.0 217.0 119.0 0.0
80.0 92.0 148.0 0.0
177.0 245.0 391.0 0.0
228.0 442.0 411.0 0.0
195.0 378.0 287.0 0.0
151.0 243.0 273.0 0.0
139.0 261.0 224.0 0.0
115.0 200.0 212.0 0.0
144.0 241.0 161.0 0.0
215.0 232.0 316.0 0.0
192.0 293.0 294.0 0.0
145.0 247.0 218.0 0.0
157.0 230.0 221.0 0.0
128.0 192.0 153.0 0.0
98.0 123.0 201.0 0.0
147.0 250.0 259.0 0.0
121.0 233.0 127.0 0.0
115.0 121.0 210.0 0.0
262.0 357.0 713.0 0.0
168.0 619.0 176.0 0.0
87.0 95.0 120.0 0.0
79.0 112.0 90.0 0.0
85.0 96.0 86.0 0.0
83.0 84.0 94.0 0.0
45.0 56.0 72.0 0.0
1.0 28.0 61.0 0.0
32.0 92.0 52.0 0.0
36.0 56.0 96.0 0.0
1.0 61.0 39.0 0.0
96.0 134.0 106.0 0.0
42.0 52.0 90.0 0.0
1.0 49.0 60.0 0.0
41.0 100.0 61.0 0.0
159.0 179.0 251.0 0.0
274.0 366.0 643.0 0.0
120.0 489.0 153.0 0.0
120.0 153.0 163.0 0.0
182.0 225.0 270.0 0.0
157.0 245.0 174.0 0.0
148.0 165.0 239.0 0.0
179.0 270.0 199.0 0.0
66.0 86.0 76.0 0.0
75.0 85.0 157.0 0.0
77.0 159.0 100.0 0.0
97.0 120.0 106.0 0.0
69.0 78.0 117.0 0.0
60.0 108.0 127.0 0.0
90.0 157.0 105.0 0.0
34.0 49.0 61.0 0.0
41.0 68.0 153.0 0.0
205.0 317.0 231.0 0.0
153.0 179.0 169.0 0.0
81.0 97.0 82.0 0.0
74.0 75.0 86.0 0.0
123.0 135.0 167.0 0.0
128.0 172.0 159.0 0.0
93.0 124.0 197.0 0.0
98.0 202.0 117.0 0.0
79.0 98.0 136.0 0.0
75.0 132.0 133.0 0.0
113.0 171.0 217.0 0.0
56.0 160.0 106.0 0.0
42.0 92.0 104.0 0.0
35.0 97.0 77.0 0.0
62.0 104.0 70.0 0.0
157.0 165.0 166.0 0.0
34.0 43.0 63.0 0.0
1.0 30.0 59.0 0.0
43.0 101.0 50.0 0.0
70.0 77.0 72.0 0.0
64.0 66.0 64.0 0.0
33.0 33.0 76.0 0.0
54.0 97.0 70.0 0.0
118.0 134.0 152.0 0.0
164.0 198.0 187.0 0.0
309.0 332.0 414.0 0.0
229.0 334.0 348.0 0.0
174.0 293.0 299.0 0.0
185.0 310.0 216.0 0.0
149.0 180.0 258.0 0.0
100.0 209.0 137.0 0.0
141.0 178.0 190.0 0.0
157.0 206.0 241.0 0.0
99.0 183.0 126.0 0.0
97.0 124.0 154.0 0.0
92.0 149.0 132.0 0.0
98.0 138.0 161.0 0.0
112.0 175.0 113.0 0.0
144.0 145.0 208.0 0.0
124.0 188.0 204.0 0.0
71.0 151.0 82.0 0.0
74.0 85.0 115.0 0.0
108.0 149.0 118.0 0.0
45.0 55.0 100.0 0.0
54.0 109.0 76.0 0.0
66.0 88.0 91.0 0.0
101.0 126.0 124.0 0.0
36.0 59.0 90.0 0.0
56.0 110.0 87.0 0.0
39.0 70.0 87.0 0.0
1.0 49.0 60.0 0.0
32.0 91.0 34.0 0.0
62.0 64.0 64.0 0.0
32.0 34.0 55.0 0.0
38.0 61.0 50.0 0.0
75.0 87.0 102.0 0.0
127.0 154.0 160.0 0.0
133.0 166.0 191.0 0.0
88.0 146.0 99.0 0.0
129.0 140.0 149.0 0.0
305.0 325.0 461.0 0.0
334.0 490.0 412.0 0.0
96.0 174.0 226.0 0.0
183.0 313.0 508.0 0.0
130.0 455.0 180.0 0.0
185.0 235.0 332.0 0.0
169.0 316.0 967.0 0.0
444.0 1242.0 1293.0 0.0
286.0 1135.0 298.0 0.0
141.0 153.0 235.0 0.0
105.0 199.0 126.0 0.0
106.0 127.0 173.0 0.0
72.0 139.0 82.0 0.0
76.0 86.0 119.0 0.0
92.0 135.0 186.0 0.0
82.0 176.0 127.0 0.0
125.0 170.0 146.0 0.0
88.0 109.0 88.0 0.0
73.0 73.0 115.0 0.0
87.0 129.0 165.0 0.0
68.0 146.0 135.0 0.0
121.0 188.0 150.0 0.0
100.0 129.0 178.0 0.0
140.0 218.0 189.0 0.0
153.0 202.0 172.0 0.0
93.0 112.0 669.0 0.0
282.0 858.0 289.0 0.0
107.0 114.0 283.0 0.0
106.0 282.0 109.0 0.0
131.0 134.0 201.0 0.0
139.0 209.0 333.0 0.0
189.0 383.0 236.0 0.0
69.0 116.0 80.0 0.0
118.0 129.0 130.0 0.0
112.0 124.0 305.0 0.0
116.0 309.0 127.0 0.0
107.0 118.0 191.0 0.0
105.0 189.0 387.0 0.0
40.0 322.0 82.0 0.0
33.0 75.0 98.0 0.0
116.0 181.0 116.0 0.0
32.0 32.0 53.0 0.0
32.0 53.0 58.0 0.0
89.0 115.0 147.0 0.0
72.0 130.0 106.0 0.0
75.0 109.0 87.0 0.0
124.0 136.0 158.0 0.0
122.0 156.0 122.0 0.0
101.0 101.0 117.0 0.0
151.0 167.0 232.0 0.0
219.0 300.0 358.0 0.0
120.0 259.0 150.0 0.0
117.0 147.0 304.0 0.0
191.0 378.0 330.0 0.0
119.0 258.0 237.0 0.0
311.0 429.0 434.0 0.0
206.0 329.0 258.0 0.0
118.0 170.0 162.0 0.0
96.0 140.0 252.0 0.0
191.0 347.0 258.0 0.0
105.0 172.0 195.0 0.0
77.0 167.0 94.0 0.0
135.0 152.0 173.0 0.0
116.0 154.0 153.0 0.0
107.0 144.0 153.0 0.0
75.0 121.0 107.0 0.0
38.0 70.0 157.0 0.0
206.0 325.0 270.0 0.0
135.0 199.0 188.0 0.0
94.0 147.0 98.0 0.0
134.0 138.0 155.0 0.0
153.0 174.0 221.0 0.0
205.0 273.0 265.0 0.0
204.0 264.0 359.0 0.0
215.0 370.0 303.0 0.0
173.0 261.0 257.0 0.0
297.0 381.0 515.0 0.0
238.0 456.0 0.0 0.0
65.0 94.0 154.0 1.0
63.0 113.0 133.0 1.0
97.0 170.0 331.0 1.0
93.0 137.0 210.0 1.0
217.0 259.0 359.0 1.0
183.0 0.0 322.0 0.0
113.0 252.0 263.0 0.0
231.0 381.0 672.0 0.0
99.0 540.0 178.0 0.0
61.0 140.0 375.0 0.0
169.0 483.0 382.0 0.0
109.0 322.0 301.0 0.0
91.0 283.0 202.0 0.0
183.0 294.0 513.0 0.0
185.0 515.0 369.0 0.0
165.0 349.0 411.0 0.0
161.0 407.0 257.0 0.0
177.0 273.0 223.0 0.0
91.0 137.0 274.0 0.0
131.0 314.0 183.0 0.0
101.0 153.0 399.0 0.0
457.0 755.0 661.0 0.0
205.0 409.0 389.0 0.0
255.0 439.0 446.0 0.0
179.0 370.0 260.0 0.0
197.0 278.0 426.0 0.0
393.0 622.0 522.0 0.0
151.0 280.0 370.0 0.0
1.0 220.0 43.0 0.0
1.0 43.0 135.0 0.0
139.0 273.0 337.0 0.0
127.0 325.0 234.0 0.0
107.0 214.0 155.0 0.0
125.0 173.0 142.0 0.0
123.0 140.0 154.0 0.0
119.0 150.0 201.0 0.0
67.0 149.0 80.0 0.0
91.0 104.0 141.0 0.0
101.0 151.0 235.0 0.0
63.0 197.0 72.0 0.0
65.0 74.0 110.0 0.0
81.0 126.0 116.0 0.0
87.0 122.0 103.0 0.0
63.0 79.0 172.0 0.0
133.0 242.0 170.0 0.0
89.0 126.0 164.0 0.0
79.0 154.0 144.0 0.0
63.0 128.0 130.0 0.0
93.0 160.0 122.0 0.0
131.0 160.0 242.0 0.0
67.0 178.0 69.0 0.0
65.0 67.0 167.0 0.0
79.0 181.0 161.0 0.0
67.0 149.0 87.0 0.0
71.0 91.0 111.0 0.0
75.0 115.0 111.0 0.0
85.0 121.0 113.0 0.0
97.0 125.0 114.0 0.0
113.0 130.0 313.0 0.0
91.0 291.0 137.0 0.0
123.0 169.0 165.0 0.0
131.0 173.0 384.0 0.0
103.0 356.0 138.0 0.0
77.0 112.0 141.0 0.0
1.0 65.0 46.0 0.0
1.0 46.0 164.0 0.0
1.0 164.0 44.0 0.0
1.0 44.0 76.0 0.0
1.0 76.0 50.0 0.0
1.0 50.0 47.0 0.0
91.0 137.0 123.0 0.0
123.0 155.0 130.0 0.0
119.0 126.0 188.0 0.0
71.0 140.0 90.0 0.0
107.0 126.0 147.0 0.0
111.0 151.0 127.0 0.0
83.0 99.0 120.0 0.0
71.0 108.0 133.0 0.0
69.0 131.0 97.0 0.0
65.0 93.0 65.0 0.0
65.0 65.0 76.0 0.0
75.0 86.0 139.0 0.0
1.0 65.0 47.0 0.0
1.0 47.0 51.0 0.0
1.0 51.0 108.0 0.0
83.0 190.0 116.0 0.0
129.0 162.0 299.0 0.0
75.0 245.0 164.0 0.0
127.0 216.0 199.0 0.0
65.0 137.0 242.0 0.0
69.0 246.0 150.0 0.0
61.0 142.0 69.0 0.0
61.0 69.0 133.0 0.0
1.0 73.0 51.0 0.0
1.0 51.0 65.0 0.0
1.0 65.0 54.0 0.0
1.0 54.0 70.0 0.0
1.0 70.0 41.0 0.0
1.0 41.0 19.0 0.0
1.0 19.0 36.0 0.0
1.0 36.0 76.0 0.0
113.0 188.0 156.0 0.0
77.0 120.0 424.0 0.0
119.0 466.0 245.0 0.0
69.0 195.0 144.0 0.0
79.0 154.0 170.0 0.0
61.0 152.0 158.0 0.0
1.0 98.0 52.0 0.0
1.0 52.0 180.0 0.0
1.0 180.0 55.0 0.0
1.0 55.0 38.0 0.0
63.0 100.0 117.0 0.0
1.0 55.0 46.0 0.0
1.0 46.0 117.0 0.0
125.0 241.0 219.0 0.0
177.0 271.0 262.0 0.0
155.0 240.0 381.0 0.0
91.0 317.0 310.0 0.0
307.0 526.0 367.0 0.0
229.0 289.0 268.0 0.0
185.0 224.0 557.0 0.0
65.0 437.0 286.0 0.0
61.0 282.0 153.0 0.0
129.0 221.0 165.0 0.0
113.0 149.0 150.0 0.0
61.0 98.0 472.0 0.0
65.0 476.0 190.0 0.0
95.0 220.0 125.0 0.0
97.0 127.0 159.0 0.0
63.0 125.0 139.0 0.0
125.0 201.0 272.0 0.0
171.0 318.0 240.0 0.0
105.0 174.0 209.0 0.0
87.0 191.0 358.0 0.0
109.0 380.0 501.0 0.0
1.0 393.0 39.0 0.0
1.0 39.0 71.0 0.0
93.0 163.0 139.0 0.0
69.0 115.0 154.0 0.0
1.0 86.0 52.0 0.0
1.0 52.0 122.0 0.0
75.0 196.0 103.0 0.0
73.0 101.0 91.0 0.0
99.0 117.0 123.0 0.0
127.0 151.0 205.0 0.0
1.0 79.0 62.0 0.0
1.0 62.0 314.0 0.0
1.0 314.0 51.0 0.0
1.0 51.0 240.0 0.0
65.0 304.0 72.0 0.0
65.0 72.0 106.0 0.0
77.0 118.0 134.0 0.0
161.0 218.0 282.0 0.0
161.0 282.0 515.0 0.0
101.0 455.0 440.0 0.0
107.0 446.0 184.0 0.0
111.0 188.0 144.0 0.0
119.0 152.0 185.0 0.0
133.0 199.0 163.0 0.0
75.0 105.0 98.0 0.0
75.0 98.0 154.0 0.0
1.0 80.0 61.0 0.0
1.0 61.0 97.0 0.0
99.0 195.0 266.0 0.0
411.0 578.0 615.0 0.0
271.0 475.0 292.0 0.0
277.0 298.0 642.0 0.0
81.0 446.0 247.0 0.0
101.0 267.0 113.0 0.0
101.0 113.0 396.0 0.0
255.0 550.0 375.0 0.0
69.0 189.0 504.0 0.0
107.0 542.0 409.0 0.0
267.0 569.0 386.0 0.0
157.0 276.0 303.0 0.0
157.0 303.0 422.0 0.0
181.0 446.0 253.0 0.0
75.0 147.0 372.0 0.0
223.0 520.0 361.0 0.0
63.0 201.0 235.0 0.0
71.0 243.0 100.0 0.0
123.0 212.0 420.0 0.0
283.0 580.0 379.0 0.0
225.0 321.0 299.0 0.0
145.0 219.0 200.0 0.0
205.0 260.0 249.0 0.0
185.0 229.0 194.0 0.0
169.0 178.0 234.0 0.0
85.0 150.0 271.0 0.0
195.0 381.0 328.0 0.0
71.0 204.0 183.0 0.0
119.0 231.0 257.0 0.0
87.0 225.0 112.0 0.0
133.0 158.0 225.0 0.0
181.0 273.0 259.0 0.0
95.0 173.0 153.0 0.0
65.0 123.0 191.0 0.0
79.0 205.0 755.0 0.0
103.0 779.0 132.0 0.0
77.0 106.0 114.0 0.0
77.0 114.0 79.0 0.0
79.0 81.0 99.0 0.0
81.0 101.0 128.0 0.0
1.0 48.0 28.0 0.0
1.0 28.0 61.0 0.0
1.0 61.0 87.0 0.0
1.0 87.0 61.0 0.0
1.0 61.0 39.0 0.0
1.0 39.0 34.0 0.0
61.0 94.0 113.0 0.0
1.0 53.0 49.0 0.0
1.0 49.0 60.0 0.0
1.0 60.0 61.0 0.0
71.0 131.0 229.0 0.0
141.0 299.0 671.0 0.0
63.0 593.0 174.0 0.0
87.0 198.0 125.0 0.0
135.0 173.0 328.0 0.0
79.0 272.0 131.0 0.0
157.0 209.0 307.0 0.0
105.0 255.0 125.0 0.0
73.0 93.0 80.0 0.0
63.0 70.0 154.0 0.0
79.0 170.0 96.0 0.0
71.0 88.0 179.0 0.0
1.0 109.0 49.0 0.0
1.0 49.0 147.0 0.0
79.0 225.0 118.0 0.0
1.0 40.0 28.0 0.0
1.0 28.0 168.0 0.0
121.0 288.0 292.0 0.0
85.0 256.0 103.0 0.0
71.0 89.0 75.0 0.0
69.0 73.0 80.0 0.0
71.0 82.0 220.0 0.0
85.0 234.0 109.0 0.0
69.0 93.0 219.0 0.0
65.0 215.0 80.0 0.0
93.0 108.0 129.0 0.0
105.0 141.0 178.0 0.0
67.0 140.0 249.0 0.0
1.0 183.0 51.0 0.0
1.0 51.0 138.0 0.0
1.0 138.0 43.0 0.0
1.0 43.0 128.0 0.0
1.0 128.0 62.0 0.0
1.0 62.0 79.0 0.0
1.0 79.0 30.0 0.0
1.0 30.0 59.0 0.0
1.0 59.0 56.0 0.0
61.0 116.0 65.0 0.0
63.0 67.0 97.0 0.0
1.0 35.0 44.0 0.0
1.0 44.0 82.0 0.0
75.0 156.0 123.0 0.0
167.0 215.0 263.0 0.0
79.0 175.0 476.0 0.0
147.0 544.0 250.0 0.0
215.0 318.0 292.0 0.0
161.0 238.0 216.0 0.0
143.0 198.0 246.0 0.0
63.0 166.0 126.0 0.0
141.0 204.0 205.0 0.0
95.0 159.0 210.0 0.0
117.0 232.0 142.0 0.0
123.0 148.0 150.0 0.0
89.0 116.0 139.0 0.0
105.0 155.0 173.0 0.0
95.0 163.0 117.0 0.0
85.0 107.0 205.0 0.0
115.0 235.0 203.0 0.0
65.0 153.0 72.0 0.0
73.0 80.0 148.0 0.0
65.0 140.0 131.0 0.0
1.0 67.0 56.0 0.0
1.0 56.0 59.0 0.0
99.0 157.0 115.0 0.0
79.0 95.0 152.0 0.0
1.0 74.0 55.0 0.0
1.0 55.0 125.0 0.0
1.0 125.0 49.0 0.0
1.0 49.0 60.0 0.0
1.0 60.0 35.0 0.0
61.0 95.0 94.0 0.0
1.0 34.0 24.0 0.0
1.0 24.0 51.0 0.0
71.0 141.0 167.0 0.0
95.0 191.0 153.0 0.0
69.0 127.0 96.0 0.0
85.0 112.0 147.0 0.0
151.0 213.0 566.0 0.0
223.0 638.0 312.0 0.0
99.0 188.0 224.0 0.0
249.0 374.0 483.0 0.0
159.0 393.0 223.0 0.0
141.0 205.0 279.0 0.0
153.0 291.0 1157.0 0.0
115.0 1119.0 1320.0 0.0
71.0 1276.0 149.0 0.0
61.0 139.0 204.0 0.0
99.0 242.0 132.0 0.0
117.0 150.0 163.0 0.0
71.0 117.0 78.0 0.0
85.0 92.0 118.0 0.0
95.0 128.0 206.0 0.0
73.0 184.0 152.0 0.0
77.0 156.0 135.0 0.0
61.0 119.0 63.0 0.0
61.0 63.0 105.0 0.0
115.0 159.0 153.0 0.0
117.0 155.0 133.0 0.0
131.0 147.0 177.0 0.0
131.0 177.0 158.0 0.0
125.0 152.0 237.0 0.0
113.0 225.0 165.0 0.0
73.0 125.0 850.0 0.0
61.0 838.0 100.0 0.0
65.0 104.0 285.0 0.0
83.0 303.0 91.0 0.0
95.0 103.0 247.0 0.0
83.0 235.0 379.0 0.0
101.0 397.0 131.0 0.0
85.0 115.0 109.0 0.0
61.0 85.0 134.0 0.0
73.0 307.0 76.0 0.0
73.0 76.0 192.0 0.0
81.0 200.0 429.0 0.0
1.0 349.0 43.0 0.0
1.0 43.0 152.0 0.0
61.0 212.0 93.0 0.0
1.0 33.0 22.0 0.0
1.0 22.0 51.0 0.0
79.0 129.0 144.0 0.0
93.0 158.0 116.0 0.0
71.0 94.0 87.0 0.0
103.0 119.0 185.0 0.0
85.0 167.0 112.0 0.0
71.0 98.0 115.0 0.0
69.0 113.0 283.0 0.0
129.0 343.0 295.0 0.0
99.0 265.0 177.0 0.0
95.0 173.0 303.0 0.0
187.0 395.0 294.0 0.0
97.0 204.0 277.0 0.0
77.0 257.0 488.0 0.0
81.0 492.0 148.0 0.0
115.0 182.0 195.0 0.0
95.0 175.0 259.0 0.0
167.0 331.0 259.0 0.0
99.0 191.0 170.0 0.0
91.0 162.0 121.0 0.0
65.0 95.0 172.0 0.0
107.0 214.0 151.0 0.0
1.0 118.0 33.0 0.0
1.0 33.0 204.0 0.0
123.0 326.0 190.0 0.0
153.0 220.0 212.0 0.0
101.0 160.0 115.0 0.0
91.0 105.0 147.0 0.0
137.0 193.0 179.0 0.0
111.0 253.0 330.0 0.0
177.0 396.0 334.0 0.0
87.0 244.0 265.0 0.0
95.0 273.0 409.0 0.0
215.0 529.0 0.0 0.0
84.0 0.0 283.0 0.0
1.0 200.0 215.0 0.0
1.0 215.0 154.0 0.0
1.0 154.0 294.0 0.0
1.0 294.0 406.0 0.0
1.0 406.0 232.0 0.0
1.0 232.0 131.0 0.0
1.0 131.0 162.0 0.0
1.0 162.0 172.0 0.0
1.0 172.0 262.0 0.0
1.0 262.0 164.0 0.0
1.0 164.0 265.0 0.0
1.0 265.0 482.0 0.0
50.0 531.0 307.0 0.0
1.0 258.0 115.0 0.0
1.0 115.0 121.0 0.0
1.0 121.0 145.0 0.0
1.0 145.0 88.0 0.0
1.0 88.0 126.0 0.0
2.0 127.0 124.0 0.0
31.0 153.0 288.0 0.0
59.0 316.0 366.0 0.0
68.0 375.0 271.0 0.0
1.0 204.0 173.0 0.0
1.0 173.0 102.0 0.0
1.0 102.0 107.0 0.0
1.0 107.0 212.0 0.0
1.0 212.0 106.0 0.0
1.0 106.0 273.0 0.0
1.0 273.0 144.0 0.0
1.0 144.0 126.0 0.0
1.0 126.0 203.0 0.0
1.0 203.0 108.0 0.0
1.0 108.0 157.0 0.0
1.0 157.0 109.0 0.0
1.0 109.0 103.0 0.0
1.0 103.0 112.0 0.0
1.0 112.0 117.0 0.0
1.0 117.0 179.0 0.0
1.0 179.0 156.0 0.0
1.0 156.0 186.0 0.0
1.0 186.0 252.0 0.0
1.0 252.0 72.0 0.0
1.0 72.0 63.0 0.0
1.0 63.0 113.0 0.0
1.0 113.0 41.0 0.0
1.0 41.0 47.0 0.0
1.0 47.0 59.0 0.0
1.0 59.0 217.0 0.0
1.0 217.0 108.0 0.0
1.0 108.0 93.0 0.0
1.0 93.0 166.0 0.0
1.0 166.0 115.0 0.0
1.0 115.0 168.0 0.0
1.0 168.0 287.0 0.0
1.0 287.0 165.0 0.0
1.0 165.0 108.0 0.0
1.0 108.0 177.0 0.0
1.0 177.0 422.0 0.0
1.0 422.0 286.0 0.0
1.0 286.0 399.0 0.0
1.0 399.0 348.0 0.0
1.0 348.0 191.0 0.0
1.0 191.0 230.0 0.0
1.0 230.0 421.0 0.0
1.0 421.0 210.0 0.0
1.0 210.0 752.0 0.0
18.0 769.0 373.0 0.0
271.0 626.0 411.0 0.0
1.0 141.0 300.0 0.0
1.0 300.0 356.0 0.0
1.0 356.0 200.0 0.0
1.0 200.0 620.0 0.0
1.0 620.0 343.0 0.0
1.0 343.0 147.0 0.0
1.0 147.0 117.0 0.0
1.0 117.0 108.0 0.0
1.0 108.0 118.0 0.0
1.0 118.0 122.0 0.0
1.0 122.0 209.0 0.0
1.0 209.0 98.0 0.0
1.0 98.0 537.0 0.0
1.0 537.0 184.0 0.0
1.0 184.0 196.0 0.0
1.0 196.0 139.0 0.0
58.0 196.0 505.0 0.0
1.0 448.0 141.0 0.0
1.0 141.0 316.0 0.0
1.0 316.0 114.0 0.0
1.0 114.0 110.0 0.0
1.0 110.0 105.0 0.0
1.0 105.0 343.0 0.0
1.0 343.0 119.0 0.0
1.0 119.0 125.0 0.0
1.0 125.0 130.0 0.0
1.0 130.0 86.0 0.0
1.0 86.0 297.0 0.0
1.0 297.0 128.0 0.0
1.0 128.0 153.0 0.0
1.0 153.0 143.0 0.0
1.0 143.0 130.0 0.0
1.0 130.0 133.0 0.0
1.0 133.0 204.0 0.0
1.0 204.0 160.0 0.0
1.0 160.0 140.0 0.0
1.0 140.0 124.0 0.0
1.0 124.0 152.0 0.0
1.0 152.0 165.0 0.0
1.0 165.0 138.0 0.0
1.0 138.0 103.0 0.0
1.0 103.0 139.0 0.0
1.0 139.0 92.0 0.0
1.0 92.0 185.0 0.0
1.0 185.0 99.0 0.0
1.0 99.0 81.0 0.0
1.0 81.0 99.0 0.0
1.0 99.0 127.0 0.0
1.0 127.0 94.0 0.0
1.0 94.0 103.0 0.0
1.0 103.0 80.0 0.0
0.0 79.0 231.0 0.0
0.0 231.0 77.0 0.0
1.0 78.0 57.0 0.0
1.0 57.0 67.0 0.0
1.0 67.0 223.0 0.0
1.0 223.0 101.0 0.0
1.0 101.0 114.0 0.0
1.0 114.0 123.0 0.0
1.0 123.0 48.0 0.0
1.0 48.0 34.0 0.0
1.0 34.0 25.0 0.0
1.0 25.0 20.0 0.0
1.0 20.0 35.0 0.0
1.0 35.0 64.0 0.0
1.0 64.0 343.0 0.0
1.0 343.0 169.0 0.0
1.0 169.0 101.0 0.0
1.0 101.0 125.0 0.0
1.0 125.0 167.0 0.0
1.0 167.0 128.0 0.0
269.0 396.0 425.0 0.0
1.0 157.0 139.0 0.0
1.0 139.0 99.0 0.0
1.0 99.0 116.0 0.0
1.0 116.0 80.0 0.0
1.0 80.0 100.0 0.0
1.0 100.0 160.0 0.0
1.0 160.0 223.0 0.0
1.0 223.0 143.0 0.0
1.0 143.0 93.0 0.0
1.0 93.0 129.0 0.0
36.0 164.0 96.0 0.0
30.0 90.0 174.0 0.0
1.0 145.0 143.0 0.0
1.0 143.0 254.0 0.0
1.0 254.0 187.0 0.0
1.0 187.0 130.0 0.0
1.0 130.0 179.0 0.0
1.0 179.0 122.0 0.0
1.0 122.0 168.0 0.0
1.0 168.0 79.0 0.0
1.0 79.0 119.0 0.0
1.0 119.0 181.0 0.0
1.0 181.0 102.0 0.0
1.0 102.0 225.0 0.0
1.0 225.0 114.0 0.0
1.0 114.0 88.0 0.0
1.0 88.0 95.0 0.0
1.0 95.0 460.0 0.0
1.0 460.0 92.0 0.0
1.0 92.0 99.0 0.0
1.0 99.0 136.0 0.0
1.0 136.0 144.0 0.0
1.0 144.0 190.0 0.0
1.0 190.0 126.0 0.0
1.0 126.0 347.0 0.0
1.0 347.0 257.0 0.0
1.0 257.0 249.0 0.0
1.0 249.0 213.0 0.0
1.0 213.0 262.0 0.0
1.0 262.0 272.0 0.0
1.0 272.0 136.0 0.0
1.0 136.0 212.0 0.0
1.0 212.0 135.0 0.0
1.0 135.0 410.0 0.0
1.0 410.0 408.0 0.0
1.0 408.0 305.0 0.0
49.0 353.0 1118.0 0.0
1.0 1070.0 269.0 0.0
1.0 269.0 295.0 0.0
1.0 295.0 239.0 0.0
1.0 239.0 196.0 0.0
1.0 196.0 137.0 0.0
1.0 137.0 99.0 0.0
1.0 99.0 83.0 0.0
1.0 83.0 150.0 0.0
1.0 150.0 123.0 0.0
1.0 123.0 324.0 0.0
1.0 324.0 149.0 0.0
1.0 149.0 118.0 0.0
1.0 118.0 215.0 0.0
1.0 215.0 198.0 0.0
1.0 198.0 949.0 0.0
1.0 949.0 372.0 0.0
1.0 372.0 317.0 0.0
1.0 317.0 384.0 0.0
1.0 384.0 436.0 0.0
1.0 436.0 215.0 0.0
1.0 215.0 492.0 0.0
1.0 492.0 175.0 0.0
1.0 175.0 131.0 0.0
1.0 131.0 216.0 0.0
1.0 216.0 93.0 0.0
1.0 93.0 110.0 0.0
1.0 110.0 57.0 0.0
1.0 57.0 181.0 0.0
1.0 181.0 357.0 0.0
1.0 357.0 400.0 0.0
1.0 400.0 453.0 0.0
1.0 453.0 318.0 0.0
1.0 318.0 142.0 0.0
1.0 142.0 212.0 0.0
1.0 212.0 374.0 0.0
1.0 374.0 233.0 0.0
1.0 233.0 202.0 0.0
1.0 202.0 164.0 0.0
1.0 164.0 113.0 0.0
12.0 124.0 226.0 0.0
1.0 215.0 160.0 0.0
1.0 160.0 131.0 0.0
1.0 131.0 88.0 0.0
1.0 88.0 153.0 0.0
1.0 153.0 150.0 0.0
1.0 150.0 239.0 0.0
1.0 239.0 111.0 0.0
1.0 111.0 205.0 0.0
1.0 205.0 145.0 0.0
1.0 145.0 87.0 0.0
1.0 87.0 75.0 0.0
1.0 75.0 142.0 0.0
1.0 142.0 68.0 0.0
1.0 68.0 109.0 0.0
1.0 109.0 96.0 0.0
2.0 97.0 98.0 0.0
1.0 97.0 108.0 0.0
1.0 108.0 152.0 0.0
1.0 152.0 160.0 0.0
1.0 160.0 80.0 0.0
1.0 80.0 84.0 0.0
1.0 84.0 121.0 0.0
1.0 121.0 44.0 0.0
1.0 44.0 122.0 0.0
1.0 122.0 181.0 0.0
1.0 181.0 57.0 0.0
1.0 57.0 51.0 0.0
1.0 51.0 79.0 0.0
1.0 79.0 80.0 0.0
1.0 80.0 94.0 0.0
1.0 94.0 53.0 0.0
11.0 63.0 188.0 0.0
1.0 178.0 91.0 0.0
1.0 91.0 128.0 0.0
1.0 128.0 118.0 0.0
1.0 118.0 138.0 0.0
1.0 138.0 141.0 0.0
1.0 141.0 195.0 0.0
1.0 195.0 107.0 0.0
1.0 107.0 145.0 0.0
1.0 145.0 236.0 0.0
1.0 236.0 286.0 0.0
1.0 286.0 497.0 0.0
1.0 497.0 129.0 0.0
1.0 129.0 133.0 0.0
1.0 133.0 105.0 0.0
1.0 105.0 211.0 0.0
1.0 211.0 131.0 0.0
1.0 131.0 162.0 0.0
1.0 162.0 93.0 0.0
1.0 93.0 83.0 0.0
1.0 83.0 242.0 0.0
1.0 242.0 93.0 0.0
1.0 93.0 104.0 0.0
1.0 104.0 101.0 0.0
1.0 101.0 104.0 0.0
1.0 104.0 149.0 0.0
1.0 149.0 88.0 0.0
1.0 88.0 116.0 0.0
1.0 116.0 124.0 0.0
1.0 124.0 174.0 0.0
1.0 174.0 167.0 0.0
1.0 167.0 234.0 0.0
1.0 234.0 134.0 0.0
1.0 134.0 130.0 0.0
1.0 130.0 112.0 0.0
1.0 112.0 353.0 0.0
1.0 353.0 174.0 0.0
1.0 174.0 114.0 0.0
1.0 114.0 251.0 0.0
1.0 251.0 104.0 0.0
1.0 104.0 134.0 0.0
1.0 134.0 210.0 0.0
1.0 210.0 67.0 0.0
1.0 67.0 113.0 0.0
1.0 113.0 175.0 0.0
1.0 175.0 351.0 0.0
1.0 351.0 91.0 0.0
1.0 91.0 105.0 0.0
1.0 105.0 364.0 0.0
1.0 364.0 203.0 0.0
1.0 203.0 342.0 0.0
1.0 342.0 289.0 0.0
1.0 289.0 218.0 0.0
1.0 218.0 115.0 0.0
1.0 115.0 84.0 0.0
1.0 84.0 114.0 0.0
1.0 114.0 167.0 0.0
1.0 167.0 120.0 0.0
1.0 120.0 133.0 0.0
1.0 133.0 411.0 0.0
1.0 411.0 130.0 0.0
1.0 130.0 142.0 0.0
1.0 142.0 124.0 0.0
1.0 124.0 610.0 0.0
1.0 610.0 139.0 0.0
1.0 139.0 126.0 0.0
1.0 126.0 105.0 0.0
1.0 105.0 148.0 0.0
1.0 148.0 121.0 0.0
1.0 121.0 295.0 0.0
1.0 295.0 287.0 0.0
1.0 287.0 278.0 0.0
1.0 278.0 214.0 0.0
1.0 214.0 179.0 0.0
1.0 179.0 363.0 0.0
1.0 363.0 270.0 0.0
117.0 386.0 345.0 0.0
1.0 229.0 167.0 0.0
1.0 167.0 267.0 0.0
1.0 267.0 121.0 0.0
92.0 212.0 138.0 0.0
92.0 138.0 304.0 0.0
1.0 213.0 241.0 0.0
1.0 241.0 101.0 0.0
1.0 101.0 92.0 0.0
1.0 92.0 85.0 0.0
144.0 228.0 254.0 0.0
98.0 208.0 623.0 0.0
1.0 526.0 100.0 0.0
1.0 100.0 106.0 0.0
1.0 106.0 132.0 0.0
1.0 132.0 296.0 0.0
1.0 296.0 293.0 0.0
1.0 293.0 70.0 0.0
1.0 70.0 82.0 0.0
1.0 82.0 336.0 0.0
1.0 336.0 183.0 0.0
41.0 223.0 271.0 0.0
2.0 232.0 466.0 0.0
1.0 465.0 117.0 0.0
29.0 145.0 111.0 0.0
1.0 83.0 64.0 0.0
88.0 151.0 175.0 0.0
1.0 88.0 206.0 0.0
104.0 309.0 243.0 0.0
1.0 140.0 306.0 0.0
1.0 306.0 308.0 0.0
34.0 341.0 513.0 0.0
15.0 494.0 191.0 0.0
1.0 177.0 466.0 0.0
1.0 466.0 318.0 0.0
1.0 318.0 110.0 0.0
19.0 128.0 494.0 0.0
76.0 551.0 0.0 0.0
61.0 93.0 73.0 1.0
1.0 82.0 41.0 1.0
1.0 41.0 47.0 1.0
1.0 47.0 59.0 1.0
1.0 59.0 165.0 1.0
43.0 75.0 51.0 1.0
59.0 99.0 99.0 1.0
41.0 81.0 67.0 1.0
34.0 70.0 129.0 1.0
36.0 60.0 129.0 1.0
46.0 145.0 80.0 1.0
53.0 191.0 147.0 1.0
41.0 56.0 52.0 1.0
44.0 55.0 418.0 1.0
35.0 207.0 70.0 1.0
78.0 346.0 332.0 1.0
77.0 331.0 234.0 1.0
68.0 269.0 116.0 1.0
46.0 447.0 126.0 1.0
1.0 57.0 107.0 1.0
34.0 107.0 38.0 1.0
31.0 35.0 68.0 1.0
31.0 55.0 52.0 1.0
1.0 83.0 44.0 1.0
1.0 44.0 72.0 1.0
1.0 57.0 51.0 1.0
1.0 51.0 42.0 1.0
1.0 58.0 53.0 1.0
1.0 53.0 133.0 1.0
62.0 83.0 160.0 1.0
67.0 113.0 203.0 1.0
34.0 117.0 61.0 1.0
134.0 286.0 184.0 1.0
106.0 156.0 166.0 1.0
53.0 113.0 80.0 1.0
44.0 99.0 91.0 1.0
34.0 81.0 544.0 1.0
53.0 73.0 79.0 1.0
50.0 110.0 74.0 1.0
68.0 207.0 166.0 1.0
1.0 88.0 47.0 1.0
1.0 47.0 166.0 1.0
35.0 71.0 492.0 1.0
31.0 0.0 120.0 0.0
81.0 170.0 164.0 0.0
52.0 135.0 85.0 0.0
70.0 103.0 216.0 0.0
79.0 225.0 334.0 0.0
73.0 328.0 174.0 0.0
59.0 160.0 80.0 0.0
52.0 73.0 105.0 0.0
58.0 111.0 90.0 0.0
83.0 115.0 191.0 0.0
72.0 180.0 96.0 0.0
69.0 93.0 218.0 0.0
48.0 197.0 414.0 0.0
69.0 435.0 218.0 0.0
41.0 190.0 66.0 0.0
50.0 75.0 61.0 0.0
61.0 72.0 104.0 0.0
42.0 85.0 55.0 0.0
34.0 47.0 66.0 0.0
51.0 63.0 206.0 0.0
53.0 208.0 228.0 0.0
81.0 256.0 154.0 0.0
51.0 124.0 134.0 0.0
40.0 123.0 52.0 0.0
51.0 63.0 62.0 0.0
46.0 57.0 164.0 0.0
49.0 167.0 69.0 0.0
38.0 58.0 223.0 0.0
51.0 236.0 90.0 0.0
55.0 94.0 79.0 0.0
48.0 72.0 161.0 0.0
43.0 156.0 67.0 0.0
42.0 66.0 124.0 0.0
34.0 116.0 61.0 0.0
49.0 76.0 67.0 0.0
37.0 55.0 64.0 0.0
49.0 76.0 70.0 0.0
48.0 69.0 138.0 0.0
42.0 132.0 83.0 0.0
74.0 115.0 107.0 0.0
80.0 113.0 218.0 0.0
35.0 173.0 42.0 0.0
31.0 38.0 32.0 0.0
32.0 33.0 113.0 0.0
53.0 217.0 72.0 0.0
37.0 56.0 49.0 0.0
45.0 57.0 111.0 0.0
56.0 122.0 76.0 0.0
40.0 60.0 85.0 0.0
84.0 129.0 213.0 0.0
75.0 204.0 133.0 0.0
33.0 91.0 65.0 0.0
44.0 76.0 104.0 0.0
74.0 134.0 329.0 0.0
94.0 349.0 239.0 0.0
48.0 193.0 292.0 0.0
108.0 352.0 288.0 0.0
61.0 241.0 129.0 0.0
63.0 131.0 116.0 0.0
115.0 168.0 372.0 0.0
50.0 307.0 126.0 0.0
85.0 161.0 626.0 0.0
127.0 668.0 322.0 0.0
35.0 230.0 83.0 0.0
59.0 107.0 194.0 0.0
107.0 242.0 265.0 0.0
92.0 250.0 119.0 0.0
82.0 109.0 454.0 0.0
167.0 539.0 281.0 0.0
63.0 177.0 90.0 0.0
58.0 85.0 65.0 0.0
53.0 60.0 65.0 0.0
44.0 56.0 71.0 0.0
48.0 75.0 91.0 0.0
32.0 75.0 168.0 0.0
42.0 178.0 51.0 0.0
48.0 57.0 469.0 0.0
69.0 490.0 114.0 0.0
71.0 116.0 161.0 0.0
36.0 126.0 103.0 0.0
37.0 104.0 403.0 0.0
46.0 412.0 89.0 0.0
53.0 96.0 281.0 0.0
36.0 264.0 64.0 0.0
51.0 79.0 61.0 0.0
50.0 60.0 74.0 0.0
32.0 56.0 295.0 0.0
49.0 312.0 69.0 0.0
51.0 71.0 70.0 0.0
56.0 75.0 88.0 0.0
36.0 44.0 240.0 0.0
58.0 262.0 92.0 0.0
37.0 71.0 123.0 0.0
31.0 117.0 107.0 0.0
37.0 113.0 84.0 0.0
47.0 94.0 89.0 0.0
45.0 87.0 142.0 0.0
63.0 160.0 97.0 0.0
64.0 98.0 96.0 0.0
45.0 77.0 66.0 0.0
59.0 80.0 99.0 0.0
54.0 94.0 110.0 0.0
56.0 112.0 94.0 0.0
45.0 83.0 52.0 0.0
52.0 59.0 105.0 0.0
35.0 88.0 51.0 0.0
42.0 58.0 155.0 0.0
31.0 144.0 62.0 0.0
38.0 69.0 50.0 0.0
32.0 44.0 60.0 0.0
40.0 68.0 84.0 0.0
44.0 88.0 62.0 0.0
33.0 51.0 72.0 0.0
32.0 71.0 48.0 0.0
33.0 49.0 197.0 0.0
36.0 200.0 78.0 0.0
1.0 43.0 57.0 0.0
1.0 57.0 35.0 0.0
33.0 67.0 183.0 0.0
41.0 191.0 57.0 0.0
45.0 61.0 59.0 0.0
56.0 70.0 123.0 0.0
1.0 68.0 48.0 0.0
1.0 48.0 34.0 0.0
1.0 34.0 25.0 0.0
1.0 25.0 20.0 0.0
1.0 20.0 35.0 0.0
1.0 35.0 34.0 0.0
31.0 64.0 280.0 0.0
64.0 313.0 124.0 0.0
46.0 106.0 60.0 0.0
42.0 56.0 65.0 0.0
61.0 84.0 131.0 0.0
37.0 107.0 70.0 0.0
59.0 92.0 99.0 0.0
33.0 59.0 82.0 0.0
35.0 84.0 50.0 0.0
31.0 46.0 67.0 0.0
32.0 127.0 172.0 0.0
52.0 192.0 110.0 0.0
34.0 92.0 58.0 0.0
1.0 94.0 61.0 0.0
1.0 61.0 100.0 0.0
64.0 98.0 202.0 0.0
41.0 135.0 79.0 0.0
52.0 90.0 132.0 0.0
48.0 128.0 79.0 0.0
44.0 75.0 131.0 0.0
38.0 125.0 46.0 0.0
34.0 42.0 64.0 0.0
56.0 86.0 139.0 0.0
43.0 126.0 52.0 0.0
51.0 60.0 190.0 0.0
36.0 175.0 82.0 0.0
33.0 79.0 48.0 0.0
43.0 417.0 62.0 0.0
31.0 50.0 50.0 0.0
50.0 69.0 94.0 0.0
43.0 87.0 86.0 0.0
59.0 102.0 133.0 0.0
58.0 132.0 72.0 0.0
55.0 69.0 317.0 0.0
31.0 293.0 137.0 0.0
121.0 227.0 192.0 0.0
58.0 129.0 157.0 0.0
57.0 156.0 197.0 0.0
66.0 206.0 238.0 0.0
67.0 102.0 176.0 0.0
37.0 146.0 71.0 0.0
65.0 99.0 333.0 0.0
72.0 229.0 1015.0 0.0
56.0 999.0 181.0 0.0
89.0 214.0 251.0 0.0
45.0 207.0 176.0 0.0
64.0 195.0 135.0 0.0
62.0 133.0 91.0 0.0
47.0 76.0 59.0 0.0
41.0 53.0 48.0 0.0
36.0 43.0 96.0 0.0
55.0 115.0 68.0 0.0
56.0 69.0 257.0 0.0
34.0 82.0 77.0 0.0
42.0 85.0 140.0 0.0
76.0 174.0 110.0 0.0
89.0 123.0 875.0 0.0
75.0 861.0 266.0 0.0
107.0 298.0 266.0 0.0
52.0 211.0 320.0 0.0
65.0 333.0 366.0 0.0
71.0 372.0 170.0 0.0
46.0 145.0 447.0 0.0
50.0 130.0 94.0 0.0
38.0 82.0 181.0 0.0
36.0 179.0 52.0 0.0
42.0 58.0 110.0 0.0
1.0 69.0 57.0 0.0
75.0 181.0 291.0 0.0
67.0 283.0 240.0 0.0
161.0 334.0 324.0 0.0
130.0 293.0 262.0 0.0
57.0 189.0 74.0 0.0
69.0 86.0 165.0 0.0
48.0 144.0 271.0 0.0
104.0 327.0 154.0 0.0
80.0 130.0 145.0 0.0
58.0 123.0 129.0 0.0
36.0 107.0 68.0 0.0
46.0 78.0 145.0 0.0
71.0 170.0 96.0 0.0
65.0 90.0 90.0 0.0
42.0 67.0 48.0 0.0
41.0 47.0 112.0 0.0
42.0 113.0 85.0 0.0
66.0 109.0 204.0 0.0
36.0 174.0 66.0 0.0
46.0 76.0 157.0 0.0
49.0 160.0 113.0 0.0
33.0 97.0 55.0 0.0
33.0 55.0 40.0 0.0
36.0 43.0 109.0 0.0
42.0 79.0 66.0 0.0
46.0 67.0 74.0 0.0
35.0 63.0 110.0 0.0
43.0 118.0 124.0 0.0
37.0 118.0 42.0 0.0
39.0 44.0 46.0 0.0
39.0 46.0 121.0 0.0
51.0 122.0 181.0 0.0
1.0 131.0 57.0 0.0
38.0 79.0 44.0 0.0
37.0 43.0 94.0 0.0
46.0 178.0 48.0 0.0
44.0 46.0 76.0 0.0
53.0 85.0 62.0 0.0
57.0 66.0 80.0 0.0
59.0 82.0 80.0 0.0
36.0 134.0 75.0 0.0
33.0 72.0 79.0 0.0
34.0 170.0 155.0 0.0
132.0 253.0 453.0 0.0
45.0 366.0 81.0 0.0
49.0 85.0 102.0 0.0
32.0 85.0 67.0 0.0
39.0 74.0 167.0 0.0
45.0 173.0 67.0 0.0
65.0 87.0 123.0 0.0
40.0 98.0 61.0 0.0
33.0 54.0 46.0 0.0
38.0 51.0 197.0 0.0
46.0 205.0 47.0 0.0
47.0 48.0 71.0 0.0
34.0 58.0 53.0 0.0
49.0 68.0 71.0 0.0
34.0 56.0 115.0 0.0
35.0 116.0 46.0 0.0
43.0 54.0 69.0 0.0
48.0 74.0 71.0 0.0
54.0 77.0 110.0 0.0
65.0 121.0 85.0 0.0
83.0 103.0 202.0 0.0
33.0 152.0 76.0 0.0
59.0 102.0 83.0 0.0
48.0 72.0 76.0 0.0
37.0 65.0 296.0 0.0
58.0 317.0 141.0 0.0
54.0 81.0 201.0 0.0
51.0 198.0 67.0 0.0
38.0 54.0 85.0 0.0
50.0 97.0 180.0 0.0
31.0 161.0 34.0 0.0
34.0 37.0 75.0 0.0
39.0 80.0 123.0 0.0
53.0 137.0 319.0 0.0
33.0 299.0 47.0 0.0
45.0 59.0 72.0 0.0
34.0 61.0 304.0 0.0
61.0 331.0 147.0 0.0
57.0 143.0 209.0 0.0
36.0 63.0 43.0 0.0
42.0 49.0 65.0 0.0
50.0 73.0 117.0 0.0
51.0 118.0 77.0 0.0
44.0 70.0 93.0 0.0
41.0 90.0 373.0 0.0
39.0 371.0 87.0 0.0
44.0 92.0 99.0 0.0
67.0 577.0 87.0 0.0
48.0 74.0 67.0 0.0
39.0 58.0 99.0 0.0
48.0 72.0 244.0 0.0
52.0 248.0 216.0 0.0
72.0 236.0 211.0 0.0
49.0 147.0 113.0 0.0
67.0 131.0 299.0 0.0
65.0 297.0 175.0 0.0
96.0 206.0 156.0 0.0
74.0 134.0 85.0 0.0
83.0 94.0 234.0 0.0
34.0 185.0 121.0 0.0
48.0 213.0 198.0 0.0
44.0 194.0 70.0 0.0
32.0 58.0 58.0 0.0
35.0 61.0 45.0 0.0
41.0 51.0 77.0 0.0
35.0 492.0 63.0 0.0
38.0 66.0 72.0 0.0
35.0 69.0 82.0 0.0
51.0 98.0 160.0 0.0
137.0 246.0 262.0 0.0
32.0 157.0 37.0 0.0
34.0 39.0 45.0 0.0
38.0 49.0 297.0 0.0
40.0 299.0 117.0 0.0
67.0 144.0 121.0 0.0
111.0 165.0 427.0 0.0
39.0 355.0 77.0 0.0
41.0 79.0 52.0 0.0
32.0 43.0 33.0 0.0
32.0 33.0 51.0 0.0
38.0 57.0 172.0 0.0
35.0 169.0 105.0 0.0
36.0 106.0 225.0 0.0
82.0 271.0 213.0 0.0
96.0 227.0 403.0 0.0
78.0 385.0 130.0 0.0
48.0 100.0 342.0 0.0
125.0 419.0 274.0 0.0
45.0 194.0 65.0 0.0
46.0 66.0 363.0 0.0
114.0 431.0 0.0 0.0
85.0 104.0 98.0 1.0
88.0 113.0 103.0 1.0
84.0 101.0 134.0 1.0
104.0 154.0 143.0 1.0
80.0 81.0 108.0 1.0
1.0 41.0 47.0 1.0
1.0 47.0 59.0 1.0
70.0 128.0 173.0 1.0
200.0 282.0 258.0 1.0
79.0 137.0 112.0 1.0
93.0 126.0 179.0 1.0
78.0 236.0 281.0 1.0
123.0 188.0 255.0 1.0
85.0 122.0 87.0 1.0
148.0 200.0 425.0 1.0
112.0 177.0 162.0 1.0
77.0 127.0 110.0 1.0
131.0 153.0 193.0 1.0
145.0 207.0 187.0 1.0
134.0 160.0 176.0 1.0
72.0 114.0 141.0 1.0
110.0 139.0 111.0 1.0
112.0 113.0 131.0 1.0
97.0 116.0 114.0 1.0
68.0 93.0 81.0 1.0
90.0 115.0 116.0 1.0
98.0 114.0 122.0 1.0
82.0 96.0 101.0 1.0
168.0 229.0 179.0 1.0
156.0 167.0 189.0 1.0
112.0 149.0 147.0 1.0
116.0 166.0 125.0 1.0
117.0 149.0 174.0 1.0
78.0 92.0 90.0 1.0
158.0 170.0 286.0 1.0
79.0 108.0 82.0 1.0
88.0 91.0 130.0 1.0
155.0 181.0 182.0 1.0
109.0 159.0 302.0 1.0
216.0 373.0 304.0 1.0
79.0 196.0 150.0 1.0
226.0 361.0 428.0 1.0
99.0 114.0 121.0 1.0
102.0 114.0 126.0 1.0
79.0 145.0 97.0 1.0
1.0 57.0 51.0 1.0
33.0 85.0 93.0 1.0
116.0 175.0 176.0 1.0
247.0 307.0 272.0 1.0
82.0 118.0 88.0 1.0
105.0 111.0 144.0 1.0
87.0 136.0 113.0 1.0
65.0 87.0 134.0 1.0
62.0 158.0 68.0 1.0
75.0 81.0 92.0 1.0
96.0 113.0 174.0 1.0
218.0 260.0 311.0 1.0
101.0 194.0 110.0 1.0
91.0 100.0 95.0 1.0
130.0 153.0 185.0 1.0
95.0 141.0 120.0 1.0
98.0 132.0 135.0 1.0
102.0 160.0 119.0 1.0
87.0 120.0 142.0 1.0
91.0 146.0 132.0 1.0
128.0 169.0 292.0 1.0
187.0 205.0 241.0 1.0
251.0 0.0 261.0 0.0
150.0 160.0 218.0 0.0
138.0 206.0 178.0 0.0
137.0 177.0 243.0 0.0
151.0 257.0 447.0 0.0
113.0 409.0 266.0 0.0
83.0 236.0 117.0 0.0
103.0 137.0 144.0 0.0
147.0 188.0 168.0 0.0
164.0 185.0 260.0 0.0
135.0 231.0 215.0 0.0
134.0 214.0 223.0 0.0
268.0 357.0 320.0 0.0
268.0 320.0 437.0 0.0
94.0 263.0 122.0 0.0
90.0 118.0 119.0 0.0
87.0 116.0 151.0 0.0
81.0 145.0 100.0 0.0
100.0 113.0 155.0 0.0
103.0 158.0 171.0 0.0
198.0 266.0 352.0 0.0
107.0 261.0 175.0 0.0
144.0 212.0 192.0 0.0
124.0 172.0 149.0 0.0
131.0 146.0 161.0 0.0
142.0 172.0 166.0 0.0
123.0 147.0 257.0 0.0
118.0 252.0 152.0 0.0
91.0 125.0 106.0 0.0
142.0 157.0 173.0 0.0
121.0 152.0 144.0 0.0
103.0 126.0 147.0 0.0
117.0 161.0 124.0 0.0
89.0 96.0 100.0 0.0
99.0 110.0 116.0 0.0
119.0 158.0 171.0 0.0
101.0 153.0 199.0 0.0
72.0 170.0 225.0 0.0
99.0 252.0 105.0 0.0
64.0 70.0 65.0 0.0
36.0 64.0 76.0 0.0
85.0 188.0 100.0 0.0
91.0 106.0 114.0 0.0
67.0 90.0 141.0 0.0
94.0 168.0 126.0 0.0
104.0 136.0 160.0 0.0
122.0 178.0 204.0 0.0
119.0 205.0 420.0 0.0
126.0 427.0 284.0 0.0
318.0 521.0 354.0 0.0
208.0 244.0 295.0 0.0
141.0 228.0 206.0 0.0
183.0 248.0 330.0 0.0
213.0 360.0 303.0 0.0
127.0 217.0 597.0 0.0
290.0 760.0 420.0 0.0
195.0 325.0 260.0 0.0
148.0 280.0 281.0 0.0
233.0 366.0 333.0 0.0
236.0 336.0 609.0 0.0
157.0 530.0 332.0 0.0
85.0 260.0 140.0 0.0
106.0 161.0 143.0 0.0
94.0 96.0 119.0 0.0
103.0 128.0 144.0 0.0
103.0 144.0 184.0 0.0
93.0 174.0 118.0 0.0
137.0 162.0 470.0 0.0
154.0 487.0 223.0 0.0
110.0 179.0 174.0 0.0
126.0 190.0 178.0 0.0
101.0 378.0 174.0 0.0
120.0 193.0 297.0 0.0
98.0 275.0 123.0 0.0
88.0 113.0 110.0 0.0
82.0 104.0 114.0 0.0
131.0 163.0 279.0 0.0
135.0 283.0 186.0 0.0
87.0 138.0 111.0 0.0
108.0 132.0 115.0 0.0
97.0 104.0 120.0 0.0
121.0 144.0 294.0 0.0
70.0 243.0 128.0 0.0
67.0 125.0 132.0 0.0
108.0 141.0 130.0 0.0
78.0 120.0 118.0 0.0
103.0 143.0 129.0 0.0
109.0 178.0 138.0 0.0
123.0 140.0 183.0 0.0
78.0 138.0 89.0 0.0
86.0 97.0 95.0 0.0
76.0 85.0 99.0 0.0
95.0 118.0 112.0 0.0
81.0 98.0 99.0 0.0
91.0 109.0 116.0 0.0
121.0 134.0 172.0 0.0
126.0 177.0 137.0 0.0
33.0 44.0 89.0 0.0
32.0 88.0 35.0 0.0
76.0 79.0 160.0 0.0
129.0 213.0 154.0 0.0
90.0 116.0 129.0 0.0
35.0 74.0 82.0 0.0
1.0 48.0 34.0 0.0
1.0 34.0 25.0 0.0
1.0 25.0 20.0 0.0
1.0 20.0 35.0 0.0
32.0 66.0 32.0 0.0
168.0 168.0 243.0 0.0
202.0 277.0 256.0 0.0
93.0 147.0 109.0 0.0
75.0 99.0 153.0 0.0
98.0 176.0 131.0 0.0
119.0 152.0 134.0 0.0
132.0 147.0 156.0 0.0
98.0 122.0 108.0 0.0
101.0 111.0 117.0 0.0
80.0 96.0 94.0 0.0
70.0 89.0 131.0 0.0
104.0 137.0 119.0 0.0
83.0 98.0 121.0 0.0
42.0 80.0 102.0 0.0
35.0 95.0 90.0 0.0
92.0 147.0 130.0 0.0
175.0 213.0 205.0 0.0
189.0 219.0 226.0 0.0
105.0 140.0 205.0 0.0
66.0 166.0 119.0 0.0
78.0 131.0 128.0 0.0
72.0 81.0 104.0 0.0
99.0 156.0 108.0 0.0
105.0 114.0 218.0 0.0
96.0 209.0 118.0 0.0
91.0 113.0 105.0 0.0
244.0 372.0 273.0 0.0
89.0 131.0 151.0 0.0
85.0 147.0 161.0 0.0
130.0 206.0 173.0 0.0
133.0 176.0 319.0 0.0
119.0 305.0 282.0 0.0
153.0 316.0 197.0 0.0
166.0 210.0 193.0 0.0
176.0 203.0 257.0 0.0
189.0 270.0 261.0 0.0
176.0 248.0 202.0 0.0
127.0 154.0 177.0 0.0
324.0 517.0 481.0 0.0
325.0 413.0 1027.0 0.0
172.0 874.0 308.0 0.0
225.0 361.0 312.0 0.0
113.0 200.0 190.0 0.0
147.0 224.0 264.0 0.0
80.0 151.0 99.0 0.0
71.0 90.0 77.0 0.0
76.0 82.0 152.0 0.0
95.0 171.0 123.0 0.0
177.0 205.0 216.0 0.0
188.0 227.0 226.0 0.0
116.0 154.0 143.0 0.0
145.0 172.0 175.0 0.0
164.0 194.0 195.0 0.0
175.0 206.0 916.0 0.0
259.0 1000.0 415.0 0.0
235.0 391.0 363.0 0.0
190.0 318.0 325.0 0.0
202.0 404.0 214.0 0.0
138.0 150.0 468.0 0.0
190.0 520.0 266.0 0.0
86.0 162.0 103.0 0.0
165.0 182.0 232.0 0.0
77.0 144.0 92.0 0.0
35.0 57.0 91.0 0.0
64.0 120.0 105.0 0.0
226.0 267.0 332.0 0.0
152.0 258.0 339.0 0.0
349.0 536.0 452.0 0.0
256.0 359.0 429.0 0.0
123.0 296.0 134.0 0.0
160.0 171.0 233.0 0.0
149.0 222.0 235.0 0.0
215.0 301.0 303.0 0.0
207.0 295.0 237.0 0.0
104.0 134.0 158.0 0.0
124.0 178.0 147.0 0.0
136.0 159.0 165.0 0.0
172.0 201.0 189.0 0.0
123.0 140.0 146.0 0.0
94.0 117.0 104.0 0.0
84.0 94.0 140.0 0.0
81.0 137.0 158.0 0.0
147.0 224.0 161.0 0.0
158.0 172.0 176.0 0.0
117.0 135.0 156.0 0.0
173.0 212.0 214.0 0.0
73.0 114.0 83.0 0.0
68.0 78.0 80.0 0.0
81.0 105.0 86.0 0.0
63.0 68.0 94.0 0.0
92.0 123.0 107.0 0.0
73.0 88.0 99.0 0.0
67.0 93.0 102.0 0.0
86.0 121.0 121.0 0.0
116.0 151.0 182.0 0.0
63.0 81.0 75.0 0.0
88.0 100.0 101.0 0.0
60.0 73.0 103.0 0.0
59.0 102.0 83.0 0.0
121.0 145.0 167.0 0.0
54.0 100.0 110.0 0.0
35.0 85.0 47.0 0.0
70.0 82.0 79.0 0.0
80.0 89.0 92.0 0.0
36.0 48.0 88.0 0.0
118.0 178.0 136.0 0.0
80.0 98.0 129.0 0.0
85.0 134.0 101.0 0.0
111.0 127.0 138.0 0.0
115.0 142.0 152.0 0.0
102.0 139.0 189.0 0.0
105.0 192.0 110.0 0.0
82.0 87.0 141.0 0.0
170.0 195.0 564.0 0.0
119.0 513.0 148.0 0.0
101.0 130.0 118.0 0.0
101.0 118.0 121.0 0.0
99.0 119.0 152.0 0.0
153.0 206.0 175.0 0.0
101.0 123.0 156.0 0.0
107.0 162.0 119.0 0.0
65.0 77.0 81.0 0.0
124.0 140.0 212.0 0.0
107.0 195.0 117.0 0.0
94.0 104.0 100.0 0.0
80.0 86.0 116.0 0.0
97.0 136.0 101.0 0.0
97.0 101.0 105.0 0.0
102.0 110.0 127.0 0.0
95.0 120.0 174.0 0.0
84.0 163.0 133.0 0.0
195.0 244.0 253.0 0.0
118.0 176.0 129.0 0.0
113.0 124.0 138.0 0.0
111.0 136.0 118.0 0.0
217.0 224.0 327.0 0.0
153.0 263.0 202.0 0.0
153.0 179.0 233.0 0.0
122.0 202.0 144.0 0.0
113.0 182.0 209.0 0.0
147.0 225.0 301.0 0.0
134.0 288.0 157.0 0.0
86.0 109.0 111.0 0.0
75.0 100.0 341.0 0.0
99.0 365.0 199.0 0.0
110.0 210.0 339.0 0.0
168.0 397.0 210.0 0.0
76.0 80.0 99.0 0.0
76.0 131.0 122.0 0.0
98.0 123.0 260.0 0.0
247.0 409.0 270.0 0.0
110.0 133.0 144.0 0.0
95.0 132.0 427.0 0.0
263.0 595.0 321.0 0.0
86.0 103.0 119.0 0.0
147.0 311.0 270.0 0.0
108.0 231.0 253.0 0.0
124.0 269.0 202.0 0.0
157.0 235.0 232.0 0.0
125.0 200.0 262.0 0.0
253.0 390.0 302.0 0.0
195.0 244.0 294.0 0.0
90.0 189.0 135.0 0.0
110.0 155.0 299.0 0.0
76.0 265.0 132.0 0.0
33.0 89.0 79.0 0.0
63.0 109.0 110.0 0.0
136.0 183.0 257.0 0.0
122.0 243.0 143.0 0.0
77.0 98.0 107.0 0.0
67.0 97.0 75.0 0.0
75.0 83.0 113.0 0.0
153.0 191.0 355.0 0.0
258.0 460.0 267.0 0.0
89.0 98.0 118.0 0.0
91.0 120.0 101.0 0.0
143.0 153.0 272.0 0.0
209.0 338.0 240.0 0.0
173.0 204.0 178.0 0.0
61.0 66.0 79.0 0.0
195.0 249.0 274.0 0.0
113.0 192.0 170.0 0.0
303.0 360.0 448.0 0.0
158.0 303.0 193.0 0.0
80.0 115.0 92.0 0.0
61.0 73.0 62.0 0.0
71.0 72.0 85.0 0.0
76.0 90.0 168.0 0.0
122.0 214.0 154.0 0.0
115.0 147.0 253.0 0.0
213.0 351.0 368.0 0.0
181.0 336.0 492.0 0.0
83.0 394.0 145.0 0.0
281.0 343.0 432.0 0.0
164.0 315.0 295.0 0.0
182.0 313.0 189.0 0.0
205.0 212.0 405.0 0.0
173.0 373.0 0.0 0.0
61.0 0.0 150.0 0.0
161.0 250.0 244.0 0.0
103.0 186.0 136.0 0.0
139.0 172.0 285.0 0.0
157.0 303.0 412.0 0.0
145.0 400.0 246.0 0.0
117.0 218.0 138.0 0.0
103.0 124.0 156.0 0.0
115.0 168.0 147.0 0.0
165.0 197.0 273.0 0.0
143.0 251.0 167.0 0.0
137.0 161.0 286.0 0.0
95.0 244.0 461.0 0.0
137.0 503.0 286.0 0.0
81.0 230.0 106.0 0.0
99.0 124.0 110.0 0.0
121.0 132.0 164.0 0.0
83.0 126.0 96.0 0.0
67.0 80.0 99.0 0.0
121.0 153.0 133.0 0.0
101.0 113.0 256.0 0.0
105.0 260.0 280.0 0.0
161.0 336.0 234.0 0.0
101.0 174.0 184.0 0.0
79.0 162.0 91.0 0.0
101.0 113.0 112.0 0.0
91.0 102.0 209.0 0.0
97.0 215.0 117.0 0.0
75.0 95.0 260.0 0.0
101.0 286.0 140.0 0.0
109.0 148.0 133.0 0.0
95.0 119.0 208.0 0.0
85.0 198.0 109.0 0.0
83.0 107.0 165.0 0.0
67.0 149.0 94.0 0.0
97.0 124.0 115.0 0.0
73.0 91.0 100.0 0.0
97.0 124.0 118.0 0.0
95.0 116.0 185.0 0.0
83.0 173.0 124.0 0.0
147.0 188.0 180.0 0.0
159.0 192.0 297.0 0.0
69.0 207.0 76.0 0.0
61.0 68.0 62.0 0.0
63.0 64.0 144.0 0.0
1.0 82.0 41.0 0.0
1.0 41.0 47.0 0.0
1.0 47.0 59.0 0.0
1.0 59.0 165.0 0.0
105.0 269.0 124.0 0.0
73.0 92.0 85.0 0.0
89.0 101.0 155.0 0.0
111.0 177.0 131.0 0.0
79.0 99.0 124.0 0.0
167.0 212.0 296.0 0.0
149.0 278.0 207.0 0.0
65.0 123.0 97.0 0.0
87.0 119.0 147.0 0.0
147.0 207.0 402.0 0.0
187.0 442.0 332.0 0.0
95.0 240.0 339.0 0.0
215.0 459.0 395.0 0.0
121.0 301.0 189.0 0.0
125.0 193.0 178.0 0.0
229.0 282.0 486.0 0.0
99.0 356.0 175.0 0.0
169.0 245.0 710.0 0.0
253.0 794.0 448.0 0.0
69.0 264.0 117.0 0.0
117.0 165.0 252.0 0.0
213.0 348.0 371.0 0.0
183.0 341.0 210.0 0.0
163.0 190.0 535.0 0.0
333.0 705.0 447.0 0.0
125.0 239.0 152.0 0.0
115.0 142.0 122.0 0.0
105.0 112.0 117.0 0.0
87.0 99.0 114.0 0.0
95.0 122.0 138.0 0.0
63.0 106.0 199.0 0.0
83.0 219.0 92.0 0.0
95.0 104.0 516.0 0.0
137.0 558.0 182.0 0.0
141.0 186.0 231.0 0.0
71.0 161.0 138.0 0.0
73.0 140.0 439.0 0.0
91.0 457.0 134.0 0.0
105.0 148.0 333.0 0.0
71.0 299.0 99.0 0.0
101.0 129.0 111.0 0.0
99.0 109.0 123.0 0.0
63.0 87.0 326.0 0.0
97.0 360.0 117.0 0.0
101.0 121.0 120.0 0.0
111.0 130.0 143.0 0.0
85.0 117.0 93.0 0.0
71.0 79.0 275.0 0.0
115.0 319.0 149.0 0.0
73.0 107.0 159.0 0.0
61.0 147.0 137.0 0.0
73.0 149.0 120.0 0.0
93.0 140.0 135.0 0.0
89.0 131.0 186.0 0.0
125.0 222.0 159.0 0.0
127.0 161.0 159.0 0.0
89.0 121.0 110.0 0.0
117.0 138.0 157.0 0.0
107.0 147.0 163.0 0.0
111.0 167.0 149.0 0.0
89.0 127.0 96.0 0.0
103.0 110.0 156.0 0.0
69.0 122.0 85.0 0.0
83.0 99.0 196.0 0.0
61.0 174.0 92.0 0.0
75.0 106.0 87.0 0.0
63.0 75.0 91.0 0.0
79.0 107.0 123.0 0.0
87.0 131.0 105.0 0.0
65.0 83.0 104.0 0.0
63.0 102.0 79.0 0.0
65.0 81.0 229.0 0.0
71.0 235.0 113.0 0.0
1.0 43.0 57.0 0.0
1.0 57.0 35.0 0.0
65.0 99.0 215.0 0.0
81.0 231.0 97.0 0.0
89.0 105.0 103.0 0.0
111.0 125.0 178.0 0.0
1.0 68.0 48.0 0.0
1.0 48.0 34.0 0.0
1.0 34.0 25.0 0.0
1.0 25.0 20.0 0.0
1.0 20.0 35.0 0.0
1.0 35.0 34.0 0.0
61.0 94.0 310.0 0.0
127.0 376.0 187.0 0.0
91.0 151.0 105.0 0.0
83.0 97.0 106.0 0.0
121.0 144.0 191.0 0.0
73.0 143.0 106.0 0.0
117.0 150.0 157.0 0.0
117.0 157.0 157.0 0.0
81.0 121.0 107.0 0.0
65.0 91.0 114.0 0.0
69.0 118.0 84.0 0.0
61.0 76.0 97.0 0.0
67.0 103.0 162.0 0.0
63.0 158.0 203.0 0.0
103.0 243.0 161.0 0.0
67.0 125.0 91.0 0.0
71.0 95.0 164.0 0.0
1.0 94.0 61.0 0.0
1.0 61.0 100.0 0.0
91.0 190.0 125.0 0.0
127.0 161.0 265.0 0.0
105.0 243.0 199.0 0.0
81.0 175.0 119.0 0.0
103.0 141.0 183.0 0.0
95.0 175.0 126.0 0.0
87.0 118.0 174.0 0.0
75.0 162.0 83.0 0.0
67.0 75.0 97.0 0.0
111.0 141.0 194.0 0.0
85.0 168.0 94.0 0.0
101.0 110.0 240.0 0.0
71.0 210.0 117.0 0.0
65.0 111.0 80.0 0.0
81.0 96.0 92.0 0.0
87.0 98.0 461.0 0.0
85.0 459.0 104.0 0.0
61.0 80.0 80.0 0.0
99.0 118.0 143.0 0.0
85.0 129.0 128.0 0.0
117.0 160.0 191.0 0.0
115.0 189.0 129.0 0.0
109.0 123.0 371.0 0.0
61.0 323.0 167.0 0.0
241.0 347.0 312.0 0.0
115.0 186.0 214.0 0.0
113.0 212.0 253.0 0.0
131.0 271.0 303.0 0.0
69.0 241.0 104.0 0.0
133.0 168.0 242.0 0.0
73.0 182.0 107.0 0.0
129.0 163.0 397.0 0.0
155.0 423.0 409.0 0.0
153.0 407.0 310.0 0.0
143.0 300.0 1086.0 0.0
111.0 1054.0 236.0 0.0
177.0 302.0 339.0 0.0
89.0 251.0 220.0 0.0
127.0 258.0 198.0 0.0
123.0 194.0 152.0 0.0
93.0 122.0 105.0 0.0
81.0 93.0 88.0 0.0
71.0 78.0 131.0 0.0
109.0 169.0 122.0 0.0
111.0 124.0 312.0 0.0
135.0 336.0 183.0 0.0
67.0 115.0 110.0 0.0
83.0 126.0 181.0 0.0
151.0 249.0 185.0 0.0
177.0 211.0 963.0 0.0
149.0 935.0 340.0 0.0
213.0 404.0 372.0 0.0
103.0 262.0 371.0 0.0
129.0 397.0 430.0 0.0
141.0 442.0 240.0 0.0
91.0 190.0 492.0 0.0
91.0 492.0 171.0 0.0
99.0 179.0 143.0 0.0
75.0 119.0 218.0 0.0
71.0 214.0 87.0 0.0
83.0 99.0 151.0 0.0
1.0 69.0 57.0 0.0
1.0 57.0 107.0 0.0
149.0 255.0 365.0 0.0
133.0 349.0 306.0 0.0
321.0 494.0 484.0 0.0
259.0 422.0 391.0 0.0
113.0 245.0 130.0 0.0
137.0 154.0 233.0 0.0
95.0 191.0 318.0 0.0
207.0 430.0 257.0 0.0
159.0 209.0 224.0 0.0
115.0 180.0 186.0 0.0
71.0 142.0 103.0 0.0
91.0 123.0 190.0 0.0
141.0 240.0 166.0 0.0
129.0 154.0 154.0 0.0
83.0 108.0 89.0 0.0
81.0 87.0 152.0 0.0
83.0 154.0 126.0 0.0
131.0 174.0 269.0 0.0
71.0 209.0 101.0 0.0
91.0 121.0 202.0 0.0
97.0 208.0 161.0 0.0
65.0 129.0 87.0 0.0
65.0 87.0 72.0 0.0
71.0 78.0 144.0 0.0
67.0 140.0 71.0 0.0
61.0 65.0 98.0 0.0
83.0 120.0 107.0 0.0
61.0 85.0 82.0 0.0
91.0 112.0 119.0 0.0
69.0 97.0 144.0 0.0
85.0 160.0 166.0 0.0
73.0 154.0 78.0 0.0
77.0 82.0 84.0 0.0
77.0 84.0 159.0 0.0
1.0 83.0 44.0 0.0
1.0 44.0 72.0 0.0
101.0 172.0 231.0 0.0
1.0 131.0 57.0 0.0
1.0 57.0 51.0 0.0
1.0 51.0 42.0 0.0
75.0 116.0 81.0 0.0
73.0 79.0 130.0 0.0
1.0 58.0 53.0 0.0
1.0 53.0 133.0 0.0
91.0 223.0 93.0 0.0
87.0 89.0 119.0 0.0
105.0 137.0 114.0 0.0
113.0 122.0 136.0 0.0
117.0 140.0 138.0 0.0
123.0 144.0 221.0 0.0
71.0 169.0 110.0 0.0
65.0 104.0 111.0 0.0
133.0 179.0 269.0 0.0
67.0 203.0 188.0 0.0
263.0 384.0 584.0 0.0
89.0 410.0 125.0 0.0
97.0 133.0 150.0 0.0
63.0 116.0 98.0 0.0
77.0 112.0 205.0 0.0
89.0 217.0 111.0 0.0
129.0 151.0 187.0 0.0
79.0 137.0 100.0 0.0
65.0 86.0 78.0 0.0
75.0 88.0 234.0 0.0
91.0 250.0 92.0 0.0
93.0 94.0 117.0 0.0
67.0 91.0 86.0 0.0
97.0 116.0 119.0 0.0
67.0 89.0 148.0 0.0
69.0 150.0 80.0 0.0
85.0 96.0 111.0 0.0
95.0 121.0 118.0 0.0
107.0 130.0 163.0 0.0
129.0 185.0 149.0 0.0
165.0 185.0 284.0 0.0
65.0 184.0 108.0 0.0
117.0 160.0 141.0 0.0
95.0 119.0 123.0 0.0
73.0 101.0 332.0 0.0
115.0 374.0 198.0 0.0
67.0 150.0 94.0 0.0
107.0 134.0 254.0 0.0
101.0 248.0 117.0 0.0
75.0 91.0 122.0 0.0
99.0 146.0 229.0 0.0
61.0 191.0 64.0 0.0
67.0 70.0 108.0 0.0
77.0 118.0 161.0 0.0
105.0 189.0 371.0 0.0
65.0 331.0 79.0 0.0
89.0 103.0 116.0 0.0
67.0 94.0 337.0 0.0
121.0 391.0 207.0 0.0
113.0 199.0 265.0 0.0
267.0 419.0 317.0 0.0
211.0 261.0 271.0 0.0
105.0 165.0 132.0 0.0
71.0 98.0 78.0 0.0
83.0 90.0 106.0 0.0
99.0 122.0 166.0 0.0
101.0 168.0 127.0 0.0
87.0 113.0 136.0 0.0
81.0 130.0 413.0 0.0
77.0 409.0 125.0 0.0
87.0 135.0 142.0 0.0
87.0 142.0 134.0 0.0
67.0 114.0 577.0 0.0
133.0 643.0 153.0 0.0
105.0 125.0 131.0 0.0
95.0 121.0 114.0 0.0
77.0 96.0 137.0 0.0
99.0 159.0 123.0 0.0
95.0 119.0 291.0 0.0
103.0 299.0 267.0 0.0
143.0 307.0 282.0 0.0
135.0 274.0 233.0 0.0
97.0 195.0 161.0 0.0
133.0 197.0 365.0 0.0
129.0 361.0 239.0 0.0
191.0 301.0 251.0 0.0
147.0 207.0 158.0 0.0
165.0 176.0 316.0 0.0
67.0 218.0 154.0 0.0
1.0 88.0 47.0 0.0
1.0 47.0 166.0 0.0
95.0 260.0 245.0 0.0
87.0 237.0 113.0 0.0
63.0 89.0 89.0 0.0
69.0 95.0 79.0 0.0
81.0 91.0 117.0 0.0
69.0 105.0 526.0 0.0
69.0 526.0 97.0 0.0
75.0 103.0 109.0 0.0
69.0 103.0 116.0 0.0
101.0 148.0 210.0 0.0
273.0 382.0 398.0 0.0
63.0 188.0 68.0 0.0
67.0 72.0 78.0 0.0
75.0 86.0 334.0 0.0
79.0 338.0 156.0 0.0
133.0 210.0 187.0 0.0
221.0 275.0 537.0 0.0
77.0 393.0 115.0 0.0
81.0 119.0 92.0 0.0
63.0 74.0 64.0 0.0
63.0 64.0 82.0 0.0
75.0 94.0 209.0 0.0
69.0 203.0 139.0 0.0
71.0 141.0 260.0 0.0
163.0 352.0 294.0 0.0
191.0 322.0 498.0 0.0
155.0 462.0 207.0 0.0
95.0 147.0 389.0 0.0
249.0 543.0 398.0 0.0
89.0 238.0 109.0 0.0
91.0 111.0 408.0 0.0
227.0 544.0 0.0 0.0
1.0 0.0 510.0 1.0
1.0 510.0 368.0 1.0
1.0 368.0 132.0 1.0
1.0 132.0 330.0 1.0
1.0 330.0 197.0 1.0
1.0 144.0 414.0 1.0
1.0 111.0 175.0 1.0
1.0 212.0 135.0 1.0
41.0 175.0 257.0 1.0
1.0 41.0 186.0 1.0
1.0 186.0 129.0 1.0
1.0 129.0 212.0 1.0
1.0 212.0 74.0 1.0
1.0 74.0 93.0 1.0
1.0 93.0 109.0 1.0
1.0 109.0 56.0 1.0
1.0 56.0 127.0 1.0
1.0 127.0 81.0 1.0
1.0 81.0 289.0 1.0
1.0 289.0 145.0 1.0
1.0 145.0 149.0 1.0
1.0 149.0 88.0 1.0
1.0 88.0 47.0 1.0
1.0 47.0 59.0 1.0
1.0 59.0 187.0 1.0
1.0 187.0 173.0 1.0
1.0 173.0 72.0 1.0
1.0 72.0 338.0 1.0
1.0 139.0 306.0 1.0
1.0 306.0 157.0 1.0
1.0 157.0 146.0 1.0
1.0 224.0 285.0 1.0
1.0 285.0 218.0 1.0
1.0 169.0 177.0 1.0
1.0 177.0 298.0 1.0
1.0 298.0 788.0 1.0
1.0 788.0 498.0 1.0
1.0 102.0 221.0 1.0
1.0 87.0 123.0 1.0
1.0 123.0 136.0 1.0
1.0 139.0 83.0 1.0
1.0 83.0 126.0 1.0
1.0 78.0 216.0 1.0
1.0 216.0 291.0 1.0
1.0 291.0 193.0 1.0
1.0 193.0 356.0 1.0
1.0 356.0 648.0 1.0
1.0 648.0 510.0 1.0
1.0 510.0 283.0 1.0
1.0 283.0 314.0 1.0
1.0 370.0 249.0 1.0
1.0 249.0 298.0 1.0
1.0 298.0 295.0 1.0
1.0 295.0 142.0 1.0
1.0 142.0 253.0 1.0
1.0 253.0 93.0 1.0
1.0 93.0 85.0 1.0
1.0 85.0 136.0 1.0
1.0 136.0 161.0 1.0
1.0 161.0 134.0 1.0
1.0 134.0 172.0 1.0
1.0 172.0 100.0 1.0
1.0 100.0 261.0 1.0
1.0 261.0 166.0 1.0
1.0 166.0 98.0 1.0
1.0 98.0 54.0 1.0
1.0 54.0 55.0 1.0
1.0 55.0 153.0 1.0
1.0 153.0 23.0 1.0
1.0 23.0 29.0 1.0
1.0 29.0 57.0 1.0
1.0 57.0 60.0 1.0
1.0 60.0 66.0 1.0
1.0 66.0 40.0 1.0
1.0 86.0 256.0 1.0
1.0 65.0 156.0 1.0
1.0 156.0 348.0 1.0
1.0 348.0 101.0 1.0
1.0 101.0 137.0 1.0
1.0 137.0 256.0 1.0
1.0 239.0 137.0 1.0
1.0 137.0 409.0 1.0
1.0 409.0 168.0 1.0
1.0 168.0 102.0 1.0
1.0 102.0 142.0 1.0
1.0 142.0 54.0 1.0
1.0 50.0 69.0 1.0
1.0 69.0 104.0 1.0
1.0 104.0 92.0 1.0
1.0 92.0 61.0 1.0
1.0 61.0 98.0 1.0
1.0 98.0 117.0 1.0
1.0 117.0 111.0 1.0
1.0 111.0 260.0 1.0
1.0 260.0 185.0 1.0
1.0 185.0 194.0 1.0
1.0 194.0 139.0 1.0
1.0 139.0 204.0 1.0
1.0 204.0 210.0 1.0
1.0 210.0 204.0 1.0
1.0 204.0 117.0 1.0
1.0 117.0 207.0 1.0
1.0 207.0 61.0 1.0
1.0 60.0 280.0 1.0
1.0 280.0 78.0 1.0
1.0 78.0 355.0 1.0
1.0 355.0 97.0 1.0
1.0 97.0 183.0 1.0
1.0 183.0 184.0 1.0
1.0 184.0 146.0 1.0
1.0 146.0 288.0 1.0
1.0 288.0 85.0 1.0
1.0 85.0 247.0 1.0
1.0 247.0 67.0 1.0
1.0 287.0 104.0 1.0
1.0 104.0 98.0 1.0
1.0 98.0 92.0 1.0
1.0 92.0 94.0 1.0
1.0 94.0 18.0 1.0
1.0 18.0 95.0 1.0
1.0 95.0 62.0 1.0
1.0 62.0 128.0 1.0
1.0 128.0 134.0 1.0
1.0 134.0 92.0 1.0
1.0 92.0 101.0 1.0
1.0 101.0 12.0 1.0
1.0 71.0 121.0 1.0
1.0 121.0 117.0 1.0
1.0 117.0 100.0 1.0
1.0 100.0 119.0 1.0
1.0 119.0 257.0 1.0
1.0 257.0 181.0 1.0
1.0 181.0 210.0 1.0
1.0 210.0 135.0 1.0
1.0 200.0 143.0 1.0
1.0 165.0 238.0 1.0
1.0 238.0 283.0 1.0
1.0 94.0 89.0 1.0
1.0 89.0 79.0 1.0
1.0 79.0 105.0 1.0
1.0 105.0 109.0 1.0
1.0 109.0 86.0 1.0
2.0 107.0 167.0 1.0
1.0 166.0 119.0 1.0
1.0 151.0 247.0 1.0
1.0 247.0 96.0 1.0
59.0 102.0 61.0 1.0
1.0 210.0 209.0 1.0
1.0 209.0 218.0 1.0
1.0 145.0 121.0 1.0
1.0 121.0 97.0 1.0
1.0 95.0 82.0 1.0
2.0 83.0 70.0 1.0
1.0 69.0 84.0 1.0
2.0 85.0 84.0 1.0
1.0 110.0 77.0 1.0
1.0 77.0 93.0 1.0
1.0 93.0 103.0 1.0
1.0 103.0 199.0 1.0
1.0 199.0 186.0 1.0
1.0 186.0 178.0 1.0
1.0 178.0 91.0 1.0
1.0 91.0 103.0 1.0
1.0 103.0 87.0 1.0
1.0 153.0 210.0 1.0
1.0 210.0 185.0 1.0
1.0 185.0 193.0 1.0
1.0 193.0 37.0 1.0
1.0 37.0 99.0 1.0
1.0 99.0 37.0 1.0
1.0 37.0 45.0 1.0
1.0 45.0 49.0 1.0
1.0 70.0 156.0 1.0
1.0 156.0 128.0 1.0
1.0 128.0 497.0 1.0
1.0 525.0 269.0 1.0
1.0 269.0 138.0 1.0
1.0 138.0 256.0 1.0
1.0 314.0 138.0 1.0
1.0 138.0 416.0 1.0
1.0 416.0 352.0 1.0
1.0 352.0 150.0 1.0
1.0 150.0 134.0 1.0
1.0 134.0 200.0 1.0
1.0 200.0 181.0 1.0
1.0 181.0 353.0 1.0
1.0 353.0 178.0 1.0
1.0 178.0 232.0 1.0
1.0 159.0 224.0 1.0
1.0 224.0 72.0 1.0
1.0 72.0 251.0 1.0
1.0 251.0 65.0 1.0
1.0 93.0 55.0 1.0
1.0 55.0 187.0 1.0
1.0 72.0 29.0 1.0
1.0 29.0 30.0 1.0
1.0 30.0 49.0 1.0
1.0 49.0 16.0 1.0
1.0 16.0 122.0 1.0
1.0 122.0 57.0 1.0
1.0 57.0 92.0 1.0
1.0 92.0 169.0 1.0
1.0 169.0 50.0 1.0
1.0 34.0 355.0 1.0
2.0 356.0 83.0 1.0
1.0 82.0 605.0 1.0
1.0 605.0 237.0 1.0
1.0 237.0 241.0 1.0
1.0 241.0 124.0 1.0
1.0 124.0 90.0 1.0
1.0 90.0 105.0 1.0
1.0 105.0 80.0 1.0
1.0 80.0 127.0 1.0
1.0 127.0 43.0 1.0
1.0 43.0 93.0 1.0
1.0 93.0 80.0 1.0
1.0 80.0 70.0 1.0
1.0 70.0 47.0 1.0
1.0 47.0 80.0 1.0
1.0 80.0 12.0 1.0
1.0 12.0 49.0 1.0
1.0 49.0 69.0 1.0
1.0 69.0 48.0 1.0
1.0 48.0 21.0 1.0
1.0 21.0 2.0 1.0
1.0 9.0 21.0 1.0
1.0 21.0 21.0 1.0
1.0 21.0 43.0 1.0
1.0 43.0 15.0 1.0
1.0 15.0 15.0 1.0
1.0 15.0 177.0 1.0
1.0 177.0 110.0 1.0
1.0 110.0 67.0 1.0
1.0 67.0 59.0 1.0
1.0 87.0 65.0 1.0
1.0 65.0 15.0 1.0
1.0 15.0 33.0 1.0
1.0 33.0 103.0 1.0
1.0 103.0 98.0 1.0
1.0 98.0 62.0 1.0
1.0 62.0 28.0 1.0
1.0 58.0 84.0 1.0
1.0 84.0 63.0 1.0
1.0 63.0 190.0 1.0
1.0 190.0 86.0 1.0
1.0 105.0 64.0 1.0
1.0 74.0 95.0 1.0
1.0 95.0 108.0 1.0
1.0 101.0 73.0 1.0
1.0 73.0 112.0 1.0
1.0 67.0 35.0 1.0
1.0 185.0 145.0 1.0
1.0 145.0 475.0 1.0
1.0 475.0 358.0 1.0
1.0 358.0 281.0 1.0
1.0 281.0 106.0 1.0
1.0 106.0 204.0 1.0
1.0 204.0 188.0 1.0
1.0 188.0 200.0 1.0
1.0 200.0 303.0 1.0
1.0 303.0 208.0 1.0
1.0 1244.0 351.0 1.0
1.0 351.0 221.0 1.0
1.0 221.0 147.0 1.0
1.0 147.0 244.0 1.0
1.0 244.0 115.0 1.0
1.0 115.0 108.0 1.0
1.0 108.0 107.0 1.0
1.0 107.0 771.0 1.0
1.0 771.0 135.0 1.0
1.0 135.0 134.0 1.0
1.0 134.0 214.0 1.0
1.0 214.0 112.0 1.0
1.0 112.0 119.0 1.0
1.0 119.0 210.0 1.0
1.0 210.0 127.0 1.0
1.0 127.0 245.0 1.0
1.0 245.0 472.0 1.0
1.0 472.0 1310.0 1.0
1.0 1310.0 215.0 1.0
1.0 118.0 104.0 1.0
1.0 104.0 117.0 1.0
1.0 117.0 77.0 1.0
1.0 101.0 119.0 1.0
1.0 489.0 209.0 1.0
1.0 76.0 131.0 1.0
1.0 98.0 86.0 1.0
1.0 123.0 113.0 1.0
1.0 113.0 226.0 1.0
1.0 226.0 82.0 1.0
1.0 82.0 111.0 1.0
1.0 111.0 64.0 1.0
1.0 64.0 94.0 1.0
1.0 94.0 121.0 1.0
1.0 121.0 137.0 1.0
1.0 172.0 221.0 1.0
1.0 221.0 119.0 1.0
1.0 119.0 112.0 1.0
1.0 112.0 90.0 1.0
1.0 90.0 88.0 1.0
1.0 88.0 121.0 1.0
1.0 178.0 150.0 1.0
1.0 150.0 120.0 1.0
1.0 120.0 291.0 1.0
1.0 189.0 177.0 1.0
1.0 177.0 202.0 1.0
1.0 202.0 219.0 1.0
1.0 219.0 39.0 1.0
1.0 48.0 68.0 1.0
1.0 65.0 199.0 1.0
1.0 199.0 288.0 1.0
1.0 288.0 142.0 1.0
1.0 142.0 148.0 1.0
1.0 148.0 170.0 1.0
1.0 220.0 100.0 1.0
1.0 100.0 63.0 1.0
1.0 63.0 36.0 1.0
1.0 36.0 54.0 1.0
1.0 54.0 60.0 1.0
1.0 60.0 47.0 1.0
1.0 47.0 66.0 1.0
1.0 66.0 107.0 1.0
1.0 104.0 89.0 1.0
1.0 86.0 68.0 1.0
1.0 67.0 71.0 1.0
1.0 24.0 15.0 1.0
1.0 15.0 59.0 1.0
1.0 70.0 133.0 1.0
1.0 133.0 84.0 1.0
1.0 84.0 142.0 1.0
1.0 142.0 220.0 1.0
1.0 103.0 197.0 1.0
2.0 160.0 50.0 1.0
1.0 65.0 49.0 1.0
1.0 49.0 68.0 1.0
1.0 68.0 122.0 1.0
1.0 122.0 152.0 1.0
1.0 152.0 62.0 1.0
1.0 78.0 137.0 1.0
1.0 144.0 91.0 1.0
1.0 91.0 92.0 1.0
1.0 145.0 154.0 1.0
1.0 197.0 118.0 0.0
1.0 118.0 195.0 0.0
1.0 195.0 127.0 0.0
1.0 127.0 144.0 0.0
1.0 414.0 435.0 0.0
1.0 435.0 262.0 0.0
1.0 262.0 111.0 0.0
1.0 175.0 212.0 0.0
63.0 279.0 103.0 0.0
1.0 338.0 139.0 0.0
1.0 146.0 224.0 0.0
1.0 218.0 169.0 0.0
1.0 498.0 90.0 0.0
1.0 90.0 83.0 0.0
1.0 83.0 107.0 0.0
1.0 107.0 165.0 0.0
1.0 165.0 102.0 0.0
1.0 221.0 87.0 0.0
1.0 136.0 139.0 0.0
1.0 126.0 86.0 0.0
2.0 87.0 45.0 0.0
1.0 44.0 78.0 0.0
1.0 314.0 392.0 0.0
1.0 392.0 161.0 0.0
1.0 161.0 370.0 0.0
1.0 40.0 86.0 0.0
61.0 316.0 80.0 0.0
47.0 66.0 111.0 0.0
1.0 256.0 239.0 0.0
29.0 82.0 34.0 0.0
67.0 72.0 116.0 0.0
1.0 61.0 60.0 0.0
28.0 94.0 229.0 0.0
16.0 217.0 302.0 0.0
140.0 151.0 210.0 0.0
1.0 135.0 200.0 0.0
1.0 143.0 165.0 0.0
1.0 283.0 49.0 0.0
1.0 49.0 94.0 0.0
1.0 86.0 106.0 0.0
1.0 119.0 143.0 0.0
1.0 143.0 88.0 0.0
1.0 88.0 151.0 0.0
1.0 151.0 151.0 0.0
1.0 96.0 104.0 0.0
1.0 104.0 44.0 0.0
44.0 46.0 253.0 0.0
1.0 218.0 145.0 0.0
1.0 97.0 95.0 0.0
1.0 83.0 69.0 0.0
1.0 69.0 110.0 0.0
1.0 87.0 153.0 0.0
1.0 497.0 525.0 0.0
1.0 256.0 314.0 0.0
1.0 232.0 159.0 0.0
1.0 65.0 231.0 0.0
1.0 231.0 114.0 0.0
1.0 114.0 261.0 0.0
2.0 262.0 94.0 0.0
1.0 187.0 203.0 0.0
1.0 203.0 104.0 0.0
1.0 104.0 150.0 0.0
1.0 150.0 60.0 0.0
1.0 60.0 72.0 0.0
1.0 50.0 73.0 0.0
1.0 73.0 34.0 0.0
1.0 2.0 9.0 0.0
1.0 59.0 87.0 0.0
1.0 28.0 58.0 0.0
1.0 86.0 105.0 0.0
1.0 64.0 143.0 0.0
1.0 143.0 56.0 0.0
1.0 56.0 74.0 0.0
1.0 108.0 66.0 0.0
1.0 66.0 52.0 0.0
1.0 52.0 69.0 0.0
1.0 69.0 101.0 0.0
1.0 112.0 49.0 0.0
1.0 49.0 83.0 0.0
1.0 83.0 98.0 0.0
1.0 98.0 57.0 0.0
1.0 57.0 77.0 0.0
1.0 77.0 61.0 0.0
1.0 61.0 79.0 0.0
1.0 79.0 69.0 0.0
1.0 69.0 67.0 0.0
1.0 35.0 55.0 0.0
1.0 55.0 185.0 0.0
1.0 208.0 1244.0 0.0
1.0 215.0 154.0 0.0
1.0 154.0 118.0 0.0
1.0 77.0 101.0 0.0
1.0 119.0 489.0 0.0
1.0 209.0 76.0 0.0
1.0 131.0 98.0 0.0
1.0 86.0 106.0 0.0
1.0 106.0 110.0 0.0
1.0 110.0 123.0 0.0
1.0 137.0 172.0 0.0
1.0 121.0 167.0 0.0
1.0 167.0 229.0 0.0
1.0 229.0 178.0 0.0
1.0 291.0 189.0 0.0
90.0 128.0 137.0 0.0
56.0 123.0 120.0 0.0
1.0 170.0 220.0 0.0
1.0 107.0 104.0 0.0
1.0 89.0 88.0 0.0
1.0 88.0 86.0 0.0
1.0 68.0 67.0 0.0
1.0 71.0 24.0 0.0
1.0 59.0 90.0 0.0
1.0 90.0 70.0 0.0
1.0 220.0 103.0 0.0
1.0 197.0 159.0 0.0
1.0 49.0 65.0 0.0
1.0 62.0 71.0 0.0
1.0 71.0 78.0 0.0
1.0 137.0 144.0 0.0
1.0 92.0 145.0 0.0
1.0 154.0 185.0 0.0
1.0 185.0 486.0 0.0
83.0 568.0 0.0 0.0
1.0 166.0 41.0 1.0
1.0 41.0 148.0 1.0
1.0 78.0 56.0 1.0
1.0 56.0 97.0 1.0
1.0 58.0 47.0 1.0
1.0 47.0 59.0 1.0
1.0 59.0 150.0 1.0
41.0 47.0 95.0 1.0
35.0 101.0 90.0 1.0
1.0 54.0 55.0 1.0
1.0 55.0 153.0 1.0
1.0 153.0 23.0 1.0
1.0 23.0 29.0 1.0
1.0 29.0 57.0 1.0
1.0 57.0 60.0 1.0
1.0 60.0 66.0 1.0
1.0 66.0 40.0 1.0
1.0 20.0 34.0 1.0
1.0 112.0 54.0 1.0
1.0 54.0 6.0 1.0
1.0 50.0 35.0 1.0
1.0 61.0 54.0 1.0
1.0 149.0 61.0 1.0
1.0 60.0 249.0 1.0
32.0 36.0 137.0 1.0
33.0 54.0 61.0 1.0
1.0 55.0 18.0 1.0
1.0 18.0 95.0 1.0
1.0 95.0 62.0 1.0
1.0 62.0 97.0 1.0
1.0 65.0 12.0 1.0
1.0 44.0 3.0 1.0
44.0 57.0 142.0 1.0
43.0 104.0 59.0 1.0
1.0 154.0 37.0 1.0
1.0 37.0 45.0 1.0
1.0 45.0 49.0 1.0
1.0 49.0 38.0 1.0
35.0 165.0 38.0 1.0
1.0 55.0 142.0 1.0
1.0 72.0 29.0 1.0
1.0 29.0 30.0 1.0
1.0 30.0 49.0 1.0
1.0 49.0 16.0 1.0
1.0 16.0 122.0 1.0
1.0 122.0 57.0 1.0
1.0 57.0 62.0 1.0
1.0 139.0 50.0 1.0
1.0 34.0 323.0 1.0
1.0 93.0 43.0 1.0
1.0 43.0 62.0 1.0
1.0 40.0 47.0 1.0
1.0 47.0 80.0 1.0
1.0 80.0 12.0 1.0
1.0 12.0 49.0 1.0
1.0 49.0 69.0 1.0
1.0 69.0 48.0 1.0
1.0 48.0 21.0 1.0
1.0 21.0 2.0 1.0
1.0 2.0 9.0 1.0
1.0 9.0 21.0 1.0
1.0 21.0 43.0 1.0
1.0 43.0 15.0 1.0
1.0 15.0 15.0 1.0
1.0 15.0 137.0 1.0
1.0 34.0 59.0 1.0
1.0 34.0 15.0 1.0
1.0 15.0 33.0 1.0
1.0 33.0 57.0 1.0
1.0 62.0 28.0 1.0
1.0 58.0 54.0 1.0
32.0 268.0 147.0 1.0
36.0 81.0 77.0 1.0
45.0 79.0 84.0 1.0
38.0 164.0 69.0 1.0
32.0 73.0 408.0 1.0
54.0 82.0 92.0 1.0
43.0 53.0 46.0 1.0
1.0 48.0 38.0 1.0
1.0 36.0 54.0 1.0
1.0 54.0 60.0 1.0
1.0 60.0 47.0 1.0
1.0 47.0 34.0 1.0
33.0 66.0 68.0 1.0
1.0 24.0 15.0 1.0
1.0 15.0 59.0 1.0
1.0 96.0 49.0 1.0
1.0 49.0 35.0 1.0
1.0 100.0 62.0 1.0
36.0 100.0 111.0 1.0
179.0 0.0 480.0 0.0
31.0 332.0 333.0 0.0
36.0 338.0 73.0 0.0
60.0 97.0 255.0 0.0
76.0 271.0 140.0 0.0
58.0 122.0 86.0 0.0
33.0 61.0 140.0 0.0
56.0 163.0 84.0 0.0
44.0 72.0 87.0 0.0
58.0 101.0 330.0 0.0
85.0 357.0 342.0 0.0
94.0 351.0 224.0 0.0
39.0 169.0 71.0 0.0
41.0 73.0 92.0 0.0
84.0 135.0 164.0 0.0
49.0 129.0 84.0 0.0
52.0 87.0 217.0 0.0
39.0 186.0 68.0 0.0
62.0 91.0 176.0 0.0
37.0 151.0 42.0 0.0
33.0 38.0 62.0 0.0
32.0 61.0 109.0 0.0
31.0 127.0 50.0 0.0
32.0 51.0 219.0 0.0
71.0 258.0 86.0 0.0
60.0 75.0 119.0 0.0
31.0 90.0 88.0 0.0
38.0 187.0 142.0 0.0
32.0 136.0 39.0 0.0
34.0 41.0 279.0 0.0
60.0 305.0 109.0 0.0
31.0 80.0 249.0 0.0
58.0 276.0 115.0 0.0
43.0 100.0 108.0 0.0
39.0 104.0 156.0 0.0
69.0 186.0 235.0 0.0
51.0 217.0 171.0 0.0
48.0 168.0 134.0 0.0
36.0 122.0 106.0 0.0
72.0 142.0 222.0 0.0
77.0 227.0 694.0 0.0
95.0 712.0 467.0 0.0
32.0 404.0 55.0 0.0
36.0 59.0 43.0 0.0
41.0 48.0 57.0 0.0
51.0 67.0 130.0 0.0
36.0 115.0 71.0 0.0
32.0 67.0 185.0 0.0
37.0 190.0 47.0 0.0
41.0 51.0 74.0 0.0
50.0 83.0 92.0 0.0
45.0 87.0 103.0 0.0
37.0 95.0 43.0 0.0
32.0 86.0 86.0 0.0
1.0 55.0 44.0 0.0
1.0 44.0 47.0 0.0
32.0 78.0 186.0 0.0
31.0 185.0 234.0 0.0
58.0 261.0 102.0 0.0
92.0 136.0 307.0 0.0
50.0 265.0 585.0 0.0
64.0 599.0 405.0 0.0
106.0 447.0 225.0 0.0
59.0 178.0 218.0 0.0
97.0 256.0 319.0 0.0
74.0 296.0 103.0 0.0
59.0 88.0 339.0 0.0
32.0 312.0 218.0 0.0
32.0 218.0 179.0 0.0
120.0 267.0 244.0 0.0
52.0 176.0 105.0 0.0
38.0 91.0 210.0 0.0
44.0 216.0 52.0 0.0
42.0 50.0 53.0 0.0
33.0 44.0 76.0 0.0
61.0 104.0 127.0 0.0
45.0 100.0 130.0 0.0
43.0 128.0 68.0 0.0
33.0 58.0 185.0 0.0
77.0 229.0 133.0 0.0
34.0 90.0 98.0 0.0
1.0 65.0 54.0 0.0
1.0 40.0 55.0 0.0
32.0 86.0 256.0 0.0
1.0 225.0 20.0 0.0
32.0 65.0 103.0 0.0
54.0 125.0 309.0 0.0
40.0 295.0 67.0 0.0
35.0 62.0 83.0 0.0
55.0 103.0 209.0 0.0
48.0 202.0 200.0 0.0
40.0 192.0 103.0 0.0
35.0 98.0 346.0 0.0
64.0 375.0 120.0 0.0
49.0 105.0 72.0 0.0
31.0 54.0 142.0 0.0
1.0 6.0 50.0 0.0
35.0 69.0 69.0 0.0
36.0 70.0 92.0 0.0
1.0 57.0 61.0 0.0
45.0 98.0 76.0 0.0
42.0 73.0 58.0 0.0
54.0 70.0 217.0 0.0
44.0 207.0 115.0 0.0
71.0 142.0 155.0 0.0
40.0 124.0 83.0 0.0
57.0 100.0 118.0 0.0
87.0 148.0 153.0 0.0
58.0 124.0 172.0 0.0
33.0 147.0 59.0 0.0
59.0 85.0 207.0 0.0
1.0 61.0 60.0 0.0
32.0 280.0 46.0 0.0
33.0 47.0 322.0 0.0
34.0 323.0 49.0 0.0
49.0 64.0 107.0 0.0
77.0 135.0 130.0 0.0
55.0 108.0 94.0 0.0
53.0 92.0 252.0 0.0
37.0 236.0 50.0 0.0
36.0 49.0 216.0 0.0
32.0 212.0 36.0 0.0
66.0 171.0 237.0 0.0
51.0 222.0 72.0 0.0
38.0 66.0 53.0 0.0
40.0 55.0 94.0 0.0
32.0 128.0 95.0 0.0
40.0 103.0 56.0 0.0
37.0 53.0 101.0 0.0
1.0 12.0 37.0 0.0
35.0 71.0 72.0 0.0
50.0 87.0 71.0 0.0
47.0 68.0 64.0 0.0
37.0 54.0 66.0 0.0
54.0 83.0 202.0 0.0
56.0 204.0 133.0 0.0
49.0 126.0 177.0 0.0
34.0 162.0 90.0 0.0
46.0 102.0 139.0 0.0
62.0 155.0 89.0 0.0
55.0 82.0 128.0 0.0
38.0 111.0 178.0 0.0
61.0 201.0 283.0 0.0
1.0 223.0 49.0 0.0
1.0 49.0 57.0 0.0
38.0 94.0 50.0 0.0
40.0 52.0 48.0 0.0
32.0 40.0 59.0 0.0
47.0 74.0 79.0 0.0
31.0 63.0 51.0 0.0
36.0 56.0 66.0 0.0
41.0 71.0 132.0 0.0
35.0 126.0 77.0 0.0
43.0 85.0 100.0 0.0
44.0 101.0 45.0 0.0
44.0 45.0 85.0 0.0
67.0 108.0 95.0 0.0
57.0 85.0 206.0 0.0
42.0 191.0 49.0 0.0
48.0 55.0 104.0 0.0
1.0 57.0 44.0 0.0
1.0 3.0 158.0 0.0
53.0 210.0 119.0 0.0
91.0 157.0 184.0 0.0
35.0 128.0 115.0 0.0
31.0 111.0 73.0 0.0
49.0 91.0 65.0 0.0
33.0 49.0 65.0 0.0
31.0 63.0 50.0 0.0
33.0 52.0 38.0 0.0
32.0 37.0 54.0 0.0
31.0 53.0 53.0 0.0
31.0 53.0 36.0 0.0
34.0 39.0 72.0 0.0
39.0 77.0 43.0 0.0
35.0 39.0 47.0 0.0
47.0 59.0 60.0 0.0
58.0 156.0 112.0 0.0
75.0 129.0 136.0 0.0
33.0 49.0 63.0 0.0
41.0 71.0 49.0 0.0
39.0 47.0 89.0 0.0
65.0 115.0 141.0 0.0
70.0 146.0 146.0 0.0
40.0 116.0 193.0 0.0
1.0 37.0 99.0 0.0
1.0 99.0 37.0 0.0
33.0 70.0 121.0 0.0
36.0 124.0 79.0 0.0
50.0 93.0 447.0 0.0
51.0 448.0 430.0 0.0
96.0 475.0 226.0 0.0
44.0 174.0 99.0 0.0
40.0 95.0 158.0 0.0
99.0 217.0 264.0 0.0
51.0 216.0 83.0 0.0
56.0 88.0 370.0 0.0
47.0 361.0 303.0 0.0
50.0 306.0 93.0 0.0
58.0 101.0 89.0 0.0
46.0 77.0 167.0 0.0
34.0 155.0 136.0 0.0
46.0 148.0 318.0 0.0
36.0 308.0 121.0 0.0
58.0 143.0 195.0 0.0
38.0 175.0 100.0 0.0
60.0 122.0 190.0 0.0
35.0 38.0 221.0 0.0
31.0 217.0 34.0 0.0
32.0 35.0 180.0 0.0
52.0 200.0 61.0 0.0
54.0 63.0 226.0 0.0
36.0 208.0 93.0 0.0
1.0 58.0 55.0 0.0
46.0 187.0 173.0 0.0
31.0 158.0 70.0 0.0
35.0 74.0 150.0 0.0
1.0 116.0 60.0 0.0
1.0 60.0 72.0 0.0
31.0 92.0 169.0 0.0
1.0 50.0 73.0 0.0
1.0 73.0 34.0 0.0
33.0 355.0 45.0 0.0
38.0 50.0 531.0 0.0
75.0 568.0 141.0 0.0
97.0 163.0 195.0 0.0
47.0 145.0 92.0 0.0
33.0 78.0 55.0 0.0
36.0 58.0 73.0 0.0
33.0 70.0 46.0 0.0
35.0 48.0 127.0 0.0
32.0 93.0 50.0 0.0
31.0 49.0 70.0 0.0
1.0 21.0 21.0 0.0
41.0 177.0 77.0 0.0
34.0 70.0 67.0 0.0
1.0 59.0 56.0 0.0
32.0 87.0 65.0 0.0
47.0 103.0 98.0 0.0
1.0 52.0 62.0 0.0
1.0 28.0 58.0 0.0
31.0 84.0 32.0 0.0
32.0 33.0 149.0 0.0
42.0 159.0 47.0 0.0
40.0 45.0 75.0 0.0
31.0 66.0 33.0 0.0
32.0 34.0 143.0 0.0
1.0 112.0 56.0 0.0
1.0 56.0 41.0 0.0
34.0 74.0 49.0 0.0
47.0 62.0 77.0 0.0
32.0 62.0 66.0 0.0
1.0 35.0 52.0 0.0
1.0 52.0 39.0 0.0
31.0 69.0 68.0 0.0
34.0 71.0 37.0 0.0
37.0 40.0 112.0 0.0
1.0 76.0 49.0 0.0
1.0 49.0 44.0 0.0
40.0 83.0 98.0 0.0
1.0 59.0 57.0 0.0
1.0 57.0 77.0 0.0
1.0 77.0 61.0 0.0
1.0 61.0 48.0 0.0
32.0 79.0 37.0 0.0
33.0 38.0 67.0 0.0
1.0 35.0 35.0 0.0
1.0 35.0 55.0 0.0
1.0 55.0 145.0 0.0
41.0 185.0 99.0 0.0
47.0 105.0 419.0 0.0
57.0 429.0 255.0 0.0
104.0 302.0 230.0 0.0
52.0 178.0 73.0 0.0
34.0 55.0 145.0 0.0
60.0 171.0 158.0 0.0
31.0 129.0 165.0 0.0
36.0 170.0 272.0 0.0
62.0 177.0 1203.0 0.0
42.0 1183.0 261.0 0.0
91.0 310.0 168.0 0.0
54.0 131.0 93.0 0.0
55.0 94.0 210.0 0.0
35.0 190.0 80.0 0.0
32.0 73.0 60.0 0.0
48.0 76.0 715.0 0.0
57.0 724.0 91.0 0.0
51.0 90.0 177.0 0.0
44.0 75.0 60.0 0.0
60.0 76.0 160.0 0.0
51.0 151.0 80.0 0.0
48.0 77.0 206.0 0.0
40.0 198.0 296.0 0.0
177.0 433.0 1233.0 0.0
78.0 1134.0 178.0 0.0
38.0 138.0 108.0 0.0
47.0 117.0 67.0 0.0
52.0 72.0 73.0 0.0
32.0 53.0 85.0 0.0
33.0 86.0 44.0 0.0
34.0 45.0 55.0 0.0
47.0 68.0 88.0 0.0
82.0 458.0 178.0 0.0
32.0 128.0 39.0 0.0
38.0 45.0 92.0 0.0
40.0 94.0 56.0 0.0
43.0 59.0 52.0 0.0
35.0 44.0 66.0 0.0
41.0 72.0 78.0 0.0
33.0 70.0 76.0 0.0
48.0 91.0 69.0 0.0
45.0 66.0 196.0 0.0
31.0 182.0 47.0 0.0
36.0 52.0 81.0 0.0
31.0 76.0 33.0 0.0
32.0 34.0 55.0 0.0
40.0 63.0 68.0 0.0
46.0 84.0 113.0 0.0
60.0 127.0 180.0 0.0
42.0 162.0 71.0 0.0
49.0 78.0 75.0 0.0
38.0 64.0 48.0 0.0
43.0 46.0 85.0 0.0
37.0 79.0 91.0 0.0
77.0 131.0 142.0 0.0
88.0 153.0 114.0 0.0
65.0 91.0 96.0 0.0
55.0 86.0 65.0 0.0
56.0 66.0 230.0 0.0
62.0 236.0 150.0 0.0
40.0 128.0 147.0 0.0
31.0 138.0 120.0 0.0
83.0 172.0 219.0 0.0
1.0 137.0 39.0 0.0
1.0 39.0 48.0 0.0
31.0 68.0 35.0 0.0
31.0 35.0 100.0 0.0
100.0 169.0 236.0 0.0
53.0 189.0 72.0 0.0
71.0 90.0 118.0 0.0
31.0 78.0 119.0 0.0
52.0 140.0 190.0 0.0
31.0 169.0 69.0 0.0
32.0 70.0 63.0 0.0
1.0 32.0 36.0 0.0
40.0 75.0 73.0 0.0
32.0 65.0 56.0 0.0
34.0 58.0 50.0 0.0
39.0 55.0 55.0 0.0
32.0 48.0 35.0 0.0
34.0 37.0 34.0 0.0
34.0 34.0 71.0 0.0
1.0 38.0 24.0 0.0
1.0 59.0 60.0 0.0
31.0 90.0 39.0 0.0
32.0 40.0 92.0 0.0
42.0 102.0 50.0 0.0
35.0 43.0 107.0 0.0
36.0 108.0 189.0 0.0
32.0 185.0 66.0 0.0
38.0 72.0 134.0 0.0
64.0 160.0 159.0 0.0
1.0 49.0 65.0 0.0
1.0 65.0 49.0 0.0
34.0 68.0 70.0 0.0
53.0 89.0 152.0 0.0
1.0 62.0 39.0 0.0
33.0 71.0 41.0 0.0
38.0 46.0 102.0 0.0
34.0 109.0 57.0 0.0
35.0 58.0 50.0 0.0
43.0 58.0 111.0 0.0
35.0 103.0 87.0 0.0
68.0 120.0 119.0 0.0
67.0 118.0 441.0 0.0
46.0 420.0 0.0 0.0
99.0 108.0 120.0 1.0
146.0 195.0 240.0 1.0
68.0 81.0 87.0 1.0
65.0 81.0 68.0 1.0
410.0 0.0 559.0 0.0
208.0 357.0 432.0 0.0
121.0 345.0 178.0 0.0
124.0 181.0 326.0 0.0
116.0 318.0 141.0 0.0
148.0 173.0 178.0 0.0
126.0 156.0 158.0 0.0
101.0 133.0 138.0 0.0
110.0 147.0 170.0 0.0
149.0 209.0 402.0 0.0
85.0 338.0 265.0 0.0
260.0 440.0 395.0 0.0
137.0 272.0 156.0 0.0
109.0 128.0 140.0 0.0
160.0 191.0 187.0 0.0
136.0 163.0 167.0 0.0
124.0 155.0 177.0 0.0
105.0 158.0 145.0 0.0
35.0 75.0 147.0 0.0
101.0 213.0 129.0 0.0
130.0 158.0 219.0 0.0
66.0 155.0 76.0 0.0
61.0 71.0 89.0 0.0
85.0 113.0 108.0 0.0
36.0 59.0 91.0 0.0
50.0 105.0 94.0 0.0
71.0 115.0 83.0 0.0
83.0 95.0 212.0 0.0
143.0 272.0 186.0 0.0
105.0 148.0 180.0 0.0
76.0 151.0 87.0 0.0
38.0 49.0 84.0 0.0
1.0 47.0 59.0 0.0
39.0 97.0 129.0 0.0
101.0 191.0 150.0 0.0
114.0 163.0 120.0 0.0
147.0 153.0 239.0 0.0
199.0 291.0 234.0 0.0
85.0 120.0 244.0 0.0
143.0 302.0 206.0 0.0
118.0 181.0 164.0 0.0
105.0 151.0 204.0 0.0
98.0 197.0 299.0 0.0
87.0 288.0 191.0 0.0
122.0 226.0 156.0 0.0
153.0 187.0 215.0 0.0
141.0 203.0 261.0 0.0
220.0 340.0 793.0 0.0
251.0 824.0 478.0 0.0
127.0 354.0 151.0 0.0
72.0 96.0 83.0 0.0
74.0 85.0 89.0 0.0
90.0 105.0 135.0 0.0
125.0 170.0 151.0 0.0
61.0 87.0 211.0 0.0
73.0 223.0 97.0 0.0
79.0 103.0 118.0 0.0
96.0 135.0 115.0 0.0
100.0 119.0 157.0 0.0
79.0 136.0 89.0 0.0
96.0 106.0 111.0 0.0
84.0 99.0 96.0 0.0
38.0 50.0 81.0 0.0
33.0 76.0 45.0 0.0
68.0 80.0 141.0 0.0
162.0 235.0 293.0 0.0
148.0 279.0 206.0 0.0
213.0 271.0 342.0 0.0
139.0 268.0 618.0 0.0
228.0 707.0 475.0 0.0
218.0 465.0 401.0 0.0
177.0 360.0 314.0 0.0
214.0 351.0 278.0 0.0
228.0 292.0 285.0 0.0
145.0 202.0 331.0 0.0
138.0 324.0 296.0 0.0
168.0 326.0 290.0 0.0
162.0 284.0 290.0 0.0
111.0 239.0 131.0 0.0
111.0 131.0 261.0 0.0
84.0 234.0 114.0 0.0
67.0 97.0 76.0 0.0
84.0 93.0 128.0 0.0
95.0 139.0 152.0 0.0
117.0 174.0 140.0 0.0
88.0 111.0 191.0 0.0
80.0 183.0 101.0 0.0
82.0 103.0 240.0 0.0
84.0 242.0 138.0 0.0
127.0 181.0 133.0 0.0
46.0 52.0 99.0 0.0
1.0 54.0 55.0 0.0
35.0 89.0 116.0 0.0
38.0 119.0 60.0 0.0
1.0 23.0 29.0 0.0
1.0 29.0 57.0 0.0
1.0 57.0 60.0 0.0
34.0 93.0 35.0 0.0
32.0 33.0 71.0 0.0
40.0 79.0 47.0 0.0
123.0 130.0 224.0 0.0
72.0 173.0 91.0 0.0
33.0 52.0 35.0 0.0
81.0 83.0 113.0 0.0
132.0 164.0 333.0 0.0
126.0 327.0 149.0 0.0
86.0 109.0 141.0 0.0
119.0 174.0 168.0 0.0
203.0 252.0 308.0 0.0
90.0 195.0 148.0 0.0
224.0 282.0 303.0 0.0
184.0 263.0 257.0 0.0
96.0 169.0 120.0 0.0
113.0 137.0 142.0 0.0
44.0 73.0 97.0 0.0
1.0 54.0 6.0 0.0
1.0 6.0 50.0 0.0
32.0 81.0 36.0 0.0
75.0 79.0 95.0 0.0
87.0 107.0 100.0 0.0
35.0 48.0 95.0 0.0
42.0 102.0 62.0 0.0
73.0 93.0 115.0 0.0
73.0 115.0 109.0 0.0
159.0 195.0 266.0 0.0
68.0 175.0 153.0 0.0
114.0 199.0 195.0 0.0
125.0 206.0 167.0 0.0
121.0 163.0 153.0 0.0
162.0 194.0 247.0 0.0
119.0 204.0 197.0 0.0
94.0 172.0 126.0 0.0
153.0 185.0 205.0 0.0
52.0 104.0 112.0 0.0
1.0 61.0 60.0 0.0
140.0 199.0 180.0 0.0
132.0 172.0 145.0 0.0
197.0 210.0 253.0 0.0
172.0 228.0 187.0 0.0
106.0 121.0 161.0 0.0
127.0 182.0 168.0 0.0
114.0 155.0 182.0 0.0
132.0 200.0 212.0 0.0
157.0 237.0 167.0 0.0
113.0 123.0 227.0 0.0
93.0 207.0 95.0 0.0
64.0 66.0 186.0 0.0
85.0 207.0 253.0 0.0
129.0 297.0 156.0 0.0
63.0 90.0 83.0 0.0
93.0 113.0 95.0 0.0
89.0 91.0 95.0 0.0
43.0 49.0 60.0 0.0
45.0 62.0 62.0 0.0
64.0 81.0 64.0 0.0
62.0 62.0 124.0 0.0
79.0 141.0 113.0 0.0
98.0 132.0 114.0 0.0
72.0 88.0 96.0 0.0
40.0 64.0 51.0 0.0
31.0 42.0 36.0 0.0
81.0 86.0 126.0 0.0
70.0 115.0 96.0 0.0
96.0 122.0 116.0 0.0
84.0 104.0 97.0 0.0
162.0 175.0 189.0 0.0
185.0 212.0 275.0 0.0
79.0 169.0 152.0 0.0
131.0 204.0 169.0 0.0
145.0 183.0 178.0 0.0
108.0 141.0 150.0 0.0
105.0 147.0 165.0 0.0
189.0 249.0 229.0 0.0
177.0 217.0 290.0 0.0
73.0 186.0 121.0 0.0
40.0 88.0 63.0 0.0
74.0 97.0 84.0 0.0
76.0 86.0 81.0 0.0
83.0 88.0 92.0 0.0
76.0 97.0 91.0 0.0
85.0 100.0 97.0 0.0
103.0 115.0 173.0 0.0
85.0 155.0 93.0 0.0
93.0 101.0 149.0 0.0
90.0 146.0 110.0 0.0
91.0 111.0 129.0 0.0
86.0 124.0 135.0 0.0
124.0 218.0 137.0 0.0
53.0 72.0 96.0 0.0
1.0 44.0 3.0 0.0
57.0 59.0 109.0 0.0
174.0 226.0 263.0 0.0
147.0 236.0 205.0 0.0
132.0 190.0 168.0 0.0
91.0 127.0 113.0 0.0
82.0 104.0 94.0 0.0
89.0 101.0 106.0 0.0
72.0 89.0 84.0 0.0
69.0 81.0 70.0 0.0
65.0 66.0 84.0 0.0
70.0 89.0 86.0 0.0
79.0 82.0 97.0 0.0
77.0 95.0 84.0 0.0
78.0 85.0 86.0 0.0
95.0 103.0 104.0 0.0
83.0 92.0 166.0 0.0
166.0 249.0 209.0 0.0
90.0 133.0 197.0 0.0
71.0 178.0 84.0 0.0
75.0 88.0 106.0 0.0
72.0 103.0 95.0 0.0
69.0 92.0 137.0 0.0
141.0 209.0 209.0 0.0
134.0 202.0 194.0 0.0
136.0 196.0 176.0 0.0
57.0 97.0 93.0 0.0
40.0 76.0 69.0 0.0
31.0 60.0 67.0 0.0
1.0 37.0 45.0 0.0
1.0 45.0 49.0 0.0
36.0 84.0 37.0 0.0
72.0 73.0 125.0 0.0
117.0 170.0 132.0 0.0
204.0 219.0 420.0 0.0
333.0 549.0 444.0 0.0
286.0 397.0 455.0 0.0
67.0 236.0 128.0 0.0
102.0 163.0 266.0 0.0
168.0 332.0 231.0 0.0
167.0 230.0 186.0 0.0
263.0 282.0 286.0 0.0
352.0 375.0 436.0 0.0
186.0 270.0 196.0 0.0
133.0 143.0 138.0 0.0
152.0 157.0 177.0 0.0
153.0 178.0 218.0 0.0
158.0 223.0 339.0 0.0
144.0 325.0 201.0 0.0
100.0 157.0 209.0 0.0
117.0 226.0 162.0 0.0
97.0 142.0 218.0 0.0
99.0 220.0 107.0 0.0
120.0 128.0 216.0 0.0
99.0 195.0 101.0 0.0
129.0 131.0 211.0 0.0
86.0 168.0 125.0 0.0
160.0 199.0 248.0 0.0
88.0 176.0 111.0 0.0
35.0 58.0 89.0 0.0
45.0 99.0 127.0 0.0
131.0 213.0 228.0 0.0
70.0 167.0 91.0 0.0
95.0 116.0 140.0 0.0
59.0 104.0 118.0 0.0
32.0 91.0 40.0 0.0
33.0 41.0 61.0 0.0
1.0 29.0 30.0 0.0
1.0 30.0 49.0 0.0
1.0 49.0 16.0 0.0
33.0 48.0 79.0 0.0
44.0 90.0 100.0 0.0
42.0 98.0 52.0 0.0
94.0 104.0 170.0 0.0
40.0 116.0 89.0 0.0
35.0 84.0 40.0 0.0
34.0 39.0 67.0 0.0
167.0 200.0 284.0 0.0
103.0 220.0 119.0 0.0
168.0 184.0 603.0 0.0
85.0 520.0 180.0 0.0
164.0 259.0 246.0 0.0
119.0 201.0 173.0 0.0
79.0 133.0 89.0 0.0
80.0 90.0 100.0 0.0
86.0 106.0 86.0 0.0
98.0 98.0 127.0 0.0
40.0 69.0 82.0 0.0
34.0 76.0 53.0 0.0
71.0 90.0 83.0 0.0
73.0 85.0 76.0 0.0
32.0 35.0 78.0 0.0
32.0 78.0 42.0 0.0
39.0 49.0 50.0 0.0
1.0 12.0 49.0 0.0
31.0 79.0 37.0 0.0
33.0 39.0 80.0 0.0
1.0 48.0 21.0 0.0
1.0 21.0 2.0 0.0
1.0 2.0 9.0 0.0
1.0 9.0 21.0 0.0
1.0 21.0 21.0 0.0
1.0 21.0 43.0 0.0
1.0 43.0 15.0 0.0
1.0 15.0 15.0 0.0
70.0 84.0 122.0 0.0
100.0 152.0 128.0 0.0
68.0 96.0 72.0 0.0
33.0 37.0 91.0 0.0
31.0 89.0 52.0 0.0
68.0 89.0 68.0 0.0
33.0 33.0 47.0 0.0
1.0 15.0 33.0 0.0
49.0 81.0 67.0 0.0
74.0 92.0 88.0 0.0
77.0 91.0 77.0 0.0
32.0 32.0 59.0 0.0
1.0 28.0 58.0 0.0
32.0 89.0 54.0 0.0
61.0 83.0 62.0 0.0
112.0 113.0 126.0 0.0
133.0 147.0 148.0 0.0
83.0 98.0 98.0 0.0
158.0 173.0 214.0 0.0
34.0 90.0 89.0 0.0
33.0 88.0 38.0 0.0
78.0 83.0 88.0 0.0
85.0 95.0 109.0 0.0
75.0 99.0 78.0 0.0
31.0 34.0 82.0 0.0
33.0 84.0 37.0 0.0
77.0 81.0 94.0 0.0
74.0 91.0 76.0 0.0
73.0 75.0 116.0 0.0
33.0 76.0 81.0 0.0
38.0 86.0 42.0 0.0
86.0 90.0 96.0 0.0
44.0 54.0 100.0 0.0
33.0 89.0 43.0 0.0
35.0 45.0 95.0 0.0
37.0 97.0 43.0 0.0
71.0 77.0 74.0 0.0
63.0 66.0 68.0 0.0
31.0 36.0 65.0 0.0
1.0 35.0 55.0 0.0
50.0 104.0 142.0 0.0
107.0 199.0 128.0 0.0
107.0 128.0 420.0 0.0
168.0 481.0 347.0 0.0
209.0 388.0 377.0 0.0
69.0 237.0 86.0 0.0
103.0 120.0 171.0 0.0
131.0 199.0 182.0 0.0
143.0 194.0 234.0 0.0
134.0 225.0 222.0 0.0
237.0 325.0 277.0 0.0
108.0 148.0 1156.0 0.0
263.0 1311.0 399.0 0.0
209.0 345.0 235.0 0.0
138.0 164.0 181.0 0.0
90.0 133.0 270.0 0.0
72.0 252.0 114.0 0.0
85.0 127.0 103.0 0.0
85.0 103.0 96.0 0.0
248.0 259.0 760.0 0.0
118.0 630.0 148.0 0.0
110.0 140.0 141.0 0.0
75.0 106.0 194.0 0.0
116.0 235.0 140.0 0.0
79.0 103.0 114.0 0.0
115.0 150.0 210.0 0.0
96.0 191.0 105.0 0.0
171.0 180.0 242.0 0.0
215.0 286.0 330.0 0.0
445.0 560.0 1308.0 0.0
285.0 1148.0 377.0 0.0
122.0 214.0 137.0 0.0
93.0 108.0 132.0 0.0
84.0 123.0 114.0 0.0
70.0 100.0 107.0 0.0
84.0 121.0 93.0 0.0
67.0 76.0 89.0 0.0
80.0 102.0 122.0 0.0
141.0 183.0 487.0 0.0
127.0 473.0 176.0 0.0
107.0 156.0 117.0 0.0
84.0 94.0 118.0 0.0
81.0 115.0 100.0 0.0
80.0 99.0 94.0 0.0
74.0 88.0 94.0 0.0
84.0 104.0 106.0 0.0
105.0 127.0 137.0 0.0
97.0 129.0 113.0 0.0
105.0 121.0 198.0 0.0
110.0 203.0 110.0 0.0
82.0 82.0 99.0 0.0
85.0 102.0 86.0 0.0
65.0 66.0 83.0 0.0
76.0 94.0 132.0 0.0
79.0 135.0 104.0 0.0
143.0 168.0 182.0 0.0
136.0 175.0 182.0 0.0
152.0 198.0 171.0 0.0
74.0 93.0 117.0 0.0
70.0 113.0 89.0 0.0
70.0 89.0 86.0 0.0
75.0 91.0 103.0 0.0
122.0 150.0 143.0 0.0
178.0 199.0 201.0 0.0
173.0 196.0 202.0 0.0
150.0 179.0 159.0 0.0
130.0 139.0 143.0 0.0
97.0 110.0 211.0 0.0
221.0 335.0 238.0 0.0
118.0 135.0 172.0 0.0
135.0 189.0 246.0 0.0
136.0 247.0 231.0 0.0
33.0 128.0 71.0 0.0
1.0 39.0 48.0 0.0
33.0 80.0 36.0 0.0
64.0 67.0 65.0 0.0
119.0 120.0 184.0 0.0
154.0 219.0 192.0 0.0
195.0 233.0 222.0 0.0
113.0 140.0 170.0 0.0
119.0 176.0 180.0 0.0
90.0 151.0 206.0 0.0
80.0 196.0 111.0 0.0
66.0 97.0 67.0 0.0
31.0 32.0 66.0 0.0
1.0 36.0 54.0 0.0
1.0 54.0 60.0 0.0
1.0 60.0 47.0 0.0
32.0 78.0 35.0 0.0
64.0 67.0 104.0 0.0
87.0 127.0 95.0 0.0
86.0 94.0 90.0 0.0
74.0 78.0 99.0 0.0
74.0 99.0 87.0 0.0
64.0 77.0 65.0 0.0
65.0 66.0 70.0 0.0
61.0 66.0 71.0 0.0
31.0 41.0 54.0 0.0
1.0 24.0 15.0 0.0
1.0 15.0 59.0 0.0
46.0 104.0 59.0 0.0
64.0 77.0 71.0 0.0
65.0 72.0 131.0 0.0
73.0 139.0 82.0 0.0
71.0 80.0 146.0 0.0
138.0 213.0 205.0 0.0
94.0 161.0 112.0 0.0
90.0 108.0 178.0 0.0
108.0 196.0 142.0 0.0
73.0 107.0 121.0 0.0
31.0 79.0 35.0 0.0
31.0 35.0 79.0 0.0
33.0 81.0 37.0 0.0
84.0 88.0 101.0 0.0
115.0 132.0 164.0 0.0
71.0 120.0 72.0 0.0
65.0 66.0 71.0 0.0
69.0 75.0 78.0 0.0
73.0 82.0 124.0 0.0
84.0 135.0 139.0 0.0
82.0 137.0 109.0 0.0
77.0 104.0 86.0 0.0
90.0 99.0 121.0 0.0
128.0 159.0 140.0 0.0
133.0 145.0 218.0 0.0
99.0 184.0 325.0 0.0
279.0 505.0 0.0 0.0
115.0 179.0 143.0 1.0
65.0 93.0 172.0 1.0
63.0 71.0 90.0 1.0
93.0 120.0 125.0 1.0
85.0 127.0 142.0 1.0
87.0 144.0 88.0 1.0
87.0 88.0 128.0 1.0
133.0 174.0 161.0 1.0
113.0 141.0 262.0 1.0
95.0 102.0 151.0 1.0
61.0 83.0 66.0 1.0
357.0 0.0 658.0 0.0
61.0 362.0 363.0 0.0
71.0 373.0 108.0 0.0
119.0 156.0 314.0 0.0
151.0 346.0 215.0 0.0
111.0 218.0 139.0 0.0
87.0 115.0 130.0 0.0
115.0 158.0 387.0 0.0
169.0 441.0 426.0 0.0
187.0 444.0 317.0 0.0
77.0 207.0 109.0 0.0
81.0 113.0 132.0 0.0
167.0 218.0 247.0 0.0
97.0 177.0 132.0 0.0
103.0 138.0 268.0 0.0
1.0 166.0 41.0 0.0
1.0 41.0 148.0 0.0
77.0 224.0 106.0 0.0
123.0 152.0 237.0 0.0
73.0 187.0 78.0 0.0
65.0 70.0 94.0 0.0
63.0 92.0 140.0 0.0
1.0 78.0 56.0 0.0
1.0 56.0 97.0 0.0
61.0 157.0 80.0 0.0
63.0 82.0 250.0 0.0
141.0 328.0 156.0 0.0
119.0 134.0 178.0 0.0
61.0 120.0 118.0 0.0
1.0 58.0 47.0 0.0
1.0 47.0 59.0 0.0
1.0 59.0 150.0 0.0
75.0 224.0 179.0 0.0
63.0 167.0 70.0 0.0
67.0 74.0 312.0 0.0
119.0 364.0 168.0 0.0
61.0 110.0 279.0 0.0
115.0 333.0 172.0 0.0
85.0 142.0 150.0 0.0
77.0 142.0 194.0 0.0
137.0 254.0 303.0 0.0
101.0 267.0 221.0 0.0
95.0 215.0 181.0 0.0
71.0 157.0 141.0 0.0
143.0 213.0 293.0 0.0
153.0 303.0 770.0 0.0
189.0 806.0 561.0 0.0
63.0 435.0 86.0 0.0
71.0 94.0 78.0 0.0
81.0 88.0 97.0 0.0
101.0 117.0 180.0 0.0
71.0 150.0 106.0 0.0
63.0 98.0 216.0 0.0
73.0 226.0 83.0 0.0
81.0 91.0 114.0 0.0
99.0 132.0 141.0 0.0
89.0 131.0 147.0 0.0
73.0 131.0 79.0 0.0
81.0 87.0 135.0 0.0
63.0 117.0 117.0 0.0
1.0 55.0 44.0 0.0
1.0 44.0 47.0 0.0
63.0 109.0 217.0 0.0
61.0 215.0 264.0 0.0
115.0 318.0 159.0 0.0
183.0 227.0 398.0 0.0
99.0 314.0 634.0 0.0
127.0 662.0 468.0 0.0
211.0 552.0 330.0 0.0
117.0 236.0 276.0 0.0
193.0 352.0 415.0 0.0
147.0 369.0 176.0 0.0
117.0 146.0 397.0 0.0
63.0 343.0 249.0 0.0
63.0 249.0 210.0 0.0
239.0 386.0 363.0 0.0
103.0 227.0 156.0 0.0
75.0 128.0 247.0 0.0
87.0 259.0 95.0 0.0
83.0 91.0 94.0 0.0
65.0 76.0 108.0 0.0
121.0 164.0 187.0 0.0
69.0 135.0 124.0 0.0
89.0 144.0 174.0 0.0
85.0 170.0 110.0 0.0
65.0 90.0 217.0 0.0
153.0 305.0 209.0 0.0
67.0 123.0 131.0 0.0
1.0 65.0 54.0 0.0
1.0 54.0 55.0 0.0
1.0 55.0 153.0 0.0
1.0 153.0 23.0 0.0
1.0 23.0 29.0 0.0
1.0 29.0 57.0 0.0
1.0 57.0 60.0 0.0
1.0 60.0 66.0 0.0
1.0 66.0 40.0 0.0
1.0 40.0 55.0 0.0
63.0 117.0 287.0 0.0
1.0 225.0 20.0 0.0
1.0 20.0 34.0 0.0
63.0 96.0 134.0 0.0
107.0 178.0 362.0 0.0
79.0 334.0 106.0 0.0
69.0 96.0 117.0 0.0
109.0 157.0 263.0 0.0
95.0 249.0 247.0 0.0
79.0 231.0 142.0 0.0
69.0 132.0 380.0 0.0
127.0 438.0 183.0 0.0
97.0 153.0 120.0 0.0
61.0 84.0 172.0 0.0
1.0 112.0 54.0 0.0
1.0 54.0 6.0 0.0
1.0 6.0 50.0 0.0
1.0 50.0 35.0 0.0
69.0 103.0 103.0 0.0
71.0 105.0 127.0 0.0
1.0 57.0 61.0 0.0
1.0 61.0 54.0 0.0
89.0 142.0 120.0 0.0
83.0 114.0 99.0 0.0
107.0 123.0 270.0 0.0
87.0 250.0 158.0 0.0
141.0 212.0 225.0 0.0
79.0 163.0 122.0 0.0
113.0 156.0 174.0 0.0
173.0 234.0 239.0 0.0
115.0 181.0 229.0 0.0
65.0 179.0 91.0 0.0
117.0 143.0 265.0 0.0
1.0 149.0 61.0 0.0
1.0 61.0 60.0 0.0
1.0 60.0 249.0 0.0
63.0 311.0 77.0 0.0
65.0 79.0 354.0 0.0
67.0 356.0 82.0 0.0
97.0 112.0 155.0 0.0
153.0 211.0 206.0 0.0
109.0 162.0 148.0 0.0
105.0 144.0 304.0 0.0
73.0 272.0 86.0 0.0
71.0 84.0 251.0 0.0
63.0 243.0 67.0 0.0
63.0 67.0 168.0 0.0
131.0 236.0 302.0 0.0
101.0 272.0 122.0 0.0
65.0 86.0 93.0 0.0
75.0 103.0 90.0 0.0
79.0 94.0 133.0 0.0
1.0 55.0 18.0 0.0
1.0 18.0 95.0 0.0
1.0 95.0 62.0 0.0
1.0 62.0 97.0 0.0
63.0 159.0 126.0 0.0
79.0 142.0 95.0 0.0
73.0 89.0 137.0 0.0
1.0 65.0 12.0 0.0
1.0 12.0 37.0 0.0
69.0 105.0 106.0 0.0
99.0 136.0 120.0 0.0
93.0 114.0 110.0 0.0
73.0 90.0 102.0 0.0
107.0 136.0 255.0 0.0
111.0 259.0 188.0 0.0
97.0 174.0 225.0 0.0
67.0 195.0 123.0 0.0
91.0 147.0 184.0 0.0
123.0 216.0 150.0 0.0
109.0 136.0 182.0 0.0
75.0 148.0 215.0 0.0
121.0 261.0 343.0 0.0
1.0 223.0 49.0 0.0
1.0 49.0 57.0 0.0
75.0 131.0 87.0 0.0
79.0 91.0 87.0 0.0
61.0 93.0 81.0 0.0
71.0 91.0 101.0 0.0
81.0 111.0 172.0 0.0
69.0 160.0 111.0 0.0
83.0 232.0 90.0 0.0
1.0 57.0 44.0 0.0
1.0 44.0 3.0 0.0
1.0 3.0 158.0 0.0
105.0 262.0 171.0 0.0
181.0 247.0 274.0 0.0
69.0 162.0 149.0 0.0
61.0 141.0 103.0 0.0
97.0 139.0 113.0 0.0
65.0 81.0 97.0 0.0
61.0 93.0 80.0 0.0
65.0 84.0 70.0 0.0
63.0 68.0 85.0 0.0
61.0 83.0 83.0 0.0
67.0 72.0 105.0 0.0
77.0 115.0 81.0 0.0
69.0 73.0 81.0 0.0
93.0 105.0 106.0 0.0
87.0 100.0 185.0 0.0
115.0 213.0 169.0 0.0
149.0 203.0 210.0 0.0
85.0 146.0 101.0 0.0
65.0 81.0 95.0 0.0
81.0 111.0 89.0 0.0
77.0 85.0 127.0 0.0
129.0 179.0 205.0 0.0
139.0 215.0 215.0 0.0
79.0 155.0 232.0 0.0
1.0 154.0 37.0 0.0
1.0 37.0 99.0 0.0
1.0 99.0 37.0 0.0
1.0 37.0 45.0 0.0
1.0 45.0 49.0 0.0
1.0 49.0 38.0 0.0
65.0 102.0 153.0 0.0
71.0 159.0 114.0 0.0
99.0 142.0 496.0 0.0
101.0 498.0 480.0 0.0
191.0 570.0 321.0 0.0
87.0 217.0 142.0 0.0
79.0 134.0 197.0 0.0
197.0 315.0 362.0 0.0
101.0 266.0 133.0 0.0
111.0 143.0 425.0 0.0
93.0 407.0 349.0 0.0
99.0 355.0 142.0 0.0
115.0 158.0 146.0 0.0
91.0 122.0 212.0 0.0
67.0 188.0 169.0 0.0
91.0 193.0 363.0 0.0
71.0 343.0 156.0 0.0
115.0 200.0 252.0 0.0
75.0 212.0 137.0 0.0
119.0 181.0 249.0 0.0
69.0 199.0 72.0 0.0
69.0 72.0 255.0 0.0
61.0 247.0 64.0 0.0
63.0 66.0 211.0 0.0
103.0 251.0 112.0 0.0
107.0 116.0 279.0 0.0
71.0 243.0 128.0 0.0
1.0 58.0 55.0 0.0
1.0 55.0 142.0 0.0
91.0 232.0 218.0 0.0
61.0 188.0 100.0 0.0
69.0 108.0 184.0 0.0
1.0 116.0 60.0 0.0
1.0 60.0 72.0 0.0
1.0 72.0 29.0 0.0
1.0 29.0 30.0 0.0
1.0 30.0 49.0 0.0
1.0 49.0 16.0 0.0
1.0 16.0 122.0 0.0
1.0 122.0 57.0 0.0
1.0 57.0 62.0 0.0
61.0 122.0 199.0 0.0
1.0 139.0 50.0 0.0
1.0 50.0 73.0 0.0
1.0 73.0 34.0 0.0
1.0 34.0 323.0 0.0
65.0 387.0 77.0 0.0
75.0 87.0 568.0 0.0
149.0 642.0 215.0 0.0
193.0 259.0 291.0 0.0
93.0 191.0 138.0 0.0
65.0 110.0 87.0 0.0
71.0 93.0 108.0 0.0
65.0 102.0 78.0 0.0
69.0 82.0 161.0 0.0
1.0 93.0 43.0 0.0
1.0 43.0 62.0 0.0
63.0 124.0 81.0 0.0
61.0 79.0 100.0 0.0
1.0 40.0 47.0 0.0
1.0 47.0 80.0 0.0
1.0 80.0 12.0 0.0
1.0 12.0 49.0 0.0
1.0 49.0 69.0 0.0
1.0 69.0 48.0 0.0
1.0 48.0 21.0 0.0
1.0 21.0 2.0 0.0
1.0 2.0 9.0 0.0
1.0 9.0 21.0 0.0
1.0 21.0 21.0 0.0
1.0 21.0 43.0 0.0
1.0 43.0 15.0 0.0
1.0 15.0 15.0 0.0
1.0 15.0 137.0 0.0
81.0 217.0 117.0 0.0
67.0 103.0 100.0 0.0
1.0 34.0 59.0 0.0
1.0 59.0 56.0 0.0
63.0 118.0 96.0 0.0
1.0 34.0 15.0 0.0
1.0 15.0 33.0 0.0
1.0 33.0 57.0 0.0
93.0 149.0 144.0 0.0
1.0 52.0 62.0 0.0
1.0 62.0 28.0 0.0
1.0 28.0 58.0 0.0
1.0 58.0 54.0 0.0
61.0 114.0 62.0 0.0
63.0 64.0 180.0 0.0
83.0 200.0 88.0 0.0
79.0 84.0 114.0 0.0
61.0 96.0 63.0 0.0
63.0 65.0 174.0 0.0
1.0 112.0 56.0 0.0
1.0 56.0 41.0 0.0
67.0 107.0 82.0 0.0
93.0 108.0 123.0 0.0
63.0 93.0 97.0 0.0
1.0 35.0 52.0 0.0
1.0 52.0 39.0 0.0
61.0 99.0 98.0 0.0
67.0 104.0 70.0 0.0
73.0 76.0 148.0 0.0
1.0 76.0 49.0 0.0
1.0 49.0 44.0 0.0
79.0 122.0 137.0 0.0
1.0 59.0 57.0 0.0
1.0 57.0 77.0 0.0
1.0 77.0 61.0 0.0
1.0 61.0 48.0 0.0
63.0 110.0 68.0 0.0
65.0 70.0 99.0 0.0
1.0 35.0 35.0 0.0
1.0 35.0 55.0 0.0
1.0 55.0 145.0 0.0
81.0 225.0 139.0 0.0
93.0 151.0 465.0 0.0
113.0 485.0 311.0 0.0
207.0 405.0 333.0 0.0
103.0 229.0 124.0 0.0
67.0 88.0 178.0 0.0
119.0 230.0 217.0 0.0
61.0 159.0 195.0 0.0
71.0 205.0 307.0 0.0
63.0 299.0 178.0 0.0
123.0 238.0 1264.0 0.0
83.0 1224.0 302.0 0.0
181.0 400.0 258.0 0.0
107.0 184.0 146.0 0.0
109.0 148.0 264.0 0.0
69.0 224.0 114.0 0.0
71.0 116.0 112.0 0.0
63.0 104.0 91.0 0.0
95.0 123.0 762.0 0.0
113.0 780.0 147.0 0.0
89.0 123.0 128.0 0.0
101.0 140.0 227.0 0.0
75.0 201.0 106.0 0.0
87.0 118.0 103.0 0.0
119.0 135.0 219.0 0.0
101.0 201.0 130.0 0.0
95.0 124.0 253.0 0.0
79.0 237.0 335.0 0.0
353.0 609.0 1409.0 0.0
155.0 1211.0 255.0 0.0
75.0 175.0 145.0 0.0
93.0 163.0 113.0 0.0
103.0 123.0 124.0 0.0
63.0 84.0 116.0 0.0
65.0 118.0 76.0 0.0
67.0 78.0 88.0 0.0
93.0 114.0 134.0 0.0
63.0 104.0 439.0 0.0
163.0 539.0 259.0 0.0
63.0 159.0 70.0 0.0
75.0 82.0 129.0 0.0
79.0 133.0 95.0 0.0
85.0 101.0 94.0 0.0
69.0 78.0 100.0 0.0
81.0 112.0 118.0 0.0
65.0 102.0 108.0 0.0
95.0 138.0 116.0 0.0
89.0 110.0 240.0 0.0
61.0 212.0 77.0 0.0
71.0 87.0 116.0 0.0
61.0 106.0 63.0 0.0
63.0 65.0 86.0 0.0
79.0 102.0 107.0 0.0
107.0 135.0 145.0 0.0
91.0 129.0 158.0 0.0
119.0 186.0 239.0 0.0
83.0 203.0 112.0 0.0
97.0 126.0 123.0 0.0
75.0 101.0 85.0 0.0
85.0 95.0 88.0 0.0
85.0 88.0 127.0 0.0
73.0 115.0 127.0 0.0
153.0 207.0 218.0 0.0
175.0 240.0 201.0 0.0
129.0 155.0 160.0 0.0
109.0 140.0 119.0 0.0
111.0 121.0 285.0 0.0
123.0 297.0 211.0 0.0
79.0 167.0 186.0 0.0
61.0 168.0 150.0 0.0
165.0 254.0 301.0 0.0
1.0 137.0 39.0 0.0
1.0 39.0 48.0 0.0
1.0 48.0 38.0 0.0
61.0 98.0 65.0 0.0
61.0 65.0 130.0 0.0
199.0 268.0 335.0 0.0
105.0 241.0 124.0 0.0
141.0 160.0 188.0 0.0
61.0 108.0 149.0 0.0
103.0 191.0 241.0 0.0
61.0 199.0 99.0 0.0
63.0 101.0 94.0 0.0
1.0 32.0 36.0 0.0
1.0 36.0 54.0 0.0
1.0 54.0 60.0 0.0
1.0 60.0 47.0 0.0
1.0 47.0 34.0 0.0
65.0 98.0 100.0 0.0
79.0 114.0 112.0 0.0
63.0 96.0 87.0 0.0
67.0 91.0 83.0 0.0
77.0 93.0 93.0 0.0
63.0 79.0 66.0 0.0
67.0 70.0 67.0 0.0
67.0 67.0 104.0 0.0
1.0 38.0 24.0 0.0
1.0 24.0 15.0 0.0
1.0 15.0 59.0 0.0
1.0 59.0 60.0 0.0
61.0 120.0 69.0 0.0
63.0 71.0 123.0 0.0
83.0 143.0 91.0 0.0
69.0 77.0 141.0 0.0
71.0 143.0 224.0 0.0
63.0 216.0 97.0 0.0
75.0 109.0 171.0 0.0
127.0 223.0 222.0 0.0
1.0 96.0 49.0 0.0
1.0 49.0 65.0 0.0
1.0 65.0 49.0 0.0
1.0 49.0 35.0 0.0
67.0 101.0 103.0 0.0
105.0 141.0 204.0 0.0
1.0 100.0 62.0 0.0
1.0 62.0 39.0 0.0
65.0 103.0 73.0 0.0
75.0 83.0 139.0 0.0
71.0 135.0 146.0 0.0
67.0 142.0 90.0 0.0
69.0 92.0 84.0 0.0
85.0 100.0 153.0 0.0
69.0 137.0 121.0 0.0
135.0 187.0 186.0 0.0
133.0 184.0 507.0 0.0
91.0 465.0 0.0 0.0
